Record_ID,Date,Region,Crop,Rainfall_mm,Yield_kg,Price_GHS,Temperature_C,Farmer_Count,Revenue
1,2021-01-01,Greater Accra,Maize,7.27,1139.48,1.86,32.7,149,2119.4328
2,2021-01-01,Greater Accra,Cocoa,4.88,0.0,13.02,24.0,493,0.0
3,2021-01-01,Ashanti,Maize,0.0,1467.28,1.92,26.9,320,2817.1776
4,2021-01-01,Ashanti,Cassava,10.39,10511.46,1.11,24.5,356,11667.7206
5,2021-01-01,Ashanti,Cocoa,0.0,230.6,10.06,30.8,477,2319.8360000000002
6,2021-01-01,Northern,Maize,3.58,0.0,2.03,30.6,51,0.0
7,2021-01-01,Northern,Cassava,0.0,0.0,1.05,28.0,319,0.0
8,2021-01-01,Northern,Cocoa,2.29,0.0,11.24,33.6,262,0.0
9,2021-01-01,Western,Maize,1.87,1579.39,1.93,32.0,114,3048.2227000000003
10,2021-01-01,Western,Cocoa,7.91,236.35,9.88,31.1,468,2335.138
11,2021-01-01,Eastern,Maize,0.0,0.0,2.34,27.3,97,0.0
12,2021-01-01,Eastern,Cassava,4.42,0.0,1.11,26.7,84,0.0
13,2021-01-01,Eastern,Cocoa,3.88,0.0,12.31,28.9,442,0.0
14,2021-01-02,Greater Accra,Maize,3.01,0.0,1.98,33.0,290,0.0
15,2021-01-02,Greater Accra,Cassava,2.19,0.0,1.18,26.3,209,0.0
16,2021-01-02,Greater Accra,Cocoa,4.96,0.0,11.68,27.0,183,0.0
17,2021-01-02,Ashanti,Maize,4.98,0.0,1.91,27.6,239,0.0
18,2021-01-02,Ashanti,Cocoa,3.47,0.0,12.69,24.1,460,0.0
19,2021-01-02,Northern,Maize,0.39,0.0,2.08,29.2,282,0.0
20,2021-01-02,Northern,Cassava,0.0,5406.8,1.15,31.1,150,6217.82
21,2021-01-02,Northern,Cocoa,0.42,185.83,12.89,26.4,179,2395.3487000000005
22,2021-01-02,Western,Maize,12.76,0.0,2.31,24.8,233,0.0
23,2021-01-02,Western,Cassava,12.95,0.0,1.09,24.9,146,0.0
24,2021-01-02,Western,Cocoa,1.89,0.0,12.68,27.3,469,0.0
25,2021-01-02,Eastern,Cassava,0.0,0.0,1.02,33.4,178,0.0
26,2021-01-02,Eastern,Cocoa,7.3,294.16,11.99,26.3,193,3526.9784000000004
27,2021-01-03,Greater Accra,Maize,0.0,1393.12,2.57,30.3,58,3580.3183999999997
28,2021-01-03,Greater Accra,Cassava,4.48,0.0,1.22,28.0,210,0.0
29,2021-01-03,Greater Accra,Cocoa,1.35,184.12,11.36,30.9,257,2091.6032
30,2021-01-03,Ashanti,Maize,0.0,1369.96,1.96,27.7,441,2685.1216
31,2021-01-03,Ashanti,Cassava,3.71,0.0,0.98,26.4,87,0.0
32,2021-01-03,Ashanti,Cocoa,5.11,0.0,10.88,27.5,146,0.0
33,2021-01-03,Northern,Maize,5.03,904.43,2.35,25.8,269,2125.4105
34,2021-01-03,Northern,Cassava,0.0,0.0,1.17,33.5,398,0.0
35,2021-01-03,Northern,Cocoa,3.65,0.0,10.38,25.7,330,0.0
36,2021-01-03,Western,Maize,5.59,0.0,1.87,26.1,480,0.0
37,2021-01-03,Western,Cassava,4.85,0.0,1.15,31.0,225,0.0
38,2021-01-03,Western,Cocoa,3.71,0.0,10.12,30.1,365,0.0
39,2021-01-03,Eastern,Maize,5.72,0.0,0.0,32.9,192,0.0
40,2021-01-03,Eastern,Cassava,4.16,0.0,0.88,28.7,112,0.0
41,2021-01-03,Eastern,Cocoa,5.47,244.96,11.31,27.3,313,2770.4976
42,2021-01-04,Greater Accra,Maize,3.0,0.0,1.88,24.5,421,0.0
43,2021-01-04,Greater Accra,Cassava,3.6,0.0,1.17,26.5,166,0.0
44,2021-01-04,Ashanti,Maize,5.15,2053.92,2.18,26.4,167,4477.5456
45,2021-01-04,Ashanti,Cassava,7.47,0.0,1.04,26.5,193,0.0
46,2021-01-04,Ashanti,Cocoa,6.11,0.0,9.42,24.9,143,0.0
47,2021-01-04,Northern,Maize,1.72,0.0,2.21,25.7,271,0.0
48,2021-01-04,Northern,Cassava,0.13,0.0,1.23,26.6,443,0.0
49,2021-01-04,Northern,Cocoa,4.43,171.93,11.76,24.3,433,2021.8968
50,2021-01-04,Western,Maize,12.34,0.0,2.29,25.3,494,0.0
51,2021-01-04,Western,Cassava,12.62,0.0,0.95,24.7,144,0.0
52,2021-01-04,Western,Cocoa,0.14,0.0,10.46,30.6,142,0.0
53,2021-01-04,Eastern,Maize,0.0,1397.55,2.34,32.8,469,3270.267
54,2021-01-04,Eastern,Cassava,10.29,0.0,1.04,29.7,276,0.0
55,2021-01-04,Eastern,Cocoa,7.13,0.0,12.99,32.6,418,0.0
56,2021-01-05,Greater Accra,Maize,2.37,1136.35,2.26,29.0,266,2568.1509999999994
57,2021-01-05,Greater Accra,Cassava,5.99,0.0,1.1,30.3,422,0.0
58,2021-01-05,Ashanti,Maize,4.93,2069.52,2.47,25.1,230,5111.714400000001
59,2021-01-05,Ashanti,Cassava,0.0,0.0,1.01,25.2,125,0.0
60,2021-01-05,Ashanti,Cocoa,0.0,0.0,12.59,28.3,217,0.0
61,2021-01-05,Northern,Cassava,7.98,0.0,1.27,31.5,119,0.0
62,2021-01-05,Northern,Cocoa,1.65,0.0,12.03,26.5,68,0.0
63,2021-01-05,Western,Cassava,0.0,6645.7,1.13,31.5,397,7509.640999999999
64,2021-01-05,Western,Cocoa,4.35,382.08,9.98,33.6,93,3813.1584
65,2021-01-05,Eastern,Maize,3.65,0.0,2.59,26.5,196,0.0
66,2021-01-05,Eastern,Cassava,3.87,0.0,1.15,28.5,422,0.0
67,2021-01-05,Eastern,Cocoa,4.17,0.0,9.28,27.9,457,0.0
68,2021-01-06,Greater Accra,Maize,2.18,1191.79,2.11,29.8,269,2514.6769
69,2021-01-06,Greater Accra,Cassava,0.0,6390.39,1.11,26.7,446,7093.332900000001
70,2021-01-06,Greater Accra,Cocoa,4.46,0.0,12.12,30.1,499,0.0
71,2021-01-06,Ashanti,Cassava,4.37,0.0,1.06,33.9,316,0.0
72,2021-01-06,Ashanti,Cocoa,0.15,0.0,12.61,32.4,147,0.0
73,2021-01-06,Western,Cassava,7.37,0.0,1.16,31.6,132,0.0
74,2021-01-06,Western,Cocoa,5.99,410.23,11.61,26.3,418,4762.7703
75,2021-01-06,Eastern,Maize,0.0,0.0,2.07,32.2,285,0.0
76,2021-01-06,Eastern,Cassava,6.21,0.0,0.92,24.3,256,0.0
77,2021-01-06,Eastern,Cocoa,5.72,0.0,11.74,29.5,484,0.0
78,2021-01-07,Greater Accra,Maize,2.1,0.0,2.47,28.0,296,0.0
79,2021-01-07,Greater Accra,Cassava,3.32,0.0,1.18,24.7,118,0.0
80,2021-01-07,Greater Accra,Cocoa,7.02,0.0,11.72,26.4,420,0.0
81,2021-01-07,Ashanti,Maize,0.0,0.0,1.96,31.0,330,0.0
82,2021-01-07,Ashanti,Cassava,9.05,0.0,0.94,25.9,452,0.0
83,2021-01-07,Ashanti,Cocoa,2.61,0.0,11.3,27.6,95,0.0
84,2021-01-07,Northern,Maize,2.99,0.0,1.84,32.0,170,0.0
85,2021-01-07,Northern,Cassava,2.14,8205.46,0.9,30.0,229,7384.914
86,2021-01-07,Northern,Cocoa,0.0,0.0,11.66,27.7,265,0.0
87,2021-01-07,Western,Maize,3.35,0.0,1.83,32.7,343,0.0
88,2021-01-07,Western,Cassava,4.32,8865.4,0.88,27.2,280,7801.552
89,2021-01-07,Eastern,Maize,0.82,0.0,2.36,28.8,277,0.0
90,2021-01-07,Eastern,Cassava,0.0,0.0,1.04,25.3,474,0.0
91,2021-01-07,Eastern,Cocoa,2.95,0.0,10.44,33.3,486,0.0
92,2021-01-08,Greater Accra,Cassava,3.16,5920.07,0.98,25.7,360,5801.6686
93,2021-01-08,Greater Accra,Cocoa,2.68,304.86,11.12,31.2,111,3390.0432
94,2021-01-08,Ashanti,Maize,5.78,0.0,2.04,31.7,375,0.0
95,2021-01-08,Ashanti,Cassava,8.75,0.0,1.16,31.7,87,0.0
96,2021-01-08,Ashanti,Cocoa,0.0,0.0,11.29,24.5,227,0.0
97,2021-01-08,Northern,Maize,0.0,0.0,1.88,25.4,378,0.0
98,2021-01-08,Northern,Cassava,4.5,0.0,1.04,27.5,354,0.0
99,2021-01-08,Northern,Cocoa,6.83,0.0,9.9,27.8,50,0.0
100,2021-01-08,Western,Maize,6.46,0.0,1.93,32.0,319,0.0
101,2021-01-08,Western,Cassava,8.18,0.0,1.24,27.2,91,0.0
102,2021-01-08,Western,Cocoa,7.76,0.0,10.63,28.6,471,0.0
103,2021-01-08,Eastern,Maize,0.0,0.0,2.26,24.7,153,0.0
104,2021-01-08,Eastern,Cassava,3.93,0.0,1.12,27.3,497,0.0
105,2021-01-08,Eastern,Cocoa,12.15,0.0,13.27,31.5,460,0.0
106,2021-01-09,Greater Accra,Maize,0.09,0.0,2.45,32.8,402,0.0
107,2021-01-09,Greater Accra,Cocoa,8.89,0.0,11.33,28.9,373,0.0
108,2021-01-09,Ashanti,Maize,4.11,0.0,2.4,29.4,348,0.0
109,2021-01-09,Ashanti,Cassava,7.6,9388.49,0.98,30.1,267,9200.7202
110,2021-01-09,Ashanti,Cocoa,5.84,0.0,9.11,32.7,405,0.0
111,2021-01-09,Northern,Maize,3.25,890.99,1.89,32.4,316,1683.9711
112,2021-01-09,Northern,Cassava,4.63,0.0,1.21,25.2,362,0.0
113,2021-01-09,Northern,Cocoa,3.61,0.0,12.19,26.1,362,0.0
114,2021-01-09,Western,Cassava,0.7,0.0,1.24,27.5,259,0.0
115,2021-01-09,Western,Cocoa,9.69,0.0,10.09,29.8,229,0.0
116,2021-01-09,Eastern,Maize,7.57,0.0,2.3,30.3,205,0.0
117,2021-01-09,Eastern,Cassava,4.01,0.0,1.22,29.4,409,0.0
118,2021-01-09,Eastern,Cocoa,6.05,322.77,9.92,33.0,81,3201.8783999999996
119,2021-01-10,Greater Accra,Maize,6.76,0.0,2.06,31.1,243,0.0
120,2021-01-10,Greater Accra,Cassava,1.51,0.0,1.18,25.0,313,0.0
121,2021-01-10,Greater Accra,Cocoa,1.08,0.0,10.77,24.3,337,0.0
122,2021-01-10,Ashanti,Maize,3.99,1319.52,2.0,30.7,377,2639.04
123,2021-01-10,Ashanti,Cocoa,0.0,232.62,12.1,32.6,449,2814.7019999999998
124,2021-01-10,Northern,Maize,6.41,1157.61,2.57,24.1,312,2975.0576999999994
125,2021-01-10,Northern,Cassava,9.53,0.0,1.12,27.4,435,0.0
126,2021-01-10,Northern,Cocoa,3.09,0.0,10.5,31.7,442,0.0
127,2021-01-10,Western,Maize,6.45,0.0,2.17,24.2,63,0.0
128,2021-01-10,Western,Cassava,8.29,0.0,0.96,30.5,53,0.0
129,2021-01-10,Eastern,Maize,8.38,0.0,2.5,29.0,83,0.0
130,2021-01-10,Eastern,Cassava,6.83,0.0,0.95,24.1,76,0.0
131,2021-01-10,Eastern,Cocoa,11.85,0.0,9.78,33.1,459,0.0
132,2021-01-11,Greater Accra,Maize,9.03,0.0,2.11,33.6,242,0.0
133,2021-01-11,Greater Accra,Cocoa,0.0,0.0,12.09,27.0,276,0.0
134,2021-01-11,Ashanti,Maize,1.41,0.0,1.92,28.8,299,0.0
135,2021-01-11,Ashanti,Cocoa,5.7,0.0,10.45,31.7,122,0.0
136,2021-01-11,Northern,Cassava,1.19,0.0,1.04,26.5,180,0.0
137,2021-01-11,Western,Cassava,0.0,0.0,1.26,31.9,106,0.0
138,2021-01-11,Western,Cocoa,0.24,0.0,12.74,31.3,198,0.0
139,2021-01-11,Eastern,Maize,5.91,0.0,2.36,30.9,414,0.0
140,2021-01-11,Eastern,Cassava,0.39,0.0,1.27,29.6,135,0.0
141,2021-01-11,Eastern,Cocoa,0.0,0.0,13.16,33.4,131,0.0
142,2021-01-12,Greater Accra,Maize,3.47,0.0,2.25,30.4,63,0.0
143,2021-01-12,Greater Accra,Cassava,0.0,0.0,0.89,27.2,53,0.0
144,2021-01-12,Greater Accra,Cocoa,5.62,0.0,12.8,30.2,431,0.0
145,2021-01-12,Ashanti,Maize,3.12,0.0,1.87,24.1,78,0.0
146,2021-01-12,Ashanti,Cassava,0.3,0.0,1.12,32.7,288,0.0
147,2021-01-12,Ashanti,Cocoa,1.74,0.0,9.05,28.7,425,0.0
148,2021-01-12,Northern,Maize,0.0,770.58,1.82,33.9,122,1402.4556000000002
149,2021-01-12,Northern,Cocoa,2.49,0.0,12.79,30.0,111,0.0
150,2021-01-12,Western,Maize,0.0,0.0,2.0,33.4,112,0.0
151,2021-01-12,Western,Cassava,8.72,0.0,1.2,32.0,103,0.0
152,2021-01-12,Western,Cocoa,10.29,0.0,13.26,25.7,468,0.0
153,2021-01-12,Eastern,Maize,6.6,1304.52,2.26,29.9,447,2948.2151999999996
154,2021-01-12,Eastern,Cassava,2.53,0.0,0.98,28.8,244,0.0
155,2021-01-12,Eastern,Cocoa,8.53,0.0,9.4,28.1,87,0.0
156,2021-01-13,Greater Accra,Maize,7.3,0.0,1.88,26.2,333,0.0
157,2021-01-13,Greater Accra,Cocoa,10.35,0.0,10.51,30.8,396,0.0
158,2021-01-13,Ashanti,Maize,5.45,0.0,2.54,26.5,108,0.0
159,2021-01-13,Ashanti,Cassava,8.31,0.0,1.12,31.5,56,0.0
160,2021-01-13,Ashanti,Cocoa,11.8,0.0,12.77,24.1,209,0.0
161,2021-01-13,Northern,Maize,5.86,0.0,2.24,24.1,273,0.0
162,2021-01-13,Northern,Cocoa,2.4,206.37,9.07,32.2,375,1871.7759
163,2021-01-13,Western,Maize,3.78,0.0,1.96,31.5,327,0.0
164,2021-01-13,Western,Cassava,7.55,9047.6,1.16,24.7,443,10495.216
165,2021-01-13,Western,Cocoa,6.76,0.0,10.66,24.7,82,0.0
166,2021-01-13,Eastern,Maize,1.69,0.0,2.39,28.5,479,0.0
167,2021-01-13,Eastern,Cassava,11.45,11650.52,1.18,26.3,76,13747.6136
168,2021-01-13,Eastern,Cocoa,8.03,331.04,12.9,32.6,133,4270.416
169,2021-01-14,Greater Accra,Maize,1.4,0.0,2.0,26.1,369,0.0
170,2021-01-14,Greater Accra,Cassava,4.73,0.0,1.06,29.4,109,0.0
171,2021-01-14,Greater Accra,Cocoa,6.99,0.0,12.27,30.3,497,0.0
172,2021-01-14,Ashanti,Maize,0.0,0.0,1.96,28.6,271,0.0
173,2021-01-14,Northern,Maize,2.63,1226.37,2.03,32.0,444,2489.5310999999997
174,2021-01-14,Northern,Cassava,0.0,0.0,1.14,28.0,144,0.0
175,2021-01-14,Northern,Cocoa,4.98,0.0,9.65,25.0,95,0.0
176,2021-01-14,Western,Cassava,8.83,0.0,1.1,24.1,402,0.0
177,2021-01-14,Western,Cocoa,0.25,271.07,9.6,29.7,223,2602.272
178,2021-01-14,Eastern,Maize,6.31,1708.5,2.62,25.2,172,4476.27
179,2021-01-14,Eastern,Cocoa,5.85,0.0,12.07,32.0,367,0.0
180,2021-01-15,Greater Accra,Maize,3.79,0.0,2.28,30.0,71,0.0
181,2021-01-15,Greater Accra,Cassava,8.81,6079.39,0.97,25.6,350,5897.0083
182,2021-01-15,Greater Accra,Cocoa,2.44,0.0,12.19,32.7,358,0.0
183,2021-01-15,Ashanti,Maize,9.97,2460.59,2.63,30.5,251,6471.3517
184,2021-01-15,Ashanti,Cassava,3.43,0.0,0.95,32.4,354,0.0
185,2021-01-15,Ashanti,Cocoa,5.53,0.0,10.61,33.9,201,0.0
186,2021-01-15,Northern,Maize,8.01,0.0,1.83,28.0,277,0.0
187,2021-01-15,Northern,Cassava,0.87,0.0,1.24,26.1,286,0.0
188,2021-01-15,Northern,Cocoa,3.63,265.93,10.75,30.0,347,2858.7475
189,2021-01-15,Western,Maize,0.0,0.0,2.02,32.7,160,0.0
190,2021-01-15,Western,Cassava,6.08,0.0,0.91,30.5,394,0.0
191,2021-01-15,Western,Cocoa,0.0,0.0,9.59,33.7,352,0.0
192,2021-01-15,Eastern,Maize,10.55,0.0,2.09,28.5,381,0.0
193,2021-01-15,Eastern,Cassava,5.39,0.0,0.94,25.7,170,0.0
194,2021-01-15,Eastern,Cocoa,0.0,0.0,12.35,31.1,361,0.0
195,2021-01-16,Greater Accra,Maize,4.09,954.34,2.26,33.4,334,2156.8084
196,2021-01-16,Greater Accra,Cassava,0.67,5169.89,0.91,29.8,61,4704.5999
197,2021-01-16,Ashanti,Maize,12.01,0.0,2.24,28.9,477,0.0
198,2021-01-16,Ashanti,Cassava,2.25,6854.85,1.25,31.3,57,8568.5625
199,2021-01-16,Ashanti,Cocoa,0.0,0.0,9.78,30.9,360,0.0
200,2021-01-16,Northern,Maize,8.14,1177.66,2.51,32.6,418,2955.9266
201,2021-01-16,Northern,Cocoa,1.18,0.0,10.71,30.5,139,0.0
202,2021-01-16,Western,Maize,3.92,0.0,2.08,32.7,138,0.0
203,2021-01-16,Western,Cassava,14.23,0.0,1.03,27.3,151,0.0
204,2021-01-16,Western,Cocoa,12.18,0.0,10.38,32.7,178,0.0
205,2021-01-16,Eastern,Cassava,0.0,0.0,1.15,27.9,466,0.0
206,2021-01-16,Eastern,Cocoa,0.0,185.98,11.6,30.7,379,2157.368
207,2021-01-17,Greater Accra,Maize,4.67,0.0,2.58,32.1,202,0.0
208,2021-01-17,Greater Accra,Cassava,2.41,0.0,1.08,30.1,481,0.0
209,2021-01-17,Greater Accra,Cocoa,4.72,0.0,10.86,33.0,166,0.0
210,2021-01-17,Ashanti,Maize,7.8,0.0,1.86,33.3,324,0.0
211,2021-01-17,Ashanti,Cocoa,0.0,0.0,11.32,27.1,469,0.0
212,2021-01-17,Northern,Maize,0.0,0.0,2.51,29.2,312,0.0
213,2021-01-17,Northern,Cassava,6.7,7759.02,0.97,33.6,423,7526.249400000001
214,2021-01-17,Northern,Cocoa,4.19,248.97,13.07,30.0,167,3254.0379000000003
215,2021-01-17,Western,Maize,8.86,1761.22,2.58,31.7,98,4543.9476
216,2021-01-17,Western,Cassava,12.85,13647.15,1.04,30.7,195,14193.036
217,2021-01-17,Western,Cocoa,0.0,351.2,11.04,29.4,199,3877.2479999999996
218,2021-01-17,Eastern,Cassava,4.11,0.0,0.96,27.9,490,0.0
219,2021-01-17,Eastern,Cocoa,9.15,0.0,10.85,31.2,290,0.0
220,2021-01-18,Greater Accra,Cassava,2.27,0.0,1.0,33.1,158,0.0
221,2021-01-18,Ashanti,Cassava,0.0,0.0,0.9,29.2,179,0.0
222,2021-01-18,Ashanti,Cocoa,0.0,0.0,10.18,29.9,116,0.0
223,2021-01-18,Northern,Maize,5.76,0.0,2.37,29.6,403,0.0
224,2021-01-18,Northern,Cassava,0.0,0.0,0.9,33.6,336,0.0
225,2021-01-18,Northern,Cocoa,0.0,0.0,9.04,27.0,185,0.0
226,2021-01-18,Western,Maize,5.66,1641.34,1.94,33.9,409,3184.1996
227,2021-01-18,Western,Cassava,0.98,10365.61,1.22,30.1,87,12646.0442
228,2021-01-18,Western,Cocoa,1.58,248.16,10.48,27.8,307,2600.7168
229,2021-01-18,Eastern,Maize,1.89,0.0,2.32,29.2,468,0.0
230,2021-01-18,Eastern,Cassava,0.0,0.0,1.03,29.0,98,0.0
231,2021-01-19,Greater Accra,Maize,3.84,0.0,1.88,28.0,115,0.0
232,2021-01-19,Greater Accra,Cassava,3.05,0.0,1.1,33.3,499,0.0
233,2021-01-19,Ashanti,Maize,16.25,0.0,1.95,29.0,474,0.0
234,2021-01-19,Ashanti,Cassava,5.5,9276.57,1.07,26.3,222,9925.929900000001
235,2021-01-19,Ashanti,Cocoa,3.86,0.0,10.9,25.1,439,0.0
236,2021-01-19,Northern,Cocoa,0.4,0.0,11.43,25.9,394,0.0
237,2021-01-19,Western,Cassava,0.0,7606.95,0.91,30.9,301,6922.3245
238,2021-01-19,Western,Cocoa,6.37,272.54,9.97,25.7,469,2717.2238
239,2021-01-19,Eastern,Maize,0.0,0.0,2.16,32.3,278,0.0
240,2021-01-19,Eastern,Cassava,7.04,6895.84,1.04,31.9,198,7171.6736
241,2021-01-19,Eastern,Cocoa,0.0,211.18,13.18,32.0,222,2783.3524
242,2021-01-20,Greater Accra,Cassava,2.04,0.0,1.07,26.7,166,0.0
243,2021-01-20,Greater Accra,Cocoa,4.34,0.0,10.63,27.9,471,0.0
244,2021-01-20,Ashanti,Maize,6.59,1309.09,2.37,33.4,179,3102.5433
245,2021-01-20,Ashanti,Cassava,2.18,0.0,1.14,33.0,249,0.0
246,2021-01-20,Ashanti,Cocoa,11.3,0.0,12.78,25.1,477,0.0
247,2021-01-20,Northern,Maize,3.26,844.54,2.62,31.4,363,2212.6948
248,2021-01-20,Northern,Cassava,6.9,0.0,1.25,31.8,100,0.0
249,2021-01-20,Northern,Cocoa,4.19,164.28,9.38,33.7,272,1540.9464
250,2021-01-20,Western,Maize,4.89,0.0,2.37,24.1,341,0.0
251,2021-01-20,Western,Cassava,10.66,14035.92,1.19,26.9,307,16702.7448
252,2021-01-20,Western,Cocoa,13.48,0.0,12.48,30.6,60,0.0
253,2021-01-20,Eastern,Cocoa,3.34,0.0,9.73,26.7,262,0.0
254,2021-01-21,Greater Accra,Maize,0.0,1457.38,2.38,27.2,88,3468.5644
255,2021-01-21,Greater Accra,Cassava,7.66,0.0,1.21,31.3,184,0.0
256,2021-01-21,Greater Accra,Cocoa,0.0,0.0,12.23,26.7,397,0.0
257,2021-01-21,Ashanti,Cassava,3.7,9055.97,1.21,31.3,220,10957.723699999999
258,2021-01-21,Ashanti,Cocoa,8.87,0.0,9.48,25.5,79,0.0
259,2021-01-21,Northern,Maize,2.21,0.0,1.81,26.5,310,0.0
260,2021-01-21,Northern,Cassava,3.21,8465.27,1.14,27.1,454,9650.407799999999
261,2021-01-21,Northern,Cocoa,2.4,0.0,11.39,24.1,139,0.0
262,2021-01-21,Western,Maize,6.66,2071.33,2.45,30.8,449,5074.7585
263,2021-01-21,Western,Cocoa,15.7,0.0,11.55,27.9,359,0.0
264,2021-01-21,Eastern,Maize,0.0,0.0,2.11,31.9,69,0.0
265,2021-01-21,Eastern,Cassava,12.37,8228.76,1.15,24.5,73,9463.073999999999
266,2021-01-21,Eastern,Cocoa,6.68,339.25,11.15,24.8,455,3782.6375000000003
267,2021-01-22,Greater Accra,Maize,4.42,0.0,1.91,31.4,195,0.0
268,2021-01-22,Greater Accra,Cassava,4.27,0.0,1.18,31.3,167,0.0
269,2021-01-22,Greater Accra,Cocoa,6.02,238.83,12.6,27.8,186,3009.2580000000003
270,2021-01-22,Ashanti,Maize,3.69,0.0,2.64,25.7,156,0.0
271,2021-01-22,Ashanti,Cocoa,0.0,0.0,10.13,28.3,118,0.0
272,2021-01-22,Northern,Maize,1.7,0.0,2.2,28.8,119,0.0
273,2021-01-22,Northern,Cassava,0.0,0.0,1.06,24.1,457,0.0
274,2021-01-22,Western,Maize,0.14,1797.58,2.02,26.7,231,3631.1115999999997
275,2021-01-22,Western,Cassava,7.98,0.0,0.89,30.2,412,0.0
276,2021-01-22,Eastern,Maize,1.84,0.0,2.57,24.2,297,0.0
277,2021-01-22,Eastern,Cassava,0.25,0.0,1.19,30.2,214,0.0
278,2021-01-22,Eastern,Cocoa,4.83,0.0,9.87,29.7,452,0.0
279,2021-01-23,Greater Accra,Maize,2.83,0.0,2.27,33.8,110,0.0
280,2021-01-23,Greater Accra,Cassava,3.56,8275.86,1.09,24.8,247,9020.6874
281,2021-01-23,Greater Accra,Cocoa,3.61,183.18,12.69,28.6,216,2324.5542
282,2021-01-23,Ashanti,Maize,0.0,0.0,2.49,28.6,241,0.0
283,2021-01-23,Ashanti,Cassava,7.3,0.0,1.18,31.5,192,0.0
284,2021-01-23,Ashanti,Cocoa,7.34,0.0,12.73,26.4,217,0.0
285,2021-01-23,Northern,Maize,7.59,0.0,2.23,25.1,485,0.0
286,2021-01-23,Northern,Cassava,2.31,6509.63,0.95,25.9,57,6184.1485
287,2021-01-23,Northern,Cocoa,10.69,0.0,10.71,33.2,153,0.0
288,2021-01-23,Western,Maize,8.61,0.0,1.95,30.1,414,0.0
289,2021-01-23,Western,Cassava,1.68,0.0,1.13,25.5,309,0.0
290,2021-01-23,Western,Cocoa,0.0,0.0,9.53,31.4,424,0.0
291,2021-01-23,Eastern,Maize,0.15,0.0,2.17,25.6,332,0.0
292,2021-01-23,Eastern,Cassava,2.03,9413.82,0.95,27.8,276,8943.128999999999
293,2021-01-23,Eastern,Cocoa,7.37,0.0,10.37,28.7,480,0.0
294,2021-01-24,Greater Accra,Maize,5.71,1631.6,2.55,29.3,326,4160.58
295,2021-01-24,Ashanti,Maize,4.78,1735.86,2.18,29.8,322,3784.1748000000002
296,2021-01-24,Ashanti,Cassava,5.79,0.0,1.13,25.3,321,0.0
297,2021-01-24,Northern,Maize,0.0,0.0,2.65,24.7,177,0.0
298,2021-01-24,Northern,Cassava,5.95,0.0,0.99,26.1,276,0.0
299,2021-01-24,Northern,Cocoa,3.64,270.28,9.28,33.0,164,2508.1983999999998
300,2021-01-24,Western,Maize,8.71,0.0,1.9,28.5,87,0.0
301,2021-01-24,Western,Cassava,3.86,0.0,1.06,24.2,473,0.0
302,2021-01-24,Western,Cocoa,7.98,405.81,10.27,33.1,475,4167.6687
303,2021-01-24,Eastern,Maize,6.83,0.0,2.34,29.3,324,0.0
304,2021-01-24,Eastern,Cassava,1.36,0.0,1.09,25.0,335,0.0
305,2021-01-25,Greater Accra,Maize,3.83,0.0,1.86,32.8,51,0.0
306,2021-01-25,Greater Accra,Cassava,0.66,0.0,0.94,24.8,111,0.0
307,2021-01-25,Greater Accra,Cocoa,0.4,271.95,11.58,25.1,250,3149.181
308,2021-01-25,Ashanti,Maize,9.91,0.0,2.55,29.7,350,0.0
309,2021-01-25,Ashanti,Cassava,0.56,7568.28,0.93,25.7,70,7038.5004
310,2021-01-25,Ashanti,Cocoa,8.31,0.0,10.04,29.1,77,0.0
311,2021-01-25,Northern,Maize,4.41,0.0,2.03,28.1,263,0.0
312,2021-01-25,Northern,Cassava,0.0,0.0,0.89,25.4,429,0.0
313,2021-01-25,Northern,Cocoa,9.77,0.0,10.93,28.7,226,0.0
314,2021-01-25,Western,Maize,0.0,1195.2,1.84,25.1,139,2199.168
315,2021-01-25,Western,Cassava,3.79,8192.47,1.2,26.8,66,9830.963999999998
316,2021-01-25,Eastern,Maize,0.03,0.0,2.23,31.0,196,0.0
317,2021-01-25,Eastern,Cassava,6.33,0.0,1.23,30.7,158,0.0
318,2021-01-25,Eastern,Cocoa,0.0,0.0,13.09,32.2,57,0.0
319,2021-01-26,Greater Accra,Maize,2.44,1503.67,2.02,30.7,210,3037.4134000000004
320,2021-01-26,Greater Accra,Cassava,3.67,7019.48,1.17,24.7,427,8212.791599999999
321,2021-01-26,Greater Accra,Cocoa,9.55,0.0,12.81,30.0,447,0.0
322,2021-01-26,Ashanti,Maize,5.57,0.0,2.55,31.2,204,0.0
323,2021-01-26,Ashanti,Cassava,6.76,0.0,1.05,24.8,406,0.0
324,2021-01-26,Northern,Maize,4.95,0.0,2.36,32.5,487,0.0
325,2021-01-26,Northern,Cassava,2.83,0.0,1.11,26.3,337,0.0
326,2021-01-26,Northern,Cocoa,3.07,0.0,10.86,27.2,97,0.0
327,2021-01-26,Western,Cassava,2.06,0.0,0.93,30.5,470,0.0
328,2021-01-26,Western,Cocoa,0.0,205.64,11.78,30.4,476,2422.4392
329,2021-01-26,Eastern,Maize,3.74,0.0,2.26,32.4,489,0.0
330,2021-01-26,Eastern,Cassava,4.26,0.0,0.92,28.9,425,0.0
331,2021-01-26,Eastern,Cocoa,0.0,0.0,9.66,28.9,475,0.0
332,2021-01-27,Greater Accra,Maize,0.0,0.0,2.07,32.9,245,0.0
333,2021-01-27,Greater Accra,Cassava,3.66,5300.24,1.26,31.7,118,6678.3024
334,2021-01-27,Greater Accra,Cocoa,0.77,0.0,12.27,32.3,484,0.0
335,2021-01-27,Ashanti,Maize,5.36,0.0,2.38,26.4,188,0.0
336,2021-01-27,Ashanti,Cassava,5.0,0.0,0.92,28.4,160,0.0
337,2021-01-27,Ashanti,Cocoa,4.12,0.0,10.42,31.9,324,0.0
338,2021-01-27,Northern,Maize,5.09,1249.68,2.27,26.3,113,2836.7736
339,2021-01-27,Northern,Cassava,2.05,7695.64,1.09,24.6,233,8388.2476
340,2021-01-27,Northern,Cocoa,0.0,0.0,9.66,28.6,353,0.0
341,2021-01-27,Western,Cassava,5.65,0.0,1.1,28.4,460,0.0
342,2021-01-27,Western,Cocoa,0.13,0.0,12.71,33.8,131,0.0
343,2021-01-27,Eastern,Maize,8.66,0.0,2.65,24.6,478,0.0
344,2021-01-27,Eastern,Cassava,7.92,0.0,0.89,32.8,492,0.0
345,2021-01-28,Greater Accra,Maize,3.89,0.0,1.83,32.7,443,0.0
346,2021-01-28,Greater Accra,Cocoa,4.38,0.0,10.22,26.1,106,0.0
347,2021-01-28,Ashanti,Maize,9.14,0.0,1.86,24.1,185,0.0
348,2021-01-28,Ashanti,Cassava,5.25,0.0,1.21,30.1,153,0.0
349,2021-01-28,Ashanti,Cocoa,9.83,291.44,11.37,30.3,222,3313.6728
350,2021-01-28,Northern,Maize,0.0,1297.7,2.39,25.1,211,3101.503
351,2021-01-28,Northern,Cassava,0.0,5537.34,1.19,33.3,431,6589.4346
352,2021-01-28,Northern,Cocoa,0.0,0.0,12.61,29.5,207,0.0
353,2021-01-28,Western,Maize,11.32,2535.95,2.23,28.5,59,5655.1685
354,2021-01-28,Western,Cassava,2.73,0.0,1.08,28.6,415,0.0
355,2021-01-28,Western,Cocoa,12.83,422.14,10.18,29.0,339,4297.3852
356,2021-01-28,Eastern,Cassava,8.71,0.0,1.0,24.0,398,0.0
357,2021-01-29,Greater Accra,Maize,1.38,1084.88,2.04,32.4,477,2213.1552
358,2021-01-29,Greater Accra,Cassava,8.46,0.0,1.04,27.8,105,0.0
359,2021-01-29,Greater Accra,Cocoa,0.3,0.0,11.72,31.0,443,0.0
360,2021-01-29,Ashanti,Cassava,14.35,9755.15,0.92,30.8,330,8974.738
361,2021-01-29,Ashanti,Cocoa,2.86,266.51,13.1,29.0,90,3491.281
362,2021-01-29,Northern,Maize,4.32,0.0,2.46,24.0,62,0.0
363,2021-01-29,Northern,Cassava,4.07,0.0,1.06,32.8,149,0.0
364,2021-01-29,Northern,Cocoa,5.34,184.15,11.8,31.4,77,2172.9700000000003
365,2021-01-29,Western,Maize,0.0,0.0,1.88,24.4,62,0.0
366,2021-01-29,Eastern,Maize,8.03,0.0,1.82,27.8,329,0.0
367,2021-01-29,Eastern,Cassava,3.1,0.0,0.98,31.2,458,0.0
368,2021-01-29,Eastern,Cocoa,7.74,0.0,10.36,31.7,224,0.0
369,2021-01-30,Greater Accra,Maize,1.43,1102.66,2.12,25.8,440,2337.6392
370,2021-01-30,Greater Accra,Cocoa,7.62,0.0,10.51,27.7,65,0.0
371,2021-01-30,Ashanti,Maize,9.45,0.0,2.27,32.3,266,0.0
372,2021-01-30,Ashanti,Cassava,2.38,10844.65,1.16,33.4,275,12579.793999999998
373,2021-01-30,Ashanti,Cocoa,5.09,0.0,13.04,31.9,145,0.0
374,2021-01-30,Northern,Maize,4.0,0.0,2.47,26.0,139,0.0
375,2021-01-30,Northern,Cassava,4.75,0.0,0.93,32.1,409,0.0
376,2021-01-30,Northern,Cocoa,2.72,0.0,12.47,33.5,151,0.0
377,2021-01-30,Western,Maize,6.63,1418.98,1.81,30.3,297,2568.3538000000003
378,2021-01-30,Western,Cocoa,8.22,335.52,11.92,24.8,343,3999.3983999999996
379,2021-01-30,Eastern,Maize,2.16,0.0,2.28,32.6,57,0.0
380,2021-01-30,Eastern,Cassava,0.97,0.0,1.27,31.9,60,0.0
381,2021-01-30,Eastern,Cocoa,0.0,0.0,10.76,33.5,495,0.0
382,2021-01-31,Greater Accra,Maize,0.0,0.0,2.31,24.7,423,0.0
383,2021-01-31,Ashanti,Maize,11.11,0.0,2.62,33.7,57,0.0
384,2021-01-31,Ashanti,Cassava,1.59,0.0,0.97,30.4,88,0.0
385,2021-01-31,Ashanti,Cocoa,10.9,0.0,12.58,31.8,205,0.0
386,2021-01-31,Northern,Maize,5.31,1140.43,2.53,31.3,140,2885.2879
387,2021-01-31,Northern,Cassava,4.22,8757.37,0.93,33.9,83,8144.354100000001
388,2021-01-31,Northern,Cocoa,0.0,0.0,10.61,27.9,166,0.0
389,2021-01-31,Western,Cocoa,7.04,0.0,12.63,33.0,203,0.0
390,2021-01-31,Eastern,Maize,0.0,0.0,1.99,24.4,427,0.0
391,2021-01-31,Eastern,Cassava,0.0,0.0,1.16,29.6,198,0.0
392,2021-01-31,Eastern,Cocoa,8.2,265.84,12.83,33.5,89,3410.7272
393,2021-02-01,Greater Accra,Maize,0.02,0.0,2.31,24.3,373,0.0
394,2021-02-01,Greater Accra,Cassava,5.57,0.0,0.91,32.3,496,0.0
395,2021-02-01,Greater Accra,Cocoa,5.92,308.87,11.32,26.8,328,3496.4084000000003
396,2021-02-01,Ashanti,Maize,7.34,0.0,2.26,29.9,237,0.0
397,2021-02-01,Ashanti,Cassava,0.0,5782.3,1.16,33.7,87,6707.468
398,2021-02-01,Ashanti,Cocoa,2.89,0.0,12.26,30.1,79,0.0
399,2021-02-01,Northern,Maize,3.17,0.0,2.57,32.1,88,0.0
400,2021-02-01,Northern,Cassava,6.27,0.0,0.93,27.8,336,0.0
401,2021-02-01,Northern,Cocoa,0.53,231.34,11.08,27.6,97,2563.2472000000002
402,2021-02-01,Western,Maize,3.33,0.0,1.89,29.1,266,0.0
403,2021-02-01,Western,Cassava,8.05,7881.81,1.19,25.2,427,9379.3539
404,2021-02-01,Western,Cocoa,9.8,408.11,9.86,27.5,311,4023.9646
405,2021-02-01,Eastern,Maize,2.19,0.0,2.18,29.5,386,0.0
406,2021-02-01,Eastern,Cassava,0.0,0.0,1.17,27.8,388,0.0
407,2021-02-01,Eastern,Cocoa,2.45,0.0,9.45,29.6,462,0.0
408,2021-02-02,Greater Accra,Maize,6.8,0.0,1.85,29.0,332,0.0
409,2021-02-02,Greater Accra,Cassava,1.23,0.0,1.12,27.2,71,0.0
410,2021-02-02,Greater Accra,Cocoa,5.15,267.12,11.46,32.3,132,3061.1952
411,2021-02-02,Ashanti,Maize,1.2,1343.39,1.97,28.1,439,2646.4783
412,2021-02-02,Ashanti,Cassava,5.77,0.0,0.89,31.8,367,0.0
413,2021-02-02,Northern,Maize,4.83,0.0,2.43,25.2,264,0.0
414,2021-02-02,Northern,Cassava,4.68,6181.35,0.98,28.3,106,6057.723
415,2021-02-02,Western,Maize,12.06,0.0,2.28,25.9,474,0.0
416,2021-02-02,Western,Cassava,3.42,9965.52,1.08,31.4,51,10762.761600000002
417,2021-02-02,Western,Cocoa,8.14,249.68,13.07,27.0,487,3263.3176000000003
418,2021-02-02,Eastern,Maize,4.85,1528.02,2.35,31.0,183,3590.847
419,2021-02-02,Eastern,Cassava,7.86,0.0,0.98,30.0,462,0.0
420,2021-02-02,Eastern,Cocoa,5.55,0.0,11.63,26.1,484,0.0
421,2021-02-03,Greater Accra,Maize,6.13,0.0,2.15,24.2,117,0.0
422,2021-02-03,Greater Accra,Cassava,5.21,0.0,0.0,31.3,95,0.0
423,2021-02-03,Greater Accra,Cocoa,3.7,277.9,12.92,28.3,320,3590.468
424,2021-02-03,Ashanti,Maize,4.4,0.0,2.65,26.3,92,0.0
425,2021-02-03,Ashanti,Cassava,0.81,10327.37,1.17,24.1,112,12083.0229
426,2021-02-03,Ashanti,Cocoa,0.94,349.39,10.54,28.2,367,3682.5705999999996
427,2021-02-03,Northern,Maize,5.53,0.0,2.6,29.4,223,0.0
428,2021-02-03,Northern,Cassava,4.64,9210.43,0.99,31.7,258,9118.3257
429,2021-02-03,Northern,Cocoa,0.0,0.0,12.84,30.7,105,0.0
430,2021-02-03,Western,Maize,5.79,0.0,2.35,32.3,217,0.0
431,2021-02-03,Western,Cassava,6.14,0.0,0.88,27.0,305,0.0
432,2021-02-03,Western,Cocoa,8.21,277.03,10.23,31.1,471,2834.0168999999996
433,2021-02-03,Eastern,Maize,1.25,1062.24,2.37,32.8,158,2517.5088
434,2021-02-03,Eastern,Cassava,2.73,0.0,0.87,33.2,332,0.0
435,2021-02-03,Eastern,Cocoa,0.23,0.0,12.39,27.1,81,0.0
436,2021-02-04,Greater Accra,Maize,0.44,0.0,2.12,26.7,385,0.0
437,2021-02-04,Greater Accra,Cassava,3.77,0.0,0.95,32.6,475,0.0
438,2021-02-04,Greater Accra,Cocoa,0.0,0.0,10.79,24.1,334,0.0
439,2021-02-04,Ashanti,Maize,1.65,0.0,2.17,31.4,134,0.0
440,2021-02-04,Ashanti,Cassava,11.46,0.0,0.93,24.8,258,0.0
441,2021-02-04,Ashanti,Cocoa,0.0,275.38,10.35,25.7,96,2850.183
442,2021-02-04,Northern,Maize,7.0,1716.5,2.33,29.6,224,3999.445
443,2021-02-04,Northern,Cassava,3.04,0.0,0.95,27.3,190,0.0
444,2021-02-04,Northern,Cocoa,9.2,0.0,9.52,30.1,369,0.0
445,2021-02-04,Western,Maize,5.3,2001.56,2.38,31.7,152,4763.712799999999
446,2021-02-04,Western,Cassava,1.41,0.0,0.9,28.7,256,0.0
447,2021-02-04,Western,Cocoa,4.57,0.0,11.99,31.5,142,0.0
448,2021-02-04,Eastern,Maize,7.82,0.0,2.09,31.9,255,0.0
449,2021-02-04,Eastern,Cassava,5.32,8050.37,1.13,24.2,433,9096.918099999999
450,2021-02-04,Eastern,Cocoa,0.0,0.0,10.69,29.4,341,0.0
451,2021-02-05,Greater Accra,Maize,2.95,0.0,2.65,26.3,270,0.0
452,2021-02-05,Greater Accra,Cassava,2.87,6591.05,1.02,24.7,111,6722.871
453,2021-02-05,Greater Accra,Cocoa,1.68,0.0,10.64,32.3,305,0.0
454,2021-02-05,Ashanti,Maize,0.0,0.0,2.46,29.5,458,0.0
455,2021-02-05,Ashanti,Cassava,7.71,0.0,1.14,31.6,404,0.0
456,2021-02-05,Ashanti,Cocoa,14.21,0.0,9.75,25.9,269,0.0
457,2021-02-05,Northern,Maize,2.93,0.0,2.46,32.5,294,0.0
458,2021-02-05,Northern,Cassava,0.0,0.0,1.16,26.7,57,0.0
459,2021-02-05,Northern,Cocoa,4.29,0.0,12.11,31.5,385,0.0
460,2021-02-05,Western,Cassava,5.45,0.0,1.14,32.0,433,0.0
461,2021-02-05,Western,Cocoa,10.36,353.88,12.54,28.6,159,4437.655199999999
462,2021-02-05,Eastern,Maize,6.94,1733.57,2.5,31.8,328,4333.925
463,2021-02-05,Eastern,Cassava,8.51,7571.1,1.06,26.6,430,8025.366000000001
464,2021-02-05,Eastern,Cocoa,4.4,0.0,9.2,30.7,439,0.0
465,2021-02-06,Greater Accra,Maize,6.31,0.0,2.37,24.9,313,0.0
466,2021-02-06,Greater Accra,Cassava,3.54,5568.0,1.27,27.3,336,7071.36
467,2021-02-06,Greater Accra,Cocoa,3.74,0.0,10.32,27.2,340,0.0
468,2021-02-06,Ashanti,Cassava,6.95,0.0,0.99,30.5,340,0.0
469,2021-02-06,Northern,Cassava,2.21,0.0,0.87,33.4,246,0.0
470,2021-02-06,Northern,Cocoa,2.55,0.0,13.24,31.6,220,0.0
471,2021-02-06,Western,Maize,6.62,0.0,2.13,27.7,77,0.0
472,2021-02-06,Western,Cassava,8.16,0.0,1.27,30.5,162,0.0
473,2021-02-06,Western,Cocoa,13.24,0.0,10.57,32.6,425,0.0
474,2021-02-06,Eastern,Maize,1.36,0.0,2.39,31.0,231,0.0
475,2021-02-06,Eastern,Cassava,4.94,9478.32,1.05,30.7,142,9952.236
476,2021-02-06,Eastern,Cocoa,5.54,0.0,9.14,25.7,256,0.0
477,2021-02-07,Greater Accra,Maize,4.63,0.0,2.15,25.5,342,0.0
478,2021-02-07,Greater Accra,Cassava,5.27,8756.65,0.91,29.9,197,7968.5515
479,2021-02-07,Ashanti,Maize,3.61,0.0,2.37,26.1,94,0.0
480,2021-02-07,Ashanti,Cassava,7.34,0.0,1.19,32.8,122,0.0
481,2021-02-07,Ashanti,Cocoa,1.05,0.0,11.01,32.5,271,0.0
482,2021-02-07,Northern,Cassava,5.25,0.0,1.14,32.9,462,0.0
483,2021-02-07,Western,Maize,0.0,0.0,2.03,25.0,101,0.0
484,2021-02-07,Western,Cassava,4.24,0.0,0.93,25.1,285,0.0
485,2021-02-07,Western,Cocoa,5.97,250.69,10.12,27.6,174,2536.9827999999998
486,2021-02-07,Eastern,Maize,4.68,1824.06,2.47,24.8,393,4505.4282
487,2021-02-07,Eastern,Cassava,0.0,0.0,1.19,25.4,315,0.0
488,2021-02-07,Eastern,Cocoa,0.7,0.0,10.19,28.9,194,0.0
489,2021-02-08,Greater Accra,Maize,10.15,1431.7,1.97,27.5,67,2820.449
490,2021-02-08,Greater Accra,Cassava,2.1,0.0,1.0,29.4,216,0.0
491,2021-02-08,Greater Accra,Cocoa,0.0,0.0,11.41,30.9,493,0.0
492,2021-02-08,Ashanti,Maize,14.22,0.0,2.09,28.5,394,0.0
493,2021-02-08,Ashanti,Cassava,13.86,0.0,1.22,28.0,88,0.0
494,2021-02-08,Ashanti,Cocoa,7.34,246.12,12.66,25.7,461,3115.8792000000003
495,2021-02-08,Northern,Maize,3.24,0.0,2.28,27.7,55,0.0
496,2021-02-08,Northern,Cassava,7.59,0.0,0.9,29.6,336,0.0
497,2021-02-08,Northern,Cocoa,2.57,0.0,11.53,31.5,94,0.0
498,2021-02-08,Western,Maize,4.51,0.0,2.44,25.5,434,0.0
499,2021-02-08,Western,Cassava,3.61,8236.8,0.95,26.4,236,7824.959999999999
500,2021-02-08,Western,Cocoa,0.0,0.0,12.02,30.2,295,0.0
501,2021-02-08,Eastern,Maize,8.29,1180.85,1.98,27.4,473,2338.0829999999996
502,2021-02-08,Eastern,Cassava,4.26,0.0,1.18,25.2,433,0.0
503,2021-02-09,Greater Accra,Maize,1.59,1156.59,2.01,24.5,286,2324.7458999999994
504,2021-02-09,Greater Accra,Cocoa,2.44,219.08,12.44,27.9,188,2725.3552
505,2021-02-09,Ashanti,Maize,7.09,0.0,2.52,33.3,391,0.0
506,2021-02-09,Northern,Maize,0.0,0.0,2.01,27.5,354,0.0
507,2021-02-09,Northern,Cassava,2.24,0.0,1.13,25.9,77,0.0
508,2021-02-09,Northern,Cocoa,4.86,0.0,12.17,26.8,348,0.0
509,2021-02-09,Western,Maize,6.88,0.0,2.18,31.9,301,0.0
510,2021-02-09,Western,Cassava,6.79,0.0,0.97,27.4,345,0.0
511,2021-02-09,Western,Cocoa,11.59,283.68,10.05,31.1,336,2850.9840000000004
512,2021-02-09,Eastern,Maize,9.85,0.0,2.23,26.5,167,0.0
513,2021-02-09,Eastern,Cassava,7.41,0.0,1.2,31.6,162,0.0
514,2021-02-10,Greater Accra,Maize,8.28,0.0,2.15,32.8,389,0.0
515,2021-02-10,Greater Accra,Cassava,0.0,0.0,1.16,33.4,198,0.0
516,2021-02-10,Greater Accra,Cocoa,3.69,275.91,11.29,26.9,192,3115.0239
517,2021-02-10,Ashanti,Maize,3.64,0.0,2.14,27.6,412,0.0
518,2021-02-10,Ashanti,Cassava,11.15,0.0,1.25,32.2,263,0.0
519,2021-02-10,Ashanti,Cocoa,10.89,0.0,9.38,26.5,241,0.0
520,2021-02-10,Northern,Cassava,0.0,8213.17,0.95,24.7,289,7802.5115
521,2021-02-10,Northern,Cocoa,7.44,299.33,12.39,31.5,497,3708.6987
522,2021-02-10,Western,Maize,10.78,0.0,2.03,33.7,233,0.0
523,2021-02-10,Western,Cassava,0.99,0.0,0.96,30.1,370,0.0
524,2021-02-10,Eastern,Maize,6.28,0.0,1.87,33.0,257,0.0
525,2021-02-10,Eastern,Cassava,3.21,7948.44,1.06,32.4,415,8425.3464
526,2021-02-10,Eastern,Cocoa,0.0,0.0,12.27,31.8,464,0.0
527,2021-02-11,Greater Accra,Maize,6.23,1371.13,2.15,25.6,497,2947.9295
528,2021-02-11,Greater Accra,Cassava,7.73,0.0,1.21,26.2,93,0.0
529,2021-02-11,Ashanti,Maize,7.25,0.0,2.27,28.0,481,0.0
530,2021-02-11,Ashanti,Cocoa,4.88,0.0,13.12,28.4,213,0.0
531,2021-02-11,Northern,Maize,2.66,0.0,1.96,25.6,269,0.0
532,2021-02-11,Northern,Cassava,1.61,6708.47,1.16,25.0,185,7781.825199999999
533,2021-02-11,Northern,Cocoa,5.36,0.0,10.74,31.5,195,0.0
534,2021-02-11,Western,Cassava,6.86,0.0,1.23,30.6,399,0.0
535,2021-02-11,Western,Cocoa,4.23,0.0,10.1,32.4,473,0.0
536,2021-02-11,Eastern,Maize,0.0,0.0,1.99,32.8,496,0.0
537,2021-02-11,Eastern,Cassava,4.57,0.0,1.14,32.1,71,0.0
538,2021-02-12,Greater Accra,Maize,1.39,0.0,2.47,34.0,125,0.0
539,2021-02-12,Greater Accra,Cassava,5.18,6753.52,1.09,28.2,461,7361.336800000001
540,2021-02-12,Ashanti,Maize,0.79,0.0,2.42,30.9,143,0.0
541,2021-02-12,Northern,Maize,2.4,1392.71,2.63,25.4,497,3662.8273
542,2021-02-12,Northern,Cassava,0.0,8007.96,0.95,28.2,292,7607.562
543,2021-02-12,Northern,Cocoa,0.0,0.0,10.33,24.4,125,0.0
544,2021-02-12,Western,Maize,6.89,1337.12,2.26,29.7,121,3021.8911999999996
545,2021-02-12,Western,Cassava,2.61,0.0,1.21,32.1,302,0.0
546,2021-02-12,Western,Cocoa,3.32,231.36,9.85,24.5,224,2278.896
547,2021-02-12,Eastern,Maize,2.7,1372.16,2.18,27.3,277,2991.3088000000002
548,2021-02-12,Eastern,Cassava,2.1,6517.59,0.99,33.1,334,6452.4141
549,2021-02-13,Greater Accra,Maize,7.12,1030.31,2.14,31.0,190,2204.8634
550,2021-02-13,Greater Accra,Cassava,2.87,0.0,1.0,27.1,378,0.0
551,2021-02-13,Greater Accra,Cocoa,4.59,0.0,11.89,32.2,387,0.0
552,2021-02-13,Ashanti,Cassava,1.7,6204.21,1.27,24.3,186,7879.3467
553,2021-02-13,Ashanti,Cocoa,12.17,0.0,10.26,28.7,371,0.0
554,2021-02-13,Northern,Maize,8.35,0.0,2.37,29.0,65,0.0
555,2021-02-13,Northern,Cassava,8.76,0.0,1.19,24.2,355,0.0
556,2021-02-13,Northern,Cocoa,4.64,0.0,9.86,30.5,230,0.0
557,2021-02-13,Western,Maize,5.74,0.0,2.38,29.9,499,0.0
558,2021-02-13,Western,Cassava,1.42,8281.61,0.93,24.2,315,7701.8973000000005
559,2021-02-13,Western,Cocoa,6.91,241.24,9.59,30.1,291,2313.4916
560,2021-02-13,Eastern,Cassava,4.82,0.0,1.25,27.3,125,0.0
561,2021-02-14,Greater Accra,Maize,4.33,0.0,2.38,31.2,460,0.0
562,2021-02-14,Greater Accra,Cassava,8.2,0.0,1.2,29.9,389,0.0
563,2021-02-14,Greater Accra,Cocoa,0.0,0.0,10.76,25.4,85,0.0
564,2021-02-14,Ashanti,Maize,10.15,0.0,2.65,30.1,145,0.0
565,2021-02-14,Ashanti,Cassava,6.18,8236.23,0.96,30.6,153,7906.7807999999995
566,2021-02-14,Northern,Maize,1.03,0.0,2.57,32.4,366,0.0
567,2021-02-14,Northern,Cassava,1.56,6236.85,1.16,31.8,384,7234.746
568,2021-02-14,Northern,Cocoa,2.03,0.0,11.39,25.5,239,0.0
569,2021-02-14,Western,Maize,10.45,0.0,1.88,29.5,327,0.0
570,2021-02-14,Western,Cassava,13.53,10817.39,1.06,25.4,145,11466.4334
571,2021-02-14,Western,Cocoa,16.1,0.0,13.26,29.8,242,0.0
572,2021-02-14,Eastern,Maize,0.0,0.0,2.22,32.6,57,0.0
573,2021-02-14,Eastern,Cassava,0.0,0.0,1.15,31.0,122,0.0
574,2021-02-14,Eastern,Cocoa,4.39,0.0,9.42,31.8,446,0.0
575,2021-02-15,Greater Accra,Cassava,5.62,5978.56,1.26,25.1,75,7532.985600000001
576,2021-02-15,Greater Accra,Cocoa,2.61,0.0,11.8,32.3,484,0.0
577,2021-02-15,Ashanti,Maize,7.2,0.0,1.84,29.0,497,0.0
578,2021-02-15,Ashanti,Cassava,1.94,0.0,0.93,33.8,377,0.0
579,2021-02-15,Ashanti,Cocoa,11.21,0.0,9.84,31.0,415,0.0
580,2021-02-15,Northern,Maize,2.0,0.0,2.43,33.2,318,0.0
581,2021-02-15,Northern,Cassava,8.16,0.0,1.18,28.5,60,0.0
582,2021-02-15,Northern,Cocoa,0.0,0.0,10.38,29.8,362,0.0
583,2021-02-15,Western,Maize,0.98,1632.52,2.65,28.5,463,4326.178
584,2021-02-15,Western,Cassava,4.09,0.0,1.27,24.0,96,0.0
585,2021-02-15,Western,Cocoa,2.58,0.0,12.14,25.4,218,0.0
586,2021-02-15,Eastern,Maize,0.0,0.0,1.9,32.7,210,0.0
587,2021-02-15,Eastern,Cocoa,0.0,257.85,11.56,32.7,340,2980.7460000000005
588,2021-02-16,Greater Accra,Cassava,3.68,0.0,1.14,29.9,426,0.0
589,2021-02-16,Greater Accra,Cocoa,1.44,0.0,11.56,24.8,353,0.0
590,2021-02-16,Ashanti,Maize,4.28,0.0,1.98,27.2,115,0.0
591,2021-02-16,Ashanti,Cassava,5.83,0.0,0.92,32.8,136,0.0
592,2021-02-16,Ashanti,Cocoa,6.48,0.0,12.44,28.7,451,0.0
593,2021-02-16,Northern,Maize,5.32,0.0,2.61,24.2,442,0.0
594,2021-02-16,Northern,Cassava,6.22,7676.82,1.01,30.1,422,7753.5882
595,2021-02-16,Western,Cassava,6.6,0.0,0.95,28.4,428,0.0
596,2021-02-16,Western,Cocoa,4.92,0.0,11.39,32.3,183,0.0
597,2021-02-16,Eastern,Maize,3.23,0.0,1.82,28.8,491,0.0
598,2021-02-16,Eastern,Cassava,0.84,0.0,1.18,29.2,379,0.0
599,2021-02-16,Eastern,Cocoa,4.28,287.7,10.67,32.5,398,3069.759
600,2021-02-17,Greater Accra,Maize,0.24,0.0,1.93,29.1,134,0.0
601,2021-02-17,Greater Accra,Cocoa,1.37,0.0,12.34,32.2,327,0.0
602,2021-02-17,Ashanti,Maize,5.23,2089.53,2.52,27.0,355,5265.615600000001
603,2021-02-17,Ashanti,Cassava,1.38,7810.94,1.27,30.8,476,9919.8938
604,2021-02-17,Northern,Maize,0.0,1172.4,1.95,24.6,105,2286.1800000000003
605,2021-02-17,Northern,Cassava,2.05,0.0,0.94,25.0,372,0.0
606,2021-02-17,Northern,Cocoa,3.33,0.0,9.52,28.9,246,0.0
607,2021-02-17,Western,Cassava,11.1,0.0,1.24,24.7,163,0.0
608,2021-02-17,Western,Cocoa,13.57,0.0,10.41,30.9,63,0.0
609,2021-02-17,Eastern,Maize,0.0,0.0,1.96,32.0,387,0.0
610,2021-02-17,Eastern,Cassava,0.0,0.0,1.02,29.2,229,0.0
611,2021-02-17,Eastern,Cocoa,0.0,0.0,11.36,28.0,392,0.0
612,2021-02-18,Greater Accra,Maize,1.6,0.0,2.46,33.9,377,0.0
613,2021-02-18,Greater Accra,Cassava,9.42,0.0,1.04,27.6,195,0.0
614,2021-02-18,Greater Accra,Cocoa,0.0,0.0,11.38,29.7,137,0.0
615,2021-02-18,Ashanti,Maize,3.86,0.0,2.03,30.9,158,0.0
616,2021-02-18,Ashanti,Cassava,0.01,0.0,0.92,28.4,197,0.0
617,2021-02-18,Ashanti,Cocoa,5.06,213.44,11.14,26.9,87,2377.7216000000003
618,2021-02-18,Northern,Cassava,8.2,8041.99,0.89,24.3,497,7157.3711
619,2021-02-18,Northern,Cocoa,5.48,168.48,12.69,29.8,394,2138.0112
620,2021-02-18,Western,Maize,7.68,0.0,2.33,27.0,378,0.0
621,2021-02-18,Western,Cassava,0.0,7623.2,1.09,29.9,171,8309.288
622,2021-02-18,Eastern,Maize,0.0,0.0,2.46,31.1,323,0.0
623,2021-02-18,Eastern,Cassava,7.21,0.0,1.25,24.2,148,0.0
624,2021-02-18,Eastern,Cocoa,9.2,0.0,12.46,32.9,142,0.0
625,2021-02-19,Greater Accra,Maize,2.66,0.0,1.85,26.3,58,0.0
626,2021-02-19,Ashanti,Maize,3.26,1467.67,2.11,33.1,122,3096.7837
627,2021-02-19,Ashanti,Cassava,0.0,0.0,1.13,33.3,255,0.0
628,2021-02-19,Ashanti,Cocoa,7.26,249.6,10.43,24.5,179,2603.328
629,2021-02-19,Northern,Maize,6.91,0.0,1.93,26.1,389,0.0
630,2021-02-19,Northern,Cassava,3.92,0.0,0.98,26.0,193,0.0
631,2021-02-19,Northern,Cocoa,3.4,0.0,9.64,30.6,149,0.0
632,2021-02-19,Western,Maize,7.22,1817.15,1.9,26.5,269,3452.585
633,2021-02-19,Western,Cassava,8.17,0.0,1.19,26.7,55,0.0
634,2021-02-19,Western,Cocoa,11.59,0.0,10.44,29.0,201,0.0
635,2021-02-19,Eastern,Maize,0.77,904.64,2.18,24.8,103,1972.1152000000002
636,2021-02-19,Eastern,Cassava,5.49,0.0,1.25,27.1,108,0.0
637,2021-02-19,Eastern,Cocoa,5.61,0.0,11.69,30.4,286,0.0
638,2021-02-20,Greater Accra,Cassava,3.2,0.0,1.02,25.7,380,0.0
639,2021-02-20,Greater Accra,Cocoa,7.95,0.0,11.06,31.9,97,0.0
640,2021-02-20,Ashanti,Maize,1.28,1734.97,2.38,31.0,464,4129.2285999999995
641,2021-02-20,Ashanti,Cocoa,0.0,0.0,9.33,27.5,99,0.0
642,2021-02-20,Northern,Maize,4.42,1570.47,2.06,31.8,401,3235.1682
643,2021-02-20,Northern,Cassava,6.11,6282.22,1.08,25.7,131,6784.797600000001
644,2021-02-20,Northern,Cocoa,6.02,0.0,11.19,25.4,441,0.0
645,2021-02-20,Western,Maize,8.92,0.0,2.2,28.1,71,0.0
646,2021-02-20,Western,Cassava,9.42,0.0,1.04,28.6,491,0.0
647,2021-02-20,Eastern,Maize,2.77,0.0,2.03,24.0,356,0.0
648,2021-02-20,Eastern,Cocoa,6.64,198.61,12.92,32.4,327,2566.0412
649,2021-02-21,Greater Accra,Maize,6.0,0.0,2.0,31.1,181,0.0
650,2021-02-21,Greater Accra,Cassava,3.06,0.0,1.12,31.2,154,0.0
651,2021-02-21,Greater Accra,Cocoa,4.37,0.0,10.2,30.2,489,0.0
652,2021-02-21,Ashanti,Maize,2.14,0.0,2.38,29.1,128,0.0
653,2021-02-21,Ashanti,Cassava,6.56,11400.09,1.0,29.6,119,11400.09
654,2021-02-21,Ashanti,Cocoa,3.67,0.0,12.68,25.0,454,0.0
655,2021-02-21,Northern,Maize,6.43,940.09,2.57,24.7,377,2416.0313
656,2021-02-21,Northern,Cassava,1.19,4865.2,0.94,29.6,488,4573.288
657,2021-02-21,Northern,Cocoa,3.48,0.0,12.17,29.4,498,0.0
658,2021-02-21,Western,Maize,0.57,1290.9,2.08,25.6,159,2685.072
659,2021-02-21,Western,Cassava,5.73,11424.61,0.88,32.6,247,10053.6568
660,2021-02-21,Eastern,Maize,0.0,0.0,1.95,32.5,217,0.0
661,2021-02-21,Eastern,Cassava,0.95,9077.33,1.27,30.1,157,11528.2091
662,2021-02-21,Eastern,Cocoa,6.79,0.0,11.35,25.6,196,0.0
663,2021-02-22,Greater Accra,Maize,4.85,0.0,2.16,30.6,288,0.0
664,2021-02-22,Greater Accra,Cassava,0.0,0.0,1.04,24.4,459,0.0
665,2021-02-22,Greater Accra,Cocoa,3.85,272.55,11.17,32.3,385,3044.3835
666,2021-02-22,Ashanti,Maize,5.02,0.0,2.1,30.3,392,0.0
667,2021-02-22,Ashanti,Cassava,9.31,0.0,1.15,33.2,154,0.0
668,2021-02-22,Ashanti,Cocoa,3.64,0.0,10.54,25.5,275,0.0
669,2021-02-22,Northern,Maize,2.23,0.0,2.37,29.6,253,0.0
670,2021-02-22,Northern,Cassava,0.0,0.0,1.2,26.0,236,0.0
671,2021-02-22,Northern,Cocoa,5.04,260.93,10.37,24.6,150,2705.8441
672,2021-02-22,Western,Maize,0.0,1476.74,1.98,29.4,265,2923.9452
673,2021-02-22,Western,Cassava,0.0,0.0,1.24,25.6,417,0.0
674,2021-02-22,Western,Cocoa,8.44,325.34,10.23,24.8,450,3328.2282
675,2021-02-22,Eastern,Maize,0.59,0.0,2.45,27.4,387,0.0
676,2021-02-22,Eastern,Cassava,6.45,0.0,0.89,27.1,204,0.0
677,2021-02-22,Eastern,Cocoa,2.72,0.0,10.49,33.6,387,0.0
678,2021-02-23,Greater Accra,Maize,1.59,0.0,2.28,27.0,125,0.0
679,2021-02-23,Greater Accra,Cassava,5.37,0.0,1.19,33.4,312,0.0
680,2021-02-23,Greater Accra,Cocoa,2.39,270.57,10.93,24.2,167,2957.3300999999997
681,2021-02-23,Ashanti,Maize,2.1,0.0,1.96,31.5,348,0.0
682,2021-02-23,Ashanti,Cocoa,8.53,299.42,9.48,29.3,459,2838.5016
683,2021-02-23,Northern,Maize,5.58,0.0,2.41,26.5,147,0.0
684,2021-02-23,Northern,Cassava,3.09,0.0,0.89,24.2,136,0.0
685,2021-02-23,Northern,Cocoa,4.79,265.05,11.58,31.3,371,3069.279
686,2021-02-23,Western,Maize,8.66,0.0,2.6,29.2,241,0.0
687,2021-02-23,Western,Cassava,2.38,0.0,0.95,29.6,68,0.0
688,2021-02-23,Western,Cocoa,13.69,428.31,12.63,25.8,241,5409.5553
689,2021-02-23,Eastern,Maize,4.91,1293.24,2.25,31.5,426,2909.79
690,2021-02-23,Eastern,Cassava,7.63,0.0,1.04,33.5,63,0.0
691,2021-02-23,Eastern,Cocoa,1.76,0.0,9.46,31.9,272,0.0
692,2021-02-24,Greater Accra,Maize,0.47,0.0,1.95,27.8,263,0.0
693,2021-02-24,Greater Accra,Cassava,0.76,0.0,1.07,24.2,189,0.0
694,2021-02-24,Greater Accra,Cocoa,4.71,0.0,11.24,26.0,261,0.0
695,2021-02-24,Ashanti,Maize,7.86,0.0,2.44,32.1,285,0.0
696,2021-02-24,Ashanti,Cassava,1.69,0.0,1.07,27.3,471,0.0
697,2021-02-24,Ashanti,Cocoa,10.83,244.76,11.68,24.6,100,2858.7967999999996
698,2021-02-24,Northern,Cassava,1.98,0.0,0.96,28.8,492,0.0
699,2021-02-24,Northern,Cocoa,8.38,212.12,12.55,27.8,283,2662.106
700,2021-02-24,Western,Maize,0.98,1091.07,2.52,25.2,113,2749.4964
701,2021-02-24,Western,Cassava,10.08,0.0,1.12,32.6,295,0.0
702,2021-02-24,Western,Cocoa,3.42,0.0,12.79,26.3,392,0.0
703,2021-02-24,Eastern,Maize,12.53,1990.09,2.19,28.8,328,4358.2971
704,2021-02-24,Eastern,Cassava,3.76,7817.03,0.91,25.7,161,7113.4973
705,2021-02-24,Eastern,Cocoa,2.06,0.0,11.41,29.1,125,0.0
706,2021-02-25,Greater Accra,Maize,0.47,0.0,2.54,30.9,176,0.0
707,2021-02-25,Greater Accra,Cassava,2.16,0.0,1.18,28.1,446,0.0
708,2021-02-25,Greater Accra,Cocoa,5.65,0.0,9.59,27.1,411,0.0
709,2021-02-25,Ashanti,Maize,1.59,0.0,1.94,27.7,437,0.0
710,2021-02-25,Ashanti,Cassava,3.58,8060.51,1.06,25.5,268,8544.1406
711,2021-02-25,Ashanti,Cocoa,1.57,0.0,12.6,32.1,411,0.0
712,2021-02-25,Northern,Cassava,6.4,0.0,0.9,29.4,487,0.0
713,2021-02-25,Northern,Cocoa,3.28,0.0,12.49,25.0,471,0.0
714,2021-02-25,Western,Maize,0.01,0.0,2.46,33.3,123,0.0
715,2021-02-25,Western,Cocoa,0.0,365.91,12.93,24.5,341,4731.2163
716,2021-02-25,Eastern,Maize,1.34,0.0,2.18,32.7,195,0.0
717,2021-02-25,Eastern,Cassava,0.48,0.0,1.07,25.3,483,0.0
718,2021-02-25,Eastern,Cocoa,4.45,239.83,11.05,25.7,267,2650.1215
719,2021-02-26,Greater Accra,Cassava,10.24,7679.83,1.19,24.8,108,9138.9977
720,2021-02-26,Greater Accra,Cocoa,5.22,277.42,11.84,24.4,464,3284.6528000000003
721,2021-02-26,Ashanti,Maize,6.46,0.0,2.11,29.4,448,0.0
722,2021-02-26,Ashanti,Cassava,9.15,10014.69,1.18,30.9,163,11817.3342
723,2021-02-26,Ashanti,Cocoa,4.87,0.0,12.76,26.0,392,0.0
724,2021-02-26,Northern,Maize,0.0,0.0,2.07,28.0,194,0.0
725,2021-02-26,Northern,Cassava,2.64,5976.17,1.19,28.7,56,7111.6422999999995
726,2021-02-26,Western,Cassava,8.03,10112.06,1.0,24.5,427,10112.06
727,2021-02-26,Western,Cocoa,9.35,277.23,9.2,24.2,118,2550.516
728,2021-02-26,Eastern,Cassava,1.79,0.0,1.05,26.9,355,0.0
729,2021-02-27,Greater Accra,Maize,8.85,0.0,2.14,32.9,434,0.0
730,2021-02-27,Greater Accra,Cassava,0.0,0.0,0.89,33.3,421,0.0
731,2021-02-27,Greater Accra,Cocoa,0.0,212.17,13.28,24.5,326,2817.6175999999996
732,2021-02-27,Ashanti,Maize,6.11,0.0,2.11,24.6,485,0.0
733,2021-02-27,Ashanti,Cocoa,2.21,260.99,12.41,30.3,324,3238.8859
734,2021-02-27,Northern,Maize,5.2,1624.29,2.26,24.1,480,3670.8953999999994
735,2021-02-27,Northern,Cassava,2.03,0.0,1.26,26.4,88,0.0
736,2021-02-27,Northern,Cocoa,3.15,0.0,12.66,29.0,265,0.0
737,2021-02-27,Western,Cassava,0.0,0.0,0.92,32.5,252,0.0
738,2021-02-27,Western,Cocoa,3.82,0.0,10.87,31.8,457,0.0
739,2021-02-27,Eastern,Maize,2.31,0.0,1.97,31.5,59,0.0
740,2021-02-27,Eastern,Cassava,3.37,0.0,1.08,28.5,479,0.0
741,2021-02-28,Greater Accra,Maize,2.58,0.0,2.59,30.6,469,0.0
742,2021-02-28,Greater Accra,Cocoa,3.78,0.0,10.07,33.7,84,0.0
743,2021-02-28,Ashanti,Maize,7.58,0.0,2.56,25.6,255,0.0
744,2021-02-28,Ashanti,Cassava,4.11,0.0,0.89,24.5,137,0.0
745,2021-02-28,Northern,Maize,0.54,1256.12,2.24,31.8,157,2813.7088
746,2021-02-28,Northern,Cassava,2.05,0.0,1.16,30.1,168,0.0
747,2021-02-28,Western,Maize,9.68,0.0,2.5,28.2,465,0.0
748,2021-02-28,Western,Cassava,0.0,0.0,0.9,26.0,225,0.0
749,2021-02-28,Western,Cocoa,0.07,0.0,12.1,24.1,254,0.0
750,2021-02-28,Eastern,Maize,5.93,0.0,2.62,32.0,406,0.0
751,2021-02-28,Eastern,Cocoa,6.73,0.0,12.62,27.6,322,0.0
752,2021-03-01,Greater Accra,Maize,1.4,0.0,2.76,33.9,126,0.0
753,2021-03-01,Greater Accra,Cassava,4.98,0.0,1.17,32.1,276,0.0
754,2021-03-01,Greater Accra,Cocoa,7.79,0.0,15.17,32.5,62,0.0
755,2021-03-01,Ashanti,Maize,8.62,0.0,2.28,31.5,385,0.0
756,2021-03-01,Ashanti,Cassava,0.62,0.0,1.15,29.2,431,0.0
757,2021-03-01,Ashanti,Cocoa,6.44,0.0,0.0,26.3,376,0.0
758,2021-03-01,Northern,Maize,12.78,0.0,0.0,30.5,275,0.0
759,2021-03-01,Northern,Cassava,4.18,0.0,1.07,31.8,179,0.0
760,2021-03-01,Northern,Cocoa,6.17,0.0,12.82,24.4,121,0.0
761,2021-03-01,Western,Maize,12.91,0.0,2.16,30.4,422,0.0
762,2021-03-01,Western,Cassava,0.0,0.0,1.16,26.7,172,0.0
763,2021-03-01,Western,Cocoa,2.43,0.0,11.16,30.5,230,0.0
764,2021-03-01,Eastern,Cassava,11.27,0.0,1.17,30.2,459,0.0
765,2021-03-01,Eastern,Cocoa,0.0,0.0,15.34,30.1,448,0.0
766,2021-03-02,Greater Accra,Maize,0.0,0.0,2.7,33.3,231,0.0
767,2021-03-02,Greater Accra,Cassava,2.87,0.0,1.03,31.0,460,0.0
768,2021-03-02,Greater Accra,Cocoa,1.79,0.0,12.36,24.2,213,0.0
769,2021-03-02,Ashanti,Maize,3.57,0.0,2.78,33.8,330,0.0
770,2021-03-02,Ashanti,Cassava,6.69,0.0,1.12,25.0,175,0.0
771,2021-03-02,Ashanti,Cocoa,4.1,0.0,12.97,33.3,59,0.0
772,2021-03-02,Northern,Maize,0.64,0.0,3.06,27.4,226,0.0
773,2021-03-02,Northern,Cassava,5.96,0.0,1.36,27.1,75,0.0
774,2021-03-02,Northern,Cocoa,2.99,0.0,13.9,24.4,470,0.0
775,2021-03-02,Western,Cassava,11.66,0.0,1.44,31.4,139,0.0
776,2021-03-02,Western,Cocoa,6.17,0.0,14.82,32.8,313,0.0
777,2021-03-02,Eastern,Maize,1.78,0.0,2.76,24.2,297,0.0
778,2021-03-02,Eastern,Cocoa,1.08,0.0,12.34,29.5,320,0.0
779,2021-03-03,Greater Accra,Maize,6.14,0.0,2.31,28.0,376,0.0
780,2021-03-03,Greater Accra,Cassava,5.89,0.0,1.03,24.5,215,0.0
781,2021-03-03,Greater Accra,Cocoa,0.25,0.0,15.6,33.7,78,0.0
782,2021-03-03,Ashanti,Maize,7.03,0.0,2.71,31.4,438,0.0
783,2021-03-03,Ashanti,Cassava,9.57,0.0,1.17,31.6,460,0.0
784,2021-03-03,Ashanti,Cocoa,2.74,0.0,11.55,25.1,116,0.0
785,2021-03-03,Northern,Maize,5.27,0.0,2.8,29.0,73,0.0
786,2021-03-03,Northern,Cassava,5.76,0.0,1.17,33.6,165,0.0
787,2021-03-03,Northern,Cocoa,3.31,0.0,11.71,30.2,350,0.0
788,2021-03-03,Western,Maize,4.61,0.0,2.27,31.6,77,0.0
789,2021-03-03,Western,Cassava,0.04,0.0,1.45,29.7,316,0.0
790,2021-03-03,Western,Cocoa,8.45,0.0,15.18,33.3,446,0.0
791,2021-03-03,Eastern,Maize,0.0,0.0,2.69,26.5,308,0.0
792,2021-03-03,Eastern,Cassava,2.97,0.0,1.11,33.5,51,0.0
793,2021-03-03,Eastern,Cocoa,1.2,0.0,15.35,30.8,50,0.0
794,2021-03-04,Greater Accra,Maize,1.87,0.0,2.94,27.4,488,0.0
795,2021-03-04,Greater Accra,Cocoa,0.0,0.0,11.11,25.7,341,0.0
796,2021-03-04,Ashanti,Maize,3.21,0.0,2.25,27.7,115,0.0
797,2021-03-04,Ashanti,Cassava,2.39,0.0,1.04,28.6,385,0.0
798,2021-03-04,Ashanti,Cocoa,3.64,0.0,12.75,27.4,51,0.0
799,2021-03-04,Northern,Maize,1.04,0.0,2.92,25.1,260,0.0
800,2021-03-04,Northern,Cassava,7.61,0.0,1.24,28.9,319,0.0
801,2021-03-04,Northern,Cocoa,3.1,0.0,11.89,24.7,58,0.0
802,2021-03-04,Western,Maize,1.8,0.0,2.29,27.5,439,0.0
803,2021-03-04,Western,Cassava,4.69,0.0,1.09,32.2,257,0.0
804,2021-03-04,Western,Cocoa,7.48,0.0,14.97,25.7,151,0.0
805,2021-03-04,Eastern,Cassava,0.1,0.0,1.34,33.7,342,0.0
806,2021-03-05,Greater Accra,Maize,1.0,0.0,3.11,27.4,283,0.0
807,2021-03-05,Greater Accra,Cassava,0.82,0.0,1.41,27.8,335,0.0
808,2021-03-05,Ashanti,Maize,2.53,0.0,2.64,31.1,280,0.0
809,2021-03-05,Ashanti,Cassava,6.86,0.0,1.05,25.2,96,0.0
810,2021-03-05,Ashanti,Cocoa,4.25,0.0,14.84,28.5,349,0.0
811,2021-03-05,Northern,Maize,10.19,0.0,2.63,25.3,423,0.0
812,2021-03-05,Northern,Cassava,4.23,0.0,1.25,32.2,102,0.0
813,2021-03-05,Northern,Cocoa,0.0,0.0,15.18,25.5,149,0.0
814,2021-03-05,Western,Cocoa,5.35,0.0,11.68,31.4,429,0.0
815,2021-03-05,Eastern,Maize,9.87,0.0,2.47,24.2,260,0.0
816,2021-03-06,Greater Accra,Maize,6.28,0.0,2.64,24.1,216,0.0
817,2021-03-06,Greater Accra,Cassava,0.0,0.0,1.49,27.8,401,0.0
818,2021-03-06,Greater Accra,Cocoa,3.11,0.0,13.77,32.3,331,0.0
819,2021-03-06,Ashanti,Maize,0.0,0.0,2.18,31.0,166,0.0
820,2021-03-06,Ashanti,Cassava,2.03,0.0,1.5,28.8,498,0.0
821,2021-03-06,Northern,Maize,10.3,0.0,2.74,24.8,495,0.0
822,2021-03-06,Northern,Cassava,7.89,0.0,1.18,33.5,472,0.0
823,2021-03-06,Northern,Cocoa,3.77,0.0,11.37,33.3,262,0.0
824,2021-03-06,Western,Maize,12.14,0.0,2.35,25.6,435,0.0
825,2021-03-06,Western,Cassava,10.23,0.0,1.43,27.6,241,0.0
826,2021-03-06,Western,Cocoa,1.07,0.0,15.45,25.7,182,0.0
827,2021-03-06,Eastern,Maize,3.72,0.0,2.13,28.1,61,0.0
828,2021-03-06,Eastern,Cocoa,1.93,0.0,15.57,27.9,405,0.0
829,2021-03-07,Greater Accra,Maize,5.68,0.0,2.17,26.1,348,0.0
830,2021-03-07,Greater Accra,Cassava,3.63,0.0,1.36,27.0,201,0.0
831,2021-03-07,Ashanti,Maize,7.35,0.0,2.92,30.2,370,0.0
832,2021-03-07,Ashanti,Cocoa,8.04,0.0,13.74,25.3,370,0.0
833,2021-03-07,Northern,Maize,10.28,0.0,2.61,33.0,176,0.0
834,2021-03-07,Northern,Cassava,0.73,0.0,1.12,32.1,499,0.0
835,2021-03-07,Northern,Cocoa,3.76,0.0,15.39,24.5,499,0.0
836,2021-03-07,Western,Maize,9.22,0.0,2.77,24.2,269,0.0
837,2021-03-07,Western,Cassava,8.64,0.0,1.03,24.5,150,0.0
838,2021-03-07,Western,Cocoa,0.0,0.0,13.34,28.6,304,0.0
839,2021-03-07,Eastern,Maize,6.35,0.0,2.34,27.2,372,0.0
840,2021-03-07,Eastern,Cassava,0.0,0.0,1.44,30.1,458,0.0
841,2021-03-08,Greater Accra,Maize,0.0,0.0,2.16,25.2,429,0.0
842,2021-03-08,Greater Accra,Cassava,4.52,0.0,1.24,31.5,249,0.0
843,2021-03-08,Greater Accra,Cocoa,1.99,0.0,12.11,24.0,138,0.0
844,2021-03-08,Ashanti,Cocoa,10.71,0.0,11.27,31.2,433,0.0
845,2021-03-08,Northern,Maize,7.02,0.0,2.22,26.7,257,0.0
846,2021-03-08,Northern,Cassava,7.37,0.0,1.08,32.7,139,0.0
847,2021-03-08,Western,Maize,5.05,0.0,2.98,29.8,338,0.0
848,2021-03-08,Western,Cassava,8.2,0.0,1.27,33.5,447,0.0
849,2021-03-08,Western,Cocoa,5.23,0.0,14.65,27.4,338,0.0
850,2021-03-08,Eastern,Maize,6.55,0.0,2.46,28.9,66,0.0
851,2021-03-08,Eastern,Cassava,9.17,0.0,1.29,33.8,393,0.0
852,2021-03-08,Eastern,Cocoa,9.62,0.0,11.47,28.6,432,0.0
853,2021-03-09,Greater Accra,Maize,2.74,0.0,2.21,27.0,70,0.0
854,2021-03-09,Greater Accra,Cassava,4.12,0.0,1.14,26.4,332,0.0
855,2021-03-09,Greater Accra,Cocoa,5.44,0.0,12.32,29.6,247,0.0
856,2021-03-09,Ashanti,Maize,4.34,0.0,2.59,32.2,231,0.0
857,2021-03-09,Ashanti,Cassava,3.96,0.0,1.16,26.7,447,0.0
858,2021-03-09,Ashanti,Cocoa,0.0,0.0,11.6,33.4,396,0.0
859,2021-03-09,Northern,Maize,0.79,0.0,2.83,30.6,369,0.0
860,2021-03-09,Northern,Cocoa,4.38,0.0,11.64,25.1,284,0.0
861,2021-03-09,Western,Maize,9.78,0.0,2.43,25.5,464,0.0
862,2021-03-09,Western,Cassava,6.88,0.0,1.44,25.9,413,0.0
863,2021-03-09,Eastern,Cassava,10.96,0.0,1.24,27.6,172,0.0
864,2021-03-09,Eastern,Cocoa,2.54,0.0,14.41,25.0,447,0.0
865,2021-03-10,Greater Accra,Maize,3.83,0.0,2.67,24.5,127,0.0
866,2021-03-10,Greater Accra,Cassava,5.66,0.0,1.12,31.5,64,0.0
867,2021-03-10,Ashanti,Maize,0.0,0.0,2.5,26.5,383,0.0
868,2021-03-10,Ashanti,Cassava,0.0,0.0,1.29,30.5,195,0.0
869,2021-03-10,Northern,Maize,0.48,0.0,2.65,29.6,149,0.0
870,2021-03-10,Northern,Cassava,5.89,0.0,1.37,29.1,184,0.0
871,2021-03-10,Western,Maize,2.23,0.0,2.22,25.0,407,0.0
872,2021-03-10,Western,Cassava,10.13,0.0,1.35,25.6,370,0.0
873,2021-03-10,Western,Cocoa,1.49,0.0,10.63,32.9,444,0.0
874,2021-03-10,Eastern,Maize,2.21,0.0,3.07,26.6,259,0.0
875,2021-03-10,Eastern,Cassava,8.44,0.0,1.35,26.4,149,0.0
876,2021-03-10,Eastern,Cocoa,7.42,0.0,11.39,27.7,224,0.0
877,2021-03-11,Greater Accra,Cassava,5.82,0.0,1.2,24.5,102,0.0
878,2021-03-11,Ashanti,Maize,6.35,0.0,2.52,29.8,205,0.0
879,2021-03-11,Ashanti,Cocoa,0.64,0.0,12.58,30.7,415,0.0
880,2021-03-11,Northern,Maize,0.0,0.0,2.63,28.2,90,0.0
881,2021-03-11,Northern,Cassava,3.76,0.0,1.24,25.7,385,0.0
882,2021-03-11,Northern,Cocoa,1.46,0.0,12.57,24.4,333,0.0
883,2021-03-11,Western,Maize,8.93,0.0,2.98,25.6,154,0.0
884,2021-03-11,Western,Cassava,10.01,0.0,1.04,32.6,300,0.0
885,2021-03-11,Western,Cocoa,9.42,0.0,10.95,29.5,275,0.0
886,2021-03-11,Eastern,Maize,5.58,0.0,2.75,30.1,55,0.0
887,2021-03-11,Eastern,Cassava,11.2,0.0,1.36,26.1,89,0.0
888,2021-03-12,Greater Accra,Cassava,1.57,0.0,1.17,31.4,291,0.0
889,2021-03-12,Greater Accra,Cocoa,0.0,0.0,14.25,27.1,188,0.0
890,2021-03-12,Ashanti,Maize,0.0,0.0,2.76,25.6,185,0.0
891,2021-03-12,Ashanti,Cassava,4.93,0.0,1.41,27.6,224,0.0
892,2021-03-12,Ashanti,Cocoa,0.26,0.0,12.21,27.4,162,0.0
893,2021-03-12,Northern,Maize,3.03,0.0,2.74,29.1,114,0.0
894,2021-03-12,Northern,Cocoa,3.04,0.0,13.97,27.2,444,0.0
895,2021-03-12,Western,Maize,2.77,0.0,2.37,31.4,409,0.0
896,2021-03-12,Western,Cassava,18.49,0.0,1.45,30.6,340,0.0
897,2021-03-12,Western,Cocoa,6.88,0.0,10.99,26.7,380,0.0
898,2021-03-12,Eastern,Maize,5.83,0.0,3.12,25.8,56,0.0
899,2021-03-12,Eastern,Cocoa,7.49,0.0,12.92,33.5,488,0.0
900,2021-03-13,Greater Accra,Maize,6.23,0.0,3.03,29.4,464,0.0
901,2021-03-13,Greater Accra,Cassava,0.16,0.0,1.26,32.3,189,0.0
902,2021-03-13,Greater Accra,Cocoa,0.0,0.0,13.66,30.8,202,0.0
903,2021-03-13,Ashanti,Cassava,10.09,0.0,1.03,26.5,376,0.0
904,2021-03-13,Ashanti,Cocoa,12.53,0.0,14.34,26.8,135,0.0
905,2021-03-13,Northern,Cassava,4.76,0.0,1.18,28.4,411,0.0
906,2021-03-13,Northern,Cocoa,0.0,0.0,14.61,29.8,65,0.0
907,2021-03-13,Western,Cassava,4.34,0.0,1.47,24.5,349,0.0
908,2021-03-13,Western,Cocoa,0.0,0.0,11.25,27.1,225,0.0
909,2021-03-13,Eastern,Maize,7.42,0.0,3.11,28.7,212,0.0
910,2021-03-13,Eastern,Cassava,9.52,0.0,1.07,31.3,193,0.0
911,2021-03-13,Eastern,Cocoa,6.91,0.0,15.33,32.8,381,0.0
912,2021-03-14,Greater Accra,Cassava,5.68,0.0,1.2,33.5,270,0.0
913,2021-03-14,Greater Accra,Cocoa,1.76,0.0,13.32,33.7,153,0.0
914,2021-03-14,Ashanti,Maize,1.49,0.0,2.73,24.5,427,0.0
915,2021-03-14,Ashanti,Cassava,0.0,0.0,1.04,27.5,93,0.0
916,2021-03-14,Ashanti,Cocoa,13.59,0.0,15.37,28.9,451,0.0
917,2021-03-14,Northern,Maize,0.0,0.0,2.57,32.0,239,0.0
918,2021-03-14,Northern,Cassava,6.98,0.0,1.32,29.4,253,0.0
919,2021-03-14,Western,Maize,5.67,0.0,3.08,27.8,344,0.0
920,2021-03-14,Western,Cassava,0.0,0.0,1.05,31.1,360,0.0
921,2021-03-14,Western,Cocoa,10.62,0.0,10.75,26.2,258,0.0
922,2021-03-14,Eastern,Maize,2.05,0.0,3.11,32.4,378,0.0
923,2021-03-14,Eastern,Cocoa,5.16,0.0,14.54,32.5,380,0.0
924,2021-03-15,Greater Accra,Maize,1.72,0.0,2.97,31.3,64,0.0
925,2021-03-15,Greater Accra,Cassava,0.0,0.0,1.48,30.8,342,0.0
926,2021-03-15,Greater Accra,Cocoa,6.93,0.0,14.8,27.7,126,0.0
927,2021-03-15,Ashanti,Maize,1.21,0.0,2.35,33.3,375,0.0
928,2021-03-15,Ashanti,Cassava,0.0,0.0,1.36,30.2,375,0.0
929,2021-03-15,Ashanti,Cocoa,9.17,0.0,11.06,29.6,164,0.0
930,2021-03-15,Northern,Maize,0.0,0.0,2.88,27.2,406,0.0
931,2021-03-15,Northern,Cassava,2.44,0.0,1.2,24.5,142,0.0
932,2021-03-15,Northern,Cocoa,8.56,0.0,13.59,30.1,51,0.0
933,2021-03-15,Western,Maize,5.96,0.0,2.69,27.9,138,0.0
934,2021-03-15,Western,Cassava,3.6,0.0,1.24,25.7,386,0.0
935,2021-03-15,Eastern,Maize,5.0,0.0,2.69,32.8,402,0.0
936,2021-03-15,Eastern,Cassava,2.81,0.0,1.26,28.4,162,0.0
937,2021-03-15,Eastern,Cocoa,2.06,0.0,12.89,27.0,288,0.0
938,2021-03-16,Greater Accra,Maize,0.93,0.0,2.52,33.1,61,0.0
939,2021-03-16,Greater Accra,Cassava,8.16,0.0,1.31,27.7,252,0.0
940,2021-03-16,Greater Accra,Cocoa,9.97,0.0,11.92,32.2,405,0.0
941,2021-03-16,Ashanti,Maize,4.04,0.0,2.37,24.4,439,0.0
942,2021-03-16,Ashanti,Cassava,7.88,0.0,1.3,28.2,100,0.0
943,2021-03-16,Ashanti,Cocoa,8.58,0.0,14.46,33.7,491,0.0
944,2021-03-16,Northern,Maize,6.36,0.0,2.68,31.0,188,0.0
945,2021-03-16,Northern,Cassava,3.29,0.0,1.31,26.6,315,0.0
946,2021-03-16,Northern,Cocoa,2.57,0.0,14.6,28.9,372,0.0
947,2021-03-16,Western,Cassava,0.65,0.0,1.45,28.3,448,0.0
948,2021-03-16,Western,Cocoa,5.66,0.0,11.52,26.4,92,0.0
949,2021-03-16,Eastern,Maize,1.33,0.0,2.7,28.4,435,0.0
950,2021-03-16,Eastern,Cassava,4.15,0.0,1.17,24.7,445,0.0
951,2021-03-16,Eastern,Cocoa,0.13,0.0,14.66,26.5,73,0.0
952,2021-03-17,Greater Accra,Maize,0.59,0.0,2.73,29.2,487,0.0
953,2021-03-17,Greater Accra,Cassava,0.0,0.0,1.43,27.1,214,0.0
954,2021-03-17,Greater Accra,Cocoa,4.34,0.0,12.11,30.8,436,0.0
955,2021-03-17,Ashanti,Cassava,5.17,0.0,1.29,31.4,420,0.0
956,2021-03-17,Ashanti,Cocoa,7.66,0.0,12.54,27.0,425,0.0
957,2021-03-17,Northern,Maize,1.27,0.0,2.94,33.3,102,0.0
958,2021-03-17,Northern,Cassava,0.0,0.0,1.18,29.0,199,0.0
959,2021-03-17,Northern,Cocoa,0.0,0.0,12.97,29.9,420,0.0
960,2021-03-17,Western,Cassava,7.56,0.0,1.31,24.9,111,0.0
961,2021-03-17,Eastern,Maize,6.36,0.0,2.14,28.2,181,0.0
962,2021-03-17,Eastern,Cassava,5.64,0.0,1.11,32.9,393,0.0
963,2021-03-17,Eastern,Cocoa,1.89,0.0,14.93,28.8,370,0.0
964,2021-03-18,Greater Accra,Maize,0.0,0.0,2.87,34.0,374,0.0
965,2021-03-18,Greater Accra,Cassava,1.51,0.0,1.02,28.5,154,0.0
966,2021-03-18,Greater Accra,Cocoa,4.36,0.0,12.95,24.6,274,0.0
967,2021-03-18,Ashanti,Maize,4.31,0.0,3.03,33.8,469,0.0
968,2021-03-18,Ashanti,Cassava,0.53,0.0,1.16,29.1,245,0.0
969,2021-03-18,Ashanti,Cocoa,0.0,0.0,14.31,28.5,387,0.0
970,2021-03-18,Northern,Maize,0.0,0.0,2.55,29.5,320,0.0
971,2021-03-18,Northern,Cassava,5.89,0.0,1.28,32.3,231,0.0
972,2021-03-18,Western,Cassava,4.18,0.0,1.14,34.0,158,0.0
973,2021-03-18,Eastern,Maize,0.0,0.0,2.59,28.3,336,0.0
974,2021-03-18,Eastern,Cassava,6.68,0.0,1.42,29.6,483,0.0
975,2021-03-18,Eastern,Cocoa,0.0,0.0,11.8,33.3,330,0.0
976,2021-03-19,Greater Accra,Maize,4.33,0.0,2.93,33.3,123,0.0
977,2021-03-19,Greater Accra,Cassava,0.0,0.0,1.12,30.8,294,0.0
978,2021-03-19,Greater Accra,Cocoa,6.39,0.0,12.56,27.2,379,0.0
979,2021-03-19,Ashanti,Maize,5.56,0.0,2.28,33.7,326,0.0
980,2021-03-19,Ashanti,Cassava,2.37,0.0,1.38,29.1,415,0.0
981,2021-03-19,Ashanti,Cocoa,10.53,0.0,10.98,26.3,417,0.0
982,2021-03-19,Northern,Maize,1.04,0.0,2.73,25.1,380,0.0
983,2021-03-19,Northern,Cassava,2.09,0.0,1.13,32.7,208,0.0
984,2021-03-19,Western,Maize,7.88,0.0,2.52,25.8,193,0.0
985,2021-03-19,Western,Cassava,8.02,0.0,1.18,27.3,364,0.0
986,2021-03-19,Western,Cocoa,0.8,0.0,11.58,31.7,205,0.0
987,2021-03-20,Greater Accra,Maize,11.15,0.0,2.64,28.8,69,0.0
988,2021-03-20,Greater Accra,Cassava,2.07,0.0,1.45,32.1,219,0.0
989,2021-03-20,Greater Accra,Cocoa,8.97,0.0,14.92,30.3,52,0.0
990,2021-03-20,Ashanti,Maize,0.0,0.0,2.36,32.0,58,0.0
991,2021-03-20,Ashanti,Cassava,1.9,0.0,1.1,27.8,204,0.0
992,2021-03-20,Ashanti,Cocoa,0.0,0.0,14.69,32.7,396,0.0
993,2021-03-20,Northern,Maize,2.3,0.0,2.53,30.5,126,0.0
994,2021-03-20,Northern,Cassava,5.85,0.0,1.33,29.1,363,0.0
995,2021-03-20,Western,Maize,8.97,0.0,2.62,27.1,107,0.0
996,2021-03-20,Western,Cassava,0.0,0.0,1.02,24.7,82,0.0
997,2021-03-20,Western,Cocoa,2.88,0.0,10.73,31.5,273,0.0
998,2021-03-20,Eastern,Maize,0.0,0.0,2.59,32.9,383,0.0
999,2021-03-20,Eastern,Cassava,5.67,0.0,1.28,28.0,492,0.0
1000,2021-03-20,Eastern,Cocoa,7.08,0.0,12.73,30.9,143,0.0
1001,2021-03-21,Greater Accra,Maize,0.0,0.0,2.73,24.6,489,0.0
1002,2021-03-21,Greater Accra,Cassava,1.23,0.0,1.1,27.8,101,0.0
1003,2021-03-21,Greater Accra,Cocoa,0.71,0.0,15.3,32.3,403,0.0
1004,2021-03-21,Ashanti,Maize,4.28,0.0,2.17,32.0,295,0.0
1005,2021-03-21,Ashanti,Cocoa,1.63,0.0,15.27,29.8,410,0.0
1006,2021-03-21,Northern,Maize,4.09,0.0,2.95,26.4,106,0.0
1007,2021-03-21,Northern,Cassava,3.26,0.0,1.2,29.3,406,0.0
1008,2021-03-21,Western,Maize,6.66,0.0,2.14,25.7,459,0.0
1009,2021-03-21,Western,Cassava,4.9,0.0,1.06,27.6,101,0.0
1010,2021-03-21,Western,Cocoa,10.51,0.0,12.17,32.6,190,0.0
1011,2021-03-21,Eastern,Maize,0.78,0.0,2.79,26.8,197,0.0
1012,2021-03-21,Eastern,Cassava,2.57,0.0,1.43,33.2,143,0.0
1013,2021-03-21,Eastern,Cocoa,7.68,0.0,12.6,30.5,175,0.0
1014,2021-03-22,Greater Accra,Maize,2.39,0.0,2.81,31.9,63,0.0
1015,2021-03-22,Greater Accra,Cassava,2.95,0.0,1.47,28.8,167,0.0
1016,2021-03-22,Greater Accra,Cocoa,8.12,0.0,12.9,29.6,395,0.0
1017,2021-03-22,Ashanti,Maize,15.11,0.0,2.9,25.3,232,0.0
1018,2021-03-22,Ashanti,Cassava,4.42,0.0,1.14,33.2,264,0.0
1019,2021-03-22,Ashanti,Cocoa,2.15,0.0,13.14,25.8,433,0.0
1020,2021-03-22,Northern,Maize,6.18,0.0,2.7,24.1,241,0.0
1021,2021-03-22,Northern,Cassava,9.34,0.0,1.03,30.5,236,0.0
1022,2021-03-22,Northern,Cocoa,0.0,0.0,15.6,28.8,177,0.0
1023,2021-03-22,Western,Maize,4.9,0.0,2.96,24.4,343,0.0
1024,2021-03-22,Western,Cassava,6.38,0.0,1.17,34.0,424,0.0
1025,2021-03-22,Western,Cocoa,4.6,0.0,12.7,31.2,168,0.0
1026,2021-03-22,Eastern,Cassava,0.29,0.0,1.4,27.1,288,0.0
1027,2021-03-23,Greater Accra,Maize,6.32,0.0,2.54,28.8,65,0.0
1028,2021-03-23,Greater Accra,Cocoa,1.24,0.0,14.39,33.1,121,0.0
1029,2021-03-23,Ashanti,Maize,6.7,0.0,2.99,30.3,376,0.0
1030,2021-03-23,Ashanti,Cassava,7.14,0.0,1.33,28.7,400,0.0
1031,2021-03-23,Ashanti,Cocoa,11.82,0.0,11.72,28.4,402,0.0
1032,2021-03-23,Northern,Maize,6.67,0.0,2.36,26.8,241,0.0
1033,2021-03-23,Northern,Cassava,6.69,0.0,1.16,31.4,471,0.0
1034,2021-03-23,Northern,Cocoa,1.32,0.0,14.12,31.1,172,0.0
1035,2021-03-23,Western,Maize,0.0,0.0,3.03,32.2,100,0.0
1036,2021-03-23,Western,Cassava,11.8,0.0,1.07,28.8,205,0.0
1037,2021-03-23,Western,Cocoa,0.55,0.0,15.53,25.3,172,0.0
1038,2021-03-23,Eastern,Maize,0.0,0.0,3.05,29.9,138,0.0
1039,2021-03-23,Eastern,Cassava,2.92,0.0,1.26,25.8,408,0.0
1040,2021-03-23,Eastern,Cocoa,10.58,0.0,11.75,28.7,87,0.0
1041,2021-03-24,Greater Accra,Maize,2.24,0.0,2.24,33.3,335,0.0
1042,2021-03-24,Greater Accra,Cassava,0.0,0.0,1.38,28.2,280,0.0
1043,2021-03-24,Greater Accra,Cocoa,1.16,0.0,11.36,30.1,252,0.0
1044,2021-03-24,Northern,Maize,0.99,0.0,2.56,29.4,139,0.0
1045,2021-03-24,Northern,Cassava,5.91,0.0,1.02,28.4,173,0.0
1046,2021-03-24,Northern,Cocoa,7.52,0.0,12.46,25.4,423,0.0
1047,2021-03-24,Western,Maize,11.78,0.0,3.03,25.2,163,0.0
1048,2021-03-24,Western,Cassava,9.11,0.0,1.05,28.8,256,0.0
1049,2021-03-24,Western,Cocoa,11.1,0.0,12.23,29.5,213,0.0
1050,2021-03-24,Eastern,Maize,7.08,0.0,3.05,31.9,119,0.0
1051,2021-03-24,Eastern,Cassava,6.77,0.0,1.06,24.5,177,0.0
1052,2021-03-24,Eastern,Cocoa,0.09,0.0,15.44,30.4,475,0.0
1053,2021-03-25,Greater Accra,Maize,3.18,0.0,2.88,30.1,87,0.0
1054,2021-03-25,Ashanti,Maize,4.22,0.0,2.95,32.6,97,0.0
1055,2021-03-25,Ashanti,Cassava,10.58,0.0,1.06,25.1,330,0.0
1056,2021-03-25,Ashanti,Cocoa,7.91,0.0,15.1,30.5,462,0.0
1057,2021-03-25,Northern,Maize,0.84,0.0,2.5,30.7,493,0.0
1058,2021-03-25,Northern,Cassava,8.03,0.0,1.16,31.9,227,0.0
1059,2021-03-25,Northern,Cocoa,0.56,0.0,10.65,30.7,241,0.0
1060,2021-03-25,Western,Cassava,7.91,0.0,1.48,26.5,450,0.0
1061,2021-03-25,Western,Cocoa,6.56,0.0,14.34,30.6,80,0.0
1062,2021-03-25,Eastern,Maize,2.98,0.0,2.34,32.6,286,0.0
1063,2021-03-26,Greater Accra,Maize,8.26,0.0,2.47,28.2,380,0.0
1064,2021-03-26,Greater Accra,Cassava,2.65,0.0,1.25,31.1,164,0.0
1065,2021-03-26,Greater Accra,Cocoa,0.73,0.0,14.21,31.1,112,0.0
1066,2021-03-26,Ashanti,Maize,5.95,0.0,2.67,32.5,450,0.0
1067,2021-03-26,Ashanti,Cassava,1.62,0.0,1.07,30.9,155,0.0
1068,2021-03-26,Ashanti,Cocoa,4.45,0.0,13.65,25.2,244,0.0
1069,2021-03-26,Northern,Maize,5.04,0.0,2.63,31.8,110,0.0
1070,2021-03-26,Northern,Cassava,7.83,0.0,1.18,24.9,129,0.0
1071,2021-03-26,Western,Maize,12.81,0.0,2.86,32.1,386,0.0
1072,2021-03-26,Western,Cassava,14.41,0.0,1.14,24.7,144,0.0
1073,2021-03-26,Western,Cocoa,13.6,0.0,13.19,29.0,265,0.0
1074,2021-03-26,Eastern,Maize,5.19,0.0,2.55,28.5,306,0.0
1075,2021-03-26,Eastern,Cassava,0.0,0.0,1.11,24.9,315,0.0
1076,2021-03-26,Eastern,Cocoa,4.8,0.0,11.57,30.5,165,0.0
1077,2021-03-27,Greater Accra,Maize,1.16,0.0,2.79,30.7,323,0.0
1078,2021-03-27,Greater Accra,Cassava,0.0,0.0,1.23,32.2,50,0.0
1079,2021-03-27,Greater Accra,Cocoa,0.0,0.0,11.26,30.4,437,0.0
1080,2021-03-27,Ashanti,Maize,4.45,0.0,3.08,31.7,390,0.0
1081,2021-03-27,Ashanti,Cassava,0.33,0.0,1.45,28.6,343,0.0
1082,2021-03-27,Ashanti,Cocoa,9.77,0.0,15.62,30.1,498,0.0
1083,2021-03-27,Northern,Maize,0.68,0.0,3.03,29.6,445,0.0
1084,2021-03-27,Northern,Cassava,4.26,0.0,1.18,32.2,247,0.0
1085,2021-03-27,Northern,Cocoa,5.21,0.0,14.89,25.4,90,0.0
1086,2021-03-27,Western,Maize,7.47,0.0,2.47,25.4,461,0.0
1087,2021-03-27,Western,Cocoa,3.52,0.0,15.41,32.8,376,0.0
1088,2021-03-27,Eastern,Cassava,3.33,0.0,1.29,32.6,361,0.0
1089,2021-03-27,Eastern,Cocoa,4.54,0.0,15.48,26.8,343,0.0
1090,2021-03-28,Greater Accra,Maize,0.0,0.0,2.54,27.3,210,0.0
1091,2021-03-28,Greater Accra,Cassava,5.45,0.0,1.41,26.9,61,0.0
1092,2021-03-28,Greater Accra,Cocoa,1.7,0.0,12.25,31.2,155,0.0
1093,2021-03-28,Ashanti,Maize,10.68,0.0,2.71,29.5,190,0.0
1094,2021-03-28,Ashanti,Cassava,0.0,0.0,1.2,32.4,455,0.0
1095,2021-03-28,Ashanti,Cocoa,10.98,0.0,12.38,28.0,58,0.0
1096,2021-03-28,Northern,Maize,7.63,0.0,2.9,28.2,282,0.0
1097,2021-03-28,Northern,Cassava,0.0,0.0,1.42,31.0,356,0.0
1098,2021-03-28,Northern,Cocoa,5.63,0.0,14.9,29.3,470,0.0
1099,2021-03-28,Western,Maize,11.98,0.0,2.94,31.4,404,0.0
1100,2021-03-28,Western,Cassava,6.88,0.0,1.16,27.9,60,0.0
1101,2021-03-28,Western,Cocoa,2.72,0.0,11.37,31.5,241,0.0
1102,2021-03-28,Eastern,Maize,0.0,0.0,3.06,28.9,108,0.0
1103,2021-03-28,Eastern,Cassava,5.66,0.0,1.34,28.2,451,0.0
1104,2021-03-28,Eastern,Cocoa,1.76,0.0,12.85,33.4,54,0.0
1105,2021-03-29,Greater Accra,Maize,2.02,0.0,2.71,33.0,195,0.0
1106,2021-03-29,Greater Accra,Cassava,6.3,0.0,1.39,32.8,474,0.0
1107,2021-03-29,Greater Accra,Cocoa,0.0,0.0,12.87,27.2,194,0.0
1108,2021-03-29,Ashanti,Maize,7.49,0.0,2.31,30.8,317,0.0
1109,2021-03-29,Ashanti,Cassava,13.17,0.0,1.45,28.4,483,0.0
1110,2021-03-29,Northern,Maize,0.85,0.0,2.65,32.9,246,0.0
1111,2021-03-29,Northern,Cassava,3.5,0.0,1.05,24.2,382,0.0
1112,2021-03-29,Northern,Cocoa,0.0,0.0,11.94,25.6,305,0.0
1113,2021-03-29,Western,Maize,7.38,0.0,2.9,24.2,172,0.0
1114,2021-03-29,Western,Cocoa,8.5,0.0,14.39,31.2,144,0.0
1115,2021-03-29,Eastern,Maize,5.47,0.0,2.9,29.0,122,0.0
1116,2021-03-29,Eastern,Cassava,0.0,0.0,1.37,32.4,342,0.0
1117,2021-03-29,Eastern,Cocoa,9.15,0.0,13.26,29.2,203,0.0
1118,2021-03-30,Greater Accra,Maize,3.41,0.0,2.42,26.7,180,0.0
1119,2021-03-30,Greater Accra,Cassava,8.17,0.0,1.26,26.7,476,0.0
1120,2021-03-30,Greater Accra,Cocoa,2.86,0.0,14.81,24.7,426,0.0
1121,2021-03-30,Ashanti,Cassava,5.26,0.0,1.43,33.0,133,0.0
1122,2021-03-30,Ashanti,Cocoa,0.0,0.0,10.79,29.6,153,0.0
1123,2021-03-30,Northern,Cocoa,8.54,0.0,10.79,27.7,365,0.0
1124,2021-03-30,Western,Maize,7.38,0.0,2.18,25.4,119,0.0
1125,2021-03-30,Western,Cassava,5.21,0.0,1.47,24.1,71,0.0
1126,2021-03-30,Western,Cocoa,12.05,0.0,10.9,28.2,258,0.0
1127,2021-03-30,Eastern,Maize,0.91,0.0,2.13,32.1,385,0.0
1128,2021-03-30,Eastern,Cassava,4.77,0.0,1.27,31.3,121,0.0
1129,2021-03-31,Greater Accra,Maize,0.0,0.0,2.59,30.0,330,0.0
1130,2021-03-31,Ashanti,Maize,4.42,0.0,2.57,32.2,304,0.0
1131,2021-03-31,Ashanti,Cassava,0.0,0.0,1.44,32.9,165,0.0
1132,2021-03-31,Northern,Cassava,8.64,0.0,1.44,33.8,483,0.0
1133,2021-03-31,Northern,Cocoa,3.33,0.0,13.14,31.1,370,0.0
1134,2021-03-31,Western,Maize,9.44,0.0,2.35,31.5,150,0.0
1135,2021-03-31,Western,Cassava,2.27,0.0,1.03,32.8,365,0.0
1136,2021-03-31,Western,Cocoa,7.0,0.0,12.62,32.5,446,0.0
1137,2021-03-31,Eastern,Cassava,3.3,0.0,1.33,31.3,276,0.0
1138,2021-04-01,Greater Accra,Maize,13.5,0.0,2.31,26.7,73,0.0
1139,2021-04-01,Greater Accra,Cassava,14.58,0.0,1.5,26.5,67,0.0
1140,2021-04-01,Greater Accra,Cocoa,0.0,0.0,11.74,24.6,365,0.0
1141,2021-04-01,Ashanti,Maize,25.93,0.0,2.75,30.5,284,0.0
1142,2021-04-01,Ashanti,Cassava,13.38,0.0,1.2,28.1,411,0.0
1143,2021-04-01,Ashanti,Cocoa,30.67,0.0,12.65,25.3,272,0.0
1144,2021-04-01,Northern,Maize,21.46,0.0,2.28,28.6,278,0.0
1145,2021-04-01,Northern,Cassava,16.74,0.0,1.13,31.3,92,0.0
1146,2021-04-01,Northern,Cocoa,21.29,0.0,13.7,32.3,193,0.0
1147,2021-04-01,Western,Cassava,8.99,0.0,1.42,29.1,214,0.0
1148,2021-04-01,Western,Cocoa,28.21,0.0,11.78,25.4,156,0.0
1149,2021-04-01,Eastern,Maize,13.82,0.0,2.53,27.7,413,0.0
1150,2021-04-01,Eastern,Cassava,14.59,0.0,1.19,24.1,313,0.0
1151,2021-04-01,Eastern,Cocoa,30.56,0.0,14.98,24.2,417,0.0
1152,2021-04-02,Greater Accra,Maize,12.32,0.0,2.17,24.5,444,0.0
1153,2021-04-02,Greater Accra,Cocoa,20.6,0.0,12.54,33.4,150,0.0
1154,2021-04-02,Ashanti,Maize,11.29,0.0,2.63,32.0,421,0.0
1155,2021-04-02,Ashanti,Cassava,18.94,0.0,1.22,27.2,388,0.0
1156,2021-04-02,Ashanti,Cocoa,29.6,0.0,10.85,33.9,137,0.0
1157,2021-04-02,Northern,Maize,27.07,0.0,2.56,30.8,98,0.0
1158,2021-04-02,Northern,Cassava,22.96,0.0,1.08,25.1,293,0.0
1159,2021-04-02,Western,Maize,51.09,0.0,2.44,30.3,419,0.0
1160,2021-04-02,Western,Cassava,41.89,0.0,1.1,32.2,246,0.0
1161,2021-04-02,Western,Cocoa,51.3,0.0,0.0,27.5,494,0.0
1162,2021-04-02,Eastern,Maize,17.68,0.0,2.49,30.4,154,0.0
1163,2021-04-02,Eastern,Cassava,5.67,0.0,1.1,24.8,416,0.0
1164,2021-04-03,Greater Accra,Maize,18.53,0.0,2.79,32.3,220,0.0
1165,2021-04-03,Greater Accra,Cocoa,9.84,0.0,13.62,24.3,207,0.0
1166,2021-04-03,Ashanti,Maize,36.44,0.0,2.36,24.8,486,0.0
1167,2021-04-03,Ashanti,Cassava,34.98,0.0,1.46,31.6,411,0.0
1168,2021-04-03,Ashanti,Cocoa,35.14,0.0,13.7,31.5,460,0.0
1169,2021-04-03,Northern,Maize,16.54,0.0,2.58,31.9,334,0.0
1170,2021-04-03,Northern,Cocoa,27.91,0.0,13.67,29.6,243,0.0
1171,2021-04-03,Western,Maize,19.57,0.0,2.23,31.2,411,0.0
1172,2021-04-03,Western,Cassava,51.81,0.0,1.07,28.0,485,0.0
1173,2021-04-03,Western,Cocoa,18.88,0.0,14.82,28.5,190,0.0
1174,2021-04-03,Eastern,Maize,20.75,0.0,2.53,27.0,439,0.0
1175,2021-04-03,Eastern,Cassava,18.67,0.0,1.42,32.0,78,0.0
1176,2021-04-03,Eastern,Cocoa,30.28,0.0,11.69,24.1,174,0.0
1177,2021-04-04,Greater Accra,Maize,24.38,0.0,2.37,25.1,496,0.0
1178,2021-04-04,Greater Accra,Cassava,15.75,0.0,1.15,32.1,460,0.0
1179,2021-04-04,Greater Accra,Cocoa,22.78,0.0,11.13,31.1,84,0.0
1180,2021-04-04,Ashanti,Maize,37.02,0.0,2.56,25.1,106,0.0
1181,2021-04-04,Ashanti,Cassava,29.66,0.0,1.18,26.3,135,0.0
1182,2021-04-04,Ashanti,Cocoa,32.56,0.0,11.91,33.5,300,0.0
1183,2021-04-04,Northern,Maize,6.14,0.0,2.37,25.3,466,0.0
1184,2021-04-04,Northern,Cassava,22.15,0.0,1.42,26.5,403,0.0
1185,2021-04-04,Northern,Cocoa,20.5,0.0,14.32,32.9,341,0.0
1186,2021-04-04,Western,Maize,48.43,0.0,2.85,24.5,117,0.0
1187,2021-04-04,Western,Cassava,25.29,0.0,1.08,27.2,308,0.0
1188,2021-04-04,Eastern,Maize,13.72,0.0,2.71,32.2,299,0.0
1189,2021-04-04,Eastern,Cassava,16.35,0.0,1.11,30.3,355,0.0
1190,2021-04-04,Eastern,Cocoa,15.68,0.0,15.49,30.6,327,0.0
1191,2021-04-05,Greater Accra,Maize,21.82,0.0,2.72,31.9,456,0.0
1192,2021-04-05,Greater Accra,Cassava,4.39,0.0,1.33,26.8,463,0.0
1193,2021-04-05,Ashanti,Maize,39.44,0.0,2.73,33.7,246,0.0
1194,2021-04-05,Ashanti,Cassava,8.69,0.0,1.17,30.2,142,0.0
1195,2021-04-05,Ashanti,Cocoa,17.46,0.0,13.85,27.7,162,0.0
1196,2021-04-05,Northern,Maize,4.71,0.0,2.43,31.8,416,0.0
1197,2021-04-05,Northern,Cassava,18.54,0.0,1.2,28.0,321,0.0
1198,2021-04-05,Northern,Cocoa,12.94,0.0,13.08,31.2,130,0.0
1199,2021-04-05,Western,Maize,24.25,0.0,2.56,25.9,117,0.0
1200,2021-04-05,Western,Cassava,15.47,0.0,1.14,30.6,490,0.0
1201,2021-04-05,Western,Cocoa,16.8,0.0,15.31,29.2,59,0.0
1202,2021-04-05,Eastern,Cocoa,6.82,0.0,11.78,27.5,249,0.0
1203,2021-04-06,Greater Accra,Maize,7.49,0.0,2.32,28.1,67,0.0
1204,2021-04-06,Greater Accra,Cocoa,20.06,0.0,12.8,33.5,266,0.0
1205,2021-04-06,Ashanti,Maize,13.27,0.0,2.14,29.6,450,0.0
1206,2021-04-06,Ashanti,Cassava,7.83,0.0,1.35,33.8,454,0.0
1207,2021-04-06,Ashanti,Cocoa,36.51,0.0,13.38,27.6,300,0.0
1208,2021-04-06,Northern,Maize,16.42,0.0,2.13,27.1,120,0.0
1209,2021-04-06,Northern,Cassava,18.49,0.0,1.36,31.9,437,0.0
1210,2021-04-06,Western,Cassava,34.5,0.0,1.37,28.5,448,0.0
1211,2021-04-06,Western,Cocoa,19.62,0.0,14.61,33.2,271,0.0
1212,2021-04-06,Eastern,Cassava,17.91,0.0,1.43,26.5,473,0.0
1213,2021-04-07,Greater Accra,Maize,0.0,0.0,3.03,24.3,260,0.0
1214,2021-04-07,Greater Accra,Cocoa,10.16,0.0,13.68,31.0,231,0.0
1215,2021-04-07,Ashanti,Maize,20.78,0.0,2.16,25.4,286,0.0
1216,2021-04-07,Ashanti,Cocoa,42.48,0.0,14.99,27.3,163,0.0
1217,2021-04-07,Northern,Maize,7.92,0.0,3.02,28.5,69,0.0
1218,2021-04-07,Northern,Cassava,7.7,0.0,1.11,31.7,189,0.0
1219,2021-04-07,Northern,Cocoa,24.02,0.0,10.73,28.8,239,0.0
1220,2021-04-07,Western,Maize,19.15,0.0,2.17,26.0,343,0.0
1221,2021-04-07,Western,Cassava,43.12,0.0,1.49,30.4,363,0.0
1222,2021-04-07,Western,Cocoa,29.09,0.0,12.12,32.7,107,0.0
1223,2021-04-07,Eastern,Maize,21.04,0.0,2.33,28.4,143,0.0
1224,2021-04-07,Eastern,Cassava,22.93,0.0,1.36,29.6,89,0.0
1225,2021-04-07,Eastern,Cocoa,30.98,0.0,12.78,31.9,309,0.0
1226,2021-04-08,Greater Accra,Maize,15.15,0.0,2.59,31.9,156,0.0
1227,2021-04-08,Greater Accra,Cassava,7.98,0.0,1.07,28.4,321,0.0
1228,2021-04-08,Ashanti,Maize,26.9,0.0,2.32,27.2,284,0.0
1229,2021-04-08,Ashanti,Cassava,21.71,0.0,1.02,30.3,437,0.0
1230,2021-04-08,Ashanti,Cocoa,25.16,0.0,14.57,30.2,263,0.0
1231,2021-04-08,Northern,Cassava,22.97,0.0,1.25,26.9,188,0.0
1232,2021-04-08,Northern,Cocoa,24.68,0.0,12.74,29.1,94,0.0
1233,2021-04-08,Western,Maize,11.21,0.0,2.8,31.0,126,0.0
1234,2021-04-08,Western,Cassava,15.28,0.0,1.31,24.9,68,0.0
1235,2021-04-08,Western,Cocoa,15.77,0.0,12.41,26.8,353,0.0
1236,2021-04-08,Eastern,Maize,17.9,0.0,3.06,29.8,63,0.0
1237,2021-04-08,Eastern,Cassava,4.14,0.0,1.24,33.8,352,0.0
1238,2021-04-08,Eastern,Cocoa,28.42,0.0,15.4,32.9,57,0.0
1239,2021-04-09,Greater Accra,Maize,20.17,0.0,2.38,26.3,160,0.0
1240,2021-04-09,Greater Accra,Cassava,16.54,0.0,1.15,31.0,126,0.0
1241,2021-04-09,Greater Accra,Cocoa,7.38,0.0,10.95,32.6,77,0.0
1242,2021-04-09,Ashanti,Maize,18.27,0.0,2.15,30.4,288,0.0
1243,2021-04-09,Ashanti,Cocoa,2.9,0.0,13.56,26.6,191,0.0
1244,2021-04-09,Northern,Maize,7.72,0.0,2.91,30.7,393,0.0
1245,2021-04-09,Northern,Cassava,19.13,0.0,1.42,26.0,264,0.0
1246,2021-04-09,Northern,Cocoa,24.11,0.0,13.29,30.4,294,0.0
1247,2021-04-09,Western,Maize,21.53,0.0,2.14,26.2,67,0.0
1248,2021-04-09,Eastern,Maize,27.19,0.0,2.8,29.2,352,0.0
1249,2021-04-09,Eastern,Cassava,19.12,0.0,1.17,24.4,406,0.0
1250,2021-04-10,Greater Accra,Maize,5.55,0.0,2.31,32.1,473,0.0
1251,2021-04-10,Greater Accra,Cassava,18.81,0.0,1.22,25.4,498,0.0
1252,2021-04-10,Greater Accra,Cocoa,8.71,0.0,12.17,26.8,295,0.0
1253,2021-04-10,Ashanti,Maize,31.69,0.0,2.31,30.5,489,0.0
1254,2021-04-10,Ashanti,Cassava,9.14,0.0,1.09,28.1,326,0.0
1255,2021-04-10,Ashanti,Cocoa,21.97,0.0,12.75,25.6,183,0.0
1256,2021-04-10,Northern,Cassava,24.3,0.0,1.27,27.9,198,0.0
1257,2021-04-10,Northern,Cocoa,25.95,0.0,14.56,29.4,480,0.0
1258,2021-04-10,Western,Maize,19.31,0.0,3.08,31.3,402,0.0
1259,2021-04-10,Western,Cassava,39.54,0.0,1.21,29.1,101,0.0
1260,2021-04-10,Western,Cocoa,48.82,0.0,11.2,33.7,398,0.0
1261,2021-04-10,Eastern,Cassava,22.44,0.0,1.05,29.9,76,0.0
1262,2021-04-10,Eastern,Cocoa,22.27,0.0,12.72,33.7,106,0.0
1263,2021-04-11,Greater Accra,Maize,16.16,0.0,3.02,28.5,269,0.0
1264,2021-04-11,Greater Accra,Cassava,11.89,0.0,1.16,26.7,244,0.0
1265,2021-04-11,Greater Accra,Cocoa,12.69,0.0,12.09,26.2,131,0.0
1266,2021-04-11,Ashanti,Maize,34.03,0.0,2.35,28.6,112,0.0
1267,2021-04-11,Ashanti,Cocoa,28.99,0.0,11.35,31.4,393,0.0
1268,2021-04-11,Northern,Maize,22.91,0.0,2.67,29.3,58,0.0
1269,2021-04-11,Northern,Cassava,13.66,0.0,1.38,32.2,377,0.0
1270,2021-04-11,Northern,Cocoa,13.48,0.0,14.06,26.5,379,0.0
1271,2021-04-11,Western,Maize,25.57,0.0,3.08,33.6,76,0.0
1272,2021-04-11,Western,Cassava,35.38,0.0,1.07,32.4,269,0.0
1273,2021-04-11,Western,Cocoa,45.85,0.0,12.01,32.6,280,0.0
1274,2021-04-11,Eastern,Maize,18.22,0.0,2.37,32.9,215,0.0
1275,2021-04-11,Eastern,Cassava,15.29,0.0,1.24,30.1,160,0.0
1276,2021-04-11,Eastern,Cocoa,18.02,0.0,12.72,29.5,490,0.0
1277,2021-04-12,Greater Accra,Maize,10.38,0.0,2.53,30.5,93,0.0
1278,2021-04-12,Greater Accra,Cassava,10.45,0.0,1.3,27.7,302,0.0
1279,2021-04-12,Greater Accra,Cocoa,23.9,0.0,13.05,33.7,324,0.0
1280,2021-04-12,Ashanti,Cassava,25.59,0.0,1.29,31.1,320,0.0
1281,2021-04-12,Ashanti,Cocoa,15.8,0.0,10.8,25.7,80,0.0
1282,2021-04-12,Northern,Cassava,19.22,0.0,1.09,24.1,382,0.0
1283,2021-04-12,Northern,Cocoa,29.97,0.0,12.71,30.5,424,0.0
1284,2021-04-12,Western,Maize,13.25,0.0,2.55,30.6,445,0.0
1285,2021-04-12,Western,Cocoa,5.97,0.0,15.19,28.2,397,0.0
1286,2021-04-12,Eastern,Maize,23.32,0.0,2.91,30.5,157,0.0
1287,2021-04-12,Eastern,Cassava,25.03,0.0,1.37,32.1,109,0.0
1288,2021-04-12,Eastern,Cocoa,30.01,0.0,14.34,32.5,82,0.0
1289,2021-04-13,Greater Accra,Cassava,24.02,0.0,1.36,31.3,335,0.0
1290,2021-04-13,Greater Accra,Cocoa,21.56,0.0,12.64,26.1,201,0.0
1291,2021-04-13,Ashanti,Maize,22.39,0.0,2.64,33.8,378,0.0
1292,2021-04-13,Ashanti,Cassava,18.83,0.0,1.06,24.9,262,0.0
1293,2021-04-13,Ashanti,Cocoa,8.93,0.0,14.3,24.3,357,0.0
1294,2021-04-13,Northern,Maize,13.22,0.0,3.06,31.1,221,0.0
1295,2021-04-13,Northern,Cassava,8.8,0.0,1.18,26.1,353,0.0
1296,2021-04-13,Northern,Cocoa,8.35,0.0,14.66,26.5,421,0.0
1297,2021-04-13,Western,Maize,42.58,0.0,2.52,25.7,262,0.0
1298,2021-04-13,Western,Cassava,30.43,0.0,1.04,29.4,55,0.0
1299,2021-04-13,Eastern,Maize,9.86,0.0,2.27,32.6,75,0.0
1300,2021-04-13,Eastern,Cassava,0.0,0.0,1.24,24.2,155,0.0
1301,2021-04-13,Eastern,Cocoa,9.78,0.0,10.91,25.4,273,0.0
1302,2021-04-14,Greater Accra,Maize,11.2,0.0,2.15,29.0,259,0.0
1303,2021-04-14,Greater Accra,Cocoa,19.13,0.0,15.59,30.9,137,0.0
1304,2021-04-14,Ashanti,Maize,8.79,0.0,2.65,25.6,257,0.0
1305,2021-04-14,Ashanti,Cassava,19.18,0.0,1.33,31.1,416,0.0
1306,2021-04-14,Ashanti,Cocoa,29.67,0.0,12.34,24.8,263,0.0
1307,2021-04-14,Northern,Maize,24.99,0.0,2.54,27.9,366,0.0
1308,2021-04-14,Northern,Cassava,11.54,0.0,1.18,28.1,76,0.0
1309,2021-04-14,Western,Maize,34.16,0.0,2.92,31.8,218,0.0
1310,2021-04-14,Western,Cassava,42.84,0.0,1.14,32.8,433,0.0
1311,2021-04-14,Eastern,Maize,20.49,0.0,2.62,25.4,137,0.0
1312,2021-04-14,Eastern,Cassava,6.58,0.0,1.12,24.6,269,0.0
1313,2021-04-15,Greater Accra,Maize,9.91,0.0,2.95,31.2,134,0.0
1314,2021-04-15,Greater Accra,Cassava,17.02,0.0,1.33,27.5,468,0.0
1315,2021-04-15,Greater Accra,Cocoa,4.7,0.0,14.59,33.1,190,0.0
1316,2021-04-15,Ashanti,Maize,40.21,0.0,3.06,33.1,384,0.0
1317,2021-04-15,Ashanti,Cassava,33.67,0.0,1.17,25.0,245,0.0
1318,2021-04-15,Ashanti,Cocoa,15.51,0.0,14.87,27.0,421,0.0
1319,2021-04-15,Northern,Cassava,20.03,0.0,1.39,31.6,420,0.0
1320,2021-04-15,Northern,Cocoa,24.22,0.0,14.06,25.1,331,0.0
1321,2021-04-15,Western,Maize,20.78,0.0,2.24,32.6,364,0.0
1322,2021-04-15,Western,Cassava,46.74,0.0,1.1,29.9,136,0.0
1323,2021-04-15,Western,Cocoa,43.23,0.0,12.73,31.3,439,0.0
1324,2021-04-15,Eastern,Maize,22.41,0.0,2.77,24.9,238,0.0
1325,2021-04-15,Eastern,Cassava,14.97,0.0,0.0,26.7,228,0.0
1326,2021-04-15,Eastern,Cocoa,30.79,0.0,11.85,29.8,367,0.0
1327,2021-04-16,Greater Accra,Maize,0.0,0.0,2.45,30.4,182,0.0
1328,2021-04-16,Greater Accra,Cassava,12.97,0.0,1.4,25.9,428,0.0
1329,2021-04-16,Greater Accra,Cocoa,9.6,0.0,13.58,31.4,215,0.0
1330,2021-04-16,Ashanti,Maize,27.84,0.0,2.8,30.1,359,0.0
1331,2021-04-16,Ashanti,Cocoa,29.57,0.0,13.84,27.3,412,0.0
1332,2021-04-16,Northern,Maize,19.76,0.0,2.58,30.1,61,0.0
1333,2021-04-16,Northern,Cassava,8.49,0.0,1.12,27.4,392,0.0
1334,2021-04-16,Northern,Cocoa,7.92,0.0,15.38,31.9,217,0.0
1335,2021-04-16,Western,Cassava,53.92,0.0,1.23,30.3,66,0.0
1336,2021-04-16,Western,Cocoa,26.2,0.0,11.43,25.2,210,0.0
1337,2021-04-16,Eastern,Maize,15.35,0.0,0.0,32.1,159,0.0
1338,2021-04-16,Eastern,Cassava,25.13,0.0,1.4,25.1,117,0.0
1339,2021-04-16,Eastern,Cocoa,23.82,0.0,11.2,34.0,302,0.0
1340,2021-04-17,Greater Accra,Cassava,2.59,0.0,1.29,24.2,155,0.0
1341,2021-04-17,Greater Accra,Cocoa,7.18,0.0,11.68,25.5,313,0.0
1342,2021-04-17,Ashanti,Maize,23.38,0.0,2.54,30.6,359,0.0
1343,2021-04-17,Ashanti,Cassava,26.64,0.0,1.41,29.5,291,0.0
1344,2021-04-17,Ashanti,Cocoa,43.77,0.0,12.09,27.6,401,0.0
1345,2021-04-17,Northern,Maize,10.52,0.0,2.52,29.0,375,0.0
1346,2021-04-17,Northern,Cassava,17.7,0.0,1.03,25.3,339,0.0
1347,2021-04-17,Northern,Cocoa,17.26,0.0,14.81,31.2,317,0.0
1348,2021-04-17,Western,Maize,37.77,0.0,2.33,27.4,145,0.0
1349,2021-04-17,Western,Cassava,46.12,0.0,1.32,32.5,493,0.0
1350,2021-04-17,Western,Cocoa,33.79,0.0,12.79,24.7,359,0.0
1351,2021-04-17,Eastern,Maize,30.82,0.0,3.04,32.1,199,0.0
1352,2021-04-17,Eastern,Cassava,19.22,0.0,1.4,27.2,347,0.0
1353,2021-04-17,Eastern,Cocoa,14.66,0.0,11.95,31.0,317,0.0
1354,2021-04-18,Greater Accra,Maize,4.74,0.0,2.45,28.8,111,0.0
1355,2021-04-18,Greater Accra,Cassava,12.19,0.0,1.21,28.3,216,0.0
1356,2021-04-18,Greater Accra,Cocoa,12.73,0.0,15.43,28.2,492,0.0
1357,2021-04-18,Ashanti,Maize,40.5,0.0,2.81,30.8,187,0.0
1358,2021-04-18,Ashanti,Cassava,20.97,0.0,1.34,27.2,334,0.0
1359,2021-04-18,Ashanti,Cocoa,46.93,0.0,10.78,25.7,151,0.0
1360,2021-04-18,Northern,Maize,15.05,0.0,2.53,28.1,371,0.0
1361,2021-04-18,Northern,Cassava,11.81,0.0,1.33,27.1,174,0.0
1362,2021-04-18,Northern,Cocoa,19.94,0.0,13.92,28.0,250,0.0
1363,2021-04-18,Western,Cassava,22.45,0.0,1.15,29.3,377,0.0
1364,2021-04-18,Western,Cocoa,15.8,0.0,11.98,32.6,77,0.0
1365,2021-04-18,Eastern,Maize,26.7,0.0,2.72,33.3,446,0.0
1366,2021-04-18,Eastern,Cocoa,23.93,0.0,11.19,30.8,83,0.0
1367,2021-04-19,Greater Accra,Maize,22.14,0.0,3.11,32.3,309,0.0
1368,2021-04-19,Greater Accra,Cocoa,17.35,0.0,14.81,24.9,189,0.0
1369,2021-04-19,Ashanti,Maize,3.59,0.0,3.0,25.3,161,0.0
1370,2021-04-19,Ashanti,Cassava,21.07,0.0,1.1,31.0,135,0.0
1371,2021-04-19,Ashanti,Cocoa,26.55,0.0,10.74,27.3,73,0.0
1372,2021-04-19,Northern,Maize,7.96,0.0,2.91,30.3,404,0.0
1373,2021-04-19,Northern,Cassava,10.41,0.0,1.26,29.2,305,0.0
1374,2021-04-19,Northern,Cocoa,25.56,0.0,13.0,25.2,205,0.0
1375,2021-04-19,Western,Maize,8.63,0.0,2.75,27.4,204,0.0
1376,2021-04-19,Western,Cassava,23.75,0.0,1.35,31.0,263,0.0
1377,2021-04-19,Eastern,Maize,16.63,0.0,2.66,32.3,365,0.0
1378,2021-04-19,Eastern,Cassava,10.03,0.0,1.17,31.7,164,0.0
1379,2021-04-19,Eastern,Cocoa,18.19,0.0,12.8,27.3,169,0.0
1380,2021-04-20,Greater Accra,Maize,2.2,0.0,2.42,26.8,369,0.0
1381,2021-04-20,Greater Accra,Cassava,11.49,0.0,1.13,24.8,105,0.0
1382,2021-04-20,Greater Accra,Cocoa,11.92,0.0,13.33,24.2,375,0.0
1383,2021-04-20,Ashanti,Maize,25.79,0.0,3.06,32.4,462,0.0
1384,2021-04-20,Ashanti,Cassava,36.88,0.0,1.21,26.2,286,0.0
1385,2021-04-20,Ashanti,Cocoa,18.14,0.0,13.97,30.3,375,0.0
1386,2021-04-20,Northern,Maize,32.89,0.0,2.22,26.7,208,0.0
1387,2021-04-20,Northern,Cassava,12.06,0.0,1.44,28.0,117,0.0
1388,2021-04-20,Northern,Cocoa,17.17,0.0,14.17,27.7,229,0.0
1389,2021-04-20,Western,Maize,25.83,0.0,2.74,29.0,54,0.0
1390,2021-04-20,Western,Cassava,13.48,0.0,1.47,31.6,312,0.0
1391,2021-04-20,Western,Cocoa,44.71,0.0,15.16,29.3,177,0.0
1392,2021-04-20,Eastern,Maize,6.81,0.0,2.76,33.8,435,0.0
1393,2021-04-20,Eastern,Cassava,17.39,0.0,1.25,27.8,225,0.0
1394,2021-04-20,Eastern,Cocoa,28.62,0.0,14.94,30.5,193,0.0
1395,2021-04-21,Greater Accra,Maize,17.17,0.0,2.42,31.1,378,0.0
1396,2021-04-21,Greater Accra,Cassava,5.32,0.0,1.43,30.9,460,0.0
1397,2021-04-21,Ashanti,Maize,33.17,0.0,2.37,30.2,225,0.0
1398,2021-04-21,Ashanti,Cassava,38.66,0.0,1.06,31.8,331,0.0
1399,2021-04-21,Ashanti,Cocoa,28.03,0.0,15.02,32.1,187,0.0
1400,2021-04-21,Northern,Maize,6.08,0.0,2.71,31.2,234,0.0
1401,2021-04-21,Northern,Cassava,10.38,0.0,1.03,30.9,140,0.0
1402,2021-04-21,Northern,Cocoa,0.0,0.0,12.19,24.1,399,0.0
1403,2021-04-21,Western,Maize,31.69,0.0,2.28,30.7,418,0.0
1404,2021-04-21,Western,Cocoa,43.58,0.0,13.83,31.7,143,0.0
1405,2021-04-21,Eastern,Maize,20.8,0.0,2.71,28.0,463,0.0
1406,2021-04-21,Eastern,Cocoa,26.07,0.0,13.42,24.6,438,0.0
1407,2021-04-22,Greater Accra,Maize,4.28,0.0,2.42,27.0,342,0.0
1408,2021-04-22,Greater Accra,Cassava,10.02,0.0,1.09,28.6,55,0.0
1409,2021-04-22,Ashanti,Maize,17.86,0.0,3.1,31.2,230,0.0
1410,2021-04-22,Ashanti,Cassava,34.44,0.0,1.45,26.8,65,0.0
1411,2021-04-22,Ashanti,Cocoa,34.87,0.0,14.98,30.6,80,0.0
1412,2021-04-22,Northern,Cassava,10.55,0.0,1.23,28.6,58,0.0
1413,2021-04-22,Northern,Cocoa,23.7,0.0,12.21,31.3,353,0.0
1414,2021-04-22,Western,Maize,15.27,0.0,3.04,32.2,257,0.0
1415,2021-04-22,Western,Cassava,15.43,0.0,1.34,25.6,378,0.0
1416,2021-04-22,Western,Cocoa,45.0,0.0,13.74,24.1,248,0.0
1417,2021-04-22,Eastern,Maize,15.91,0.0,2.84,25.7,269,0.0
1418,2021-04-22,Eastern,Cassava,21.75,0.0,1.26,28.3,344,0.0
1419,2021-04-22,Eastern,Cocoa,23.57,0.0,15.38,25.8,127,0.0
1420,2021-04-23,Greater Accra,Maize,10.68,0.0,2.29,29.4,126,0.0
1421,2021-04-23,Greater Accra,Cocoa,18.66,0.0,13.84,26.8,495,0.0
1422,2021-04-23,Ashanti,Maize,21.35,0.0,3.09,32.3,102,0.0
1423,2021-04-23,Ashanti,Cassava,26.72,0.0,1.48,25.6,206,0.0
1424,2021-04-23,Ashanti,Cocoa,18.58,0.0,12.83,30.3,304,0.0
1425,2021-04-23,Northern,Maize,8.54,0.0,2.28,24.4,438,0.0
1426,2021-04-23,Western,Maize,48.38,0.0,2.24,33.5,195,0.0
1427,2021-04-23,Western,Cassava,51.65,0.0,1.15,29.1,483,0.0
1428,2021-04-23,Western,Cocoa,41.11,0.0,10.99,30.9,198,0.0
1429,2021-04-23,Eastern,Maize,26.21,0.0,2.97,28.9,320,0.0
1430,2021-04-23,Eastern,Cassava,7.37,0.0,1.05,24.5,321,0.0
1431,2021-04-23,Eastern,Cocoa,24.95,0.0,11.41,33.5,183,0.0
1432,2021-04-24,Greater Accra,Maize,1.8,0.0,2.28,28.2,109,0.0
1433,2021-04-24,Greater Accra,Cassava,15.57,0.0,1.26,25.3,417,0.0
1434,2021-04-24,Greater Accra,Cocoa,16.61,0.0,11.39,33.1,198,0.0
1435,2021-04-24,Ashanti,Maize,13.94,0.0,2.9,25.7,339,0.0
1436,2021-04-24,Ashanti,Cassava,18.74,0.0,1.42,24.2,101,0.0
1437,2021-04-24,Ashanti,Cocoa,29.42,0.0,15.14,25.0,242,0.0
1438,2021-04-24,Northern,Maize,23.41,0.0,2.42,25.7,329,0.0
1439,2021-04-24,Northern,Cassava,14.09,0.0,1.38,27.9,212,0.0
1440,2021-04-24,Northern,Cocoa,12.22,0.0,11.79,33.9,324,0.0
1441,2021-04-24,Western,Maize,40.0,0.0,2.4,32.0,471,0.0
1442,2021-04-24,Western,Cocoa,7.72,0.0,13.04,29.0,251,0.0
1443,2021-04-24,Eastern,Cassava,13.43,0.0,1.49,27.2,470,0.0
1444,2021-04-24,Eastern,Cocoa,8.96,0.0,11.87,26.2,166,0.0
1445,2021-04-25,Greater Accra,Maize,10.9,0.0,2.53,32.7,436,0.0
1446,2021-04-25,Greater Accra,Cocoa,19.96,0.0,10.86,26.2,365,0.0
1447,2021-04-25,Ashanti,Maize,32.74,0.0,2.77,28.2,277,0.0
1448,2021-04-25,Ashanti,Cassava,40.61,0.0,1.05,29.1,99,0.0
1449,2021-04-25,Ashanti,Cocoa,24.88,0.0,11.91,24.1,457,0.0
1450,2021-04-25,Northern,Maize,11.47,0.0,2.52,32.5,262,0.0
1451,2021-04-25,Northern,Cassava,22.56,0.0,1.21,26.1,440,0.0
1452,2021-04-25,Northern,Cocoa,21.36,0.0,14.63,27.5,135,0.0
1453,2021-04-25,Western,Maize,49.87,0.0,2.27,26.2,450,0.0
1454,2021-04-25,Western,Cassava,21.05,0.0,1.25,29.0,390,0.0
1455,2021-04-25,Western,Cocoa,14.48,0.0,11.29,29.2,310,0.0
1456,2021-04-25,Eastern,Maize,11.5,0.0,2.46,29.5,75,0.0
1457,2021-04-25,Eastern,Cassava,10.0,0.0,1.25,31.8,439,0.0
1458,2021-04-25,Eastern,Cocoa,25.01,0.0,13.18,30.2,436,0.0
1459,2021-04-26,Greater Accra,Maize,0.3,0.0,2.81,31.9,432,0.0
1460,2021-04-26,Greater Accra,Cocoa,13.41,0.0,11.16,28.9,93,0.0
1461,2021-04-26,Ashanti,Maize,40.75,0.0,2.19,30.4,486,0.0
1462,2021-04-26,Ashanti,Cassava,10.86,0.0,1.49,33.5,371,0.0
1463,2021-04-26,Ashanti,Cocoa,35.02,0.0,14.74,26.7,166,0.0
1464,2021-04-26,Northern,Maize,17.85,0.0,2.59,29.4,152,0.0
1465,2021-04-26,Northern,Cocoa,4.69,0.0,11.1,30.6,422,0.0
1466,2021-04-26,Western,Maize,29.81,0.0,2.15,26.5,350,0.0
1467,2021-04-26,Western,Cassava,14.76,0.0,1.44,33.3,310,0.0
1468,2021-04-26,Western,Cocoa,49.05,0.0,14.55,26.0,181,0.0
1469,2021-04-26,Eastern,Maize,8.87,0.0,2.38,29.9,92,0.0
1470,2021-04-26,Eastern,Cassava,22.92,0.0,1.04,24.8,177,0.0
1471,2021-04-26,Eastern,Cocoa,23.04,0.0,12.45,27.5,145,0.0
1472,2021-04-27,Greater Accra,Maize,28.57,0.0,2.6,33.9,206,0.0
1473,2021-04-27,Greater Accra,Cassava,18.11,0.0,1.34,28.1,152,0.0
1474,2021-04-27,Greater Accra,Cocoa,16.8,0.0,15.21,24.5,318,0.0
1475,2021-04-27,Ashanti,Maize,17.27,0.0,2.98,33.9,485,0.0
1476,2021-04-27,Ashanti,Cassava,32.31,0.0,1.4,32.2,410,0.0
1477,2021-04-27,Ashanti,Cocoa,33.93,0.0,15.49,24.6,120,0.0
1478,2021-04-27,Northern,Maize,26.96,0.0,2.99,28.8,176,0.0
1479,2021-04-27,Northern,Cassava,7.94,0.0,1.47,32.1,431,0.0
1480,2021-04-27,Northern,Cocoa,23.03,0.0,12.3,24.3,446,0.0
1481,2021-04-27,Western,Maize,15.21,0.0,2.33,30.0,264,0.0
1482,2021-04-27,Western,Cocoa,40.3,0.0,13.4,28.2,83,0.0
1483,2021-04-27,Eastern,Maize,36.05,0.0,2.49,26.8,472,0.0
1484,2021-04-27,Eastern,Cassava,11.08,0.0,1.36,24.8,323,0.0
1485,2021-04-27,Eastern,Cocoa,23.15,0.0,14.94,31.4,58,0.0
1486,2021-04-28,Greater Accra,Maize,7.75,0.0,2.68,33.2,299,0.0
1487,2021-04-28,Greater Accra,Cassava,11.17,0.0,1.03,25.3,207,0.0
1488,2021-04-28,Greater Accra,Cocoa,26.63,0.0,11.24,26.1,64,0.0
1489,2021-04-28,Ashanti,Maize,16.84,0.0,2.74,29.3,276,0.0
1490,2021-04-28,Ashanti,Cassava,32.26,0.0,1.35,31.8,469,0.0
1491,2021-04-28,Ashanti,Cocoa,7.76,0.0,12.99,30.8,88,0.0
1492,2021-04-28,Northern,Maize,19.27,0.0,2.32,24.8,329,0.0
1493,2021-04-28,Northern,Cassava,8.51,0.0,1.15,29.1,435,0.0
1494,2021-04-28,Northern,Cocoa,22.73,0.0,13.28,27.5,411,0.0
1495,2021-04-28,Western,Maize,25.81,0.0,2.79,26.3,387,0.0
1496,2021-04-28,Western,Cassava,31.72,0.0,1.28,28.9,461,0.0
1497,2021-04-28,Western,Cocoa,32.83,0.0,12.31,29.7,108,0.0
1498,2021-04-28,Eastern,Maize,4.1,0.0,2.57,25.9,84,0.0
1499,2021-04-28,Eastern,Cassava,13.97,0.0,1.3,30.7,231,0.0
1500,2021-04-28,Eastern,Cocoa,31.98,0.0,13.42,27.2,96,0.0
1501,2021-04-29,Greater Accra,Cassava,11.96,0.0,1.41,25.2,63,0.0
1502,2021-04-29,Greater Accra,Cocoa,17.35,0.0,12.61,26.2,232,0.0
1503,2021-04-29,Ashanti,Maize,13.03,0.0,3.06,27.2,151,0.0
1504,2021-04-29,Ashanti,Cassava,34.37,0.0,1.38,32.9,181,0.0
1505,2021-04-29,Ashanti,Cocoa,23.91,0.0,12.71,29.6,294,0.0
1506,2021-04-29,Northern,Cassava,7.21,0.0,1.03,33.1,377,0.0
1507,2021-04-29,Western,Cassava,16.03,0.0,1.15,29.0,460,0.0
1508,2021-04-29,Western,Cocoa,48.86,0.0,13.92,27.4,156,0.0
1509,2021-04-29,Eastern,Maize,28.27,0.0,3.12,24.1,223,0.0
1510,2021-04-29,Eastern,Cassava,31.25,0.0,1.32,26.3,468,0.0
1511,2021-04-30,Greater Accra,Maize,23.29,0.0,2.59,29.1,213,0.0
1512,2021-04-30,Greater Accra,Cassava,14.91,0.0,1.39,29.3,450,0.0
1513,2021-04-30,Greater Accra,Cocoa,19.59,0.0,14.14,28.5,321,0.0
1514,2021-04-30,Ashanti,Maize,30.26,0.0,2.63,32.9,196,0.0
1515,2021-04-30,Ashanti,Cassava,12.16,0.0,1.08,29.2,211,0.0
1516,2021-04-30,Ashanti,Cocoa,6.13,0.0,15.52,29.9,458,0.0
1517,2021-04-30,Northern,Maize,19.89,0.0,2.14,30.2,325,0.0
1518,2021-04-30,Northern,Cassava,13.81,0.0,1.13,25.6,173,0.0
1519,2021-04-30,Northern,Cocoa,27.24,0.0,11.95,27.0,386,0.0
1520,2021-04-30,Western,Maize,36.2,0.0,2.61,28.1,239,0.0
1521,2021-04-30,Western,Cassava,17.77,0.0,1.17,25.7,130,0.0
1522,2021-04-30,Western,Cocoa,15.17,0.0,10.75,30.3,371,0.0
1523,2021-04-30,Eastern,Maize,5.68,0.0,2.88,24.2,402,0.0
1524,2021-04-30,Eastern,Cassava,24.97,0.0,1.03,32.6,431,0.0
1525,2021-04-30,Eastern,Cocoa,35.32,0.0,15.59,26.3,474,0.0
1526,2021-05-01,Greater Accra,Maize,8.81,0.0,2.61,30.3,393,0.0
1527,2021-05-01,Greater Accra,Cassava,13.96,0.0,1.25,33.2,221,0.0
1528,2021-05-01,Greater Accra,Cocoa,5.16,0.0,15.1,32.9,169,0.0
1529,2021-05-01,Ashanti,Maize,19.23,0.0,2.41,24.5,121,0.0
1530,2021-05-01,Ashanti,Cassava,16.57,0.0,1.2,28.3,250,0.0
1531,2021-05-01,Ashanti,Cocoa,24.37,0.0,12.58,33.2,432,0.0
1532,2021-05-01,Northern,Maize,20.73,0.0,2.57,32.7,74,0.0
1533,2021-05-01,Northern,Cassava,2.48,0.0,1.11,24.6,227,0.0
1534,2021-05-01,Northern,Cocoa,15.51,0.0,12.82,28.5,88,0.0
1535,2021-05-01,Western,Maize,17.82,0.0,2.27,25.0,369,0.0
1536,2021-05-01,Western,Cassava,15.85,0.0,1.32,27.0,277,0.0
1537,2021-05-01,Western,Cocoa,16.34,0.0,15.55,30.7,72,0.0
1538,2021-05-01,Eastern,Maize,19.84,0.0,2.3,27.1,411,0.0
1539,2021-05-01,Eastern,Cassava,36.46,0.0,1.37,28.8,485,0.0
1540,2021-05-01,Eastern,Cocoa,18.94,0.0,11.22,29.7,126,0.0
1541,2021-05-02,Greater Accra,Maize,14.39,0.0,2.83,26.9,155,0.0
1542,2021-05-02,Greater Accra,Cassava,23.79,0.0,1.14,24.2,334,0.0
1543,2021-05-02,Greater Accra,Cocoa,13.39,0.0,12.52,27.8,121,0.0
1544,2021-05-02,Ashanti,Maize,28.43,0.0,2.92,29.8,132,0.0
1545,2021-05-02,Ashanti,Cassava,21.23,0.0,1.18,31.3,458,0.0
1546,2021-05-02,Ashanti,Cocoa,6.42,0.0,14.56,33.8,433,0.0
1547,2021-05-02,Northern,Maize,12.42,0.0,0.0,32.9,287,0.0
1548,2021-05-02,Northern,Cassava,7.75,0.0,1.35,30.8,94,0.0
1549,2021-05-02,Northern,Cocoa,23.64,0.0,12.61,27.1,495,0.0
1550,2021-05-02,Western,Maize,33.27,0.0,2.9,31.2,410,0.0
1551,2021-05-02,Western,Cassava,0.0,0.0,1.19,28.3,107,0.0
1552,2021-05-02,Western,Cocoa,50.39,0.0,14.77,25.1,266,0.0
1553,2021-05-02,Eastern,Maize,10.28,0.0,2.18,30.6,316,0.0
1554,2021-05-02,Eastern,Cassava,26.28,0.0,1.25,33.8,85,0.0
1555,2021-05-02,Eastern,Cocoa,12.16,0.0,14.66,26.8,335,0.0
1556,2021-05-03,Greater Accra,Maize,6.29,0.0,2.85,33.1,477,0.0
1557,2021-05-03,Greater Accra,Cocoa,13.83,0.0,11.59,27.9,89,0.0
1558,2021-05-03,Ashanti,Maize,22.44,0.0,2.35,31.1,72,0.0
1559,2021-05-03,Ashanti,Cassava,33.35,0.0,1.4,33.7,139,0.0
1560,2021-05-03,Ashanti,Cocoa,9.72,0.0,13.08,32.7,365,0.0
1561,2021-05-03,Northern,Maize,3.5,0.0,2.91,26.5,183,0.0
1562,2021-05-03,Northern,Cassava,12.42,0.0,1.21,31.4,346,0.0
1563,2021-05-03,Western,Maize,46.7,0.0,0.0,29.2,115,0.0
1564,2021-05-03,Western,Cassava,8.17,0.0,1.16,31.7,458,0.0
1565,2021-05-03,Western,Cocoa,9.13,0.0,11.13,30.3,463,0.0
1566,2021-05-03,Eastern,Maize,37.52,0.0,2.99,24.0,87,0.0
1567,2021-05-03,Eastern,Cassava,18.58,0.0,1.08,33.7,55,0.0
1568,2021-05-03,Eastern,Cocoa,17.26,0.0,15.61,28.9,63,0.0
1569,2021-05-04,Greater Accra,Cassava,17.83,0.0,1.19,24.2,417,0.0
1570,2021-05-04,Ashanti,Maize,43.0,0.0,3.02,32.9,250,0.0
1571,2021-05-04,Ashanti,Cassava,19.94,0.0,1.22,30.3,274,0.0
1572,2021-05-04,Ashanti,Cocoa,22.91,0.0,12.62,30.5,380,0.0
1573,2021-05-04,Northern,Maize,15.65,0.0,2.28,31.9,69,0.0
1574,2021-05-04,Northern,Cassava,10.01,0.0,1.16,25.9,94,0.0
1575,2021-05-04,Northern,Cocoa,10.43,0.0,11.56,28.5,277,0.0
1576,2021-05-04,Western,Maize,10.59,0.0,2.42,27.5,236,0.0
1577,2021-05-04,Western,Cassava,11.4,0.0,1.06,30.4,316,0.0
1578,2021-05-04,Western,Cocoa,37.94,0.0,14.29,27.9,75,0.0
1579,2021-05-04,Eastern,Maize,18.5,0.0,2.98,33.7,185,0.0
1580,2021-05-04,Eastern,Cassava,15.03,0.0,1.31,33.5,74,0.0
1581,2021-05-05,Greater Accra,Maize,8.42,0.0,2.41,26.7,359,0.0
1582,2021-05-05,Greater Accra,Cassava,6.24,0.0,1.27,29.1,191,0.0
1583,2021-05-05,Ashanti,Cassava,37.09,0.0,1.42,30.8,356,0.0
1584,2021-05-05,Ashanti,Cocoa,35.64,0.0,12.26,29.0,481,0.0
1585,2021-05-05,Northern,Maize,13.14,0.0,2.37,24.5,412,0.0
1586,2021-05-05,Northern,Cocoa,25.79,0.0,13.29,25.4,100,0.0
1587,2021-05-05,Western,Cassava,10.33,0.0,1.27,29.9,328,0.0
1588,2021-05-05,Eastern,Cocoa,15.67,0.0,14.61,28.3,282,0.0
1589,2021-05-06,Greater Accra,Maize,16.75,0.0,2.93,25.7,478,0.0
1590,2021-05-06,Greater Accra,Cassava,16.78,0.0,1.26,30.2,285,0.0
1591,2021-05-06,Greater Accra,Cocoa,8.62,0.0,15.59,24.9,134,0.0
1592,2021-05-06,Ashanti,Maize,35.37,0.0,2.71,24.7,79,0.0
1593,2021-05-06,Ashanti,Cocoa,29.04,0.0,12.28,24.9,490,0.0
1594,2021-05-06,Northern,Maize,29.4,0.0,2.95,24.7,162,0.0
1595,2021-05-06,Northern,Cassava,27.38,0.0,1.44,27.0,360,0.0
1596,2021-05-06,Northern,Cocoa,13.32,0.0,13.5,29.8,472,0.0
1597,2021-05-06,Western,Cassava,39.6,0.0,1.18,24.1,400,0.0
1598,2021-05-06,Eastern,Maize,5.36,0.0,2.83,32.5,128,0.0
1599,2021-05-06,Eastern,Cassava,11.97,0.0,1.24,25.9,326,0.0
1600,2021-05-06,Eastern,Cocoa,14.77,0.0,13.89,32.6,247,0.0
1601,2021-05-07,Greater Accra,Maize,12.06,0.0,2.68,29.3,475,0.0
1602,2021-05-07,Greater Accra,Cassava,11.02,0.0,1.13,32.8,311,0.0
1603,2021-05-07,Greater Accra,Cocoa,15.75,0.0,10.71,27.3,335,0.0
1604,2021-05-07,Ashanti,Maize,16.05,0.0,2.6,25.9,442,0.0
1605,2021-05-07,Ashanti,Cassava,34.83,0.0,1.33,32.7,96,0.0
1606,2021-05-07,Ashanti,Cocoa,28.68,0.0,15.08,26.6,442,0.0
1607,2021-05-07,Northern,Maize,15.69,0.0,3.0,25.3,394,0.0
1608,2021-05-07,Northern,Cassava,4.22,0.0,1.07,29.7,261,0.0
1609,2021-05-07,Northern,Cocoa,19.96,0.0,11.67,29.2,223,0.0
1610,2021-05-07,Western,Maize,29.46,0.0,2.43,30.8,293,0.0
1611,2021-05-07,Western,Cassava,29.91,0.0,1.15,29.7,270,0.0
1612,2021-05-07,Western,Cocoa,21.51,0.0,13.27,26.9,327,0.0
1613,2021-05-07,Eastern,Maize,31.13,0.0,2.51,33.3,357,0.0
1614,2021-05-07,Eastern,Cassava,16.73,0.0,1.37,32.3,427,0.0
1615,2021-05-08,Greater Accra,Maize,9.66,0.0,2.13,26.5,58,0.0
1616,2021-05-08,Greater Accra,Cassava,13.98,0.0,1.14,31.3,130,0.0
1617,2021-05-08,Greater Accra,Cocoa,5.14,0.0,13.7,25.9,184,0.0
1618,2021-05-08,Ashanti,Maize,7.51,0.0,2.48,25.4,290,0.0
1619,2021-05-08,Ashanti,Cassava,14.42,0.0,1.4,26.4,365,0.0
1620,2021-05-08,Northern,Maize,8.4,0.0,3.01,32.1,317,0.0
1621,2021-05-08,Northern,Cocoa,6.66,0.0,14.79,27.3,276,0.0
1622,2021-05-08,Western,Maize,10.95,0.0,2.68,26.9,279,0.0
1623,2021-05-08,Western,Cocoa,19.75,0.0,13.52,27.7,131,0.0
1624,2021-05-08,Eastern,Maize,11.5,0.0,2.63,32.9,172,0.0
1625,2021-05-08,Eastern,Cassava,10.52,0.0,1.49,29.5,193,0.0
1626,2021-05-08,Eastern,Cocoa,32.92,0.0,13.68,27.6,484,0.0
1627,2021-05-09,Greater Accra,Maize,19.87,0.0,2.52,30.1,402,0.0
1628,2021-05-09,Greater Accra,Cassava,11.05,0.0,1.24,29.8,349,0.0
1629,2021-05-09,Greater Accra,Cocoa,2.02,0.0,14.24,27.2,293,0.0
1630,2021-05-09,Ashanti,Maize,11.88,0.0,2.77,25.8,287,0.0
1631,2021-05-09,Ashanti,Cassava,5.08,0.0,1.33,25.2,375,0.0
1632,2021-05-09,Ashanti,Cocoa,24.87,0.0,12.99,31.0,342,0.0
1633,2021-05-09,Northern,Cassava,13.63,0.0,1.1,28.4,95,0.0
1634,2021-05-09,Northern,Cocoa,17.78,0.0,15.21,31.1,458,0.0
1635,2021-05-09,Western,Maize,36.99,0.0,2.99,29.1,378,0.0
1636,2021-05-09,Western,Cassava,43.68,0.0,1.08,25.7,370,0.0
1637,2021-05-09,Western,Cocoa,15.59,0.0,13.25,33.5,216,0.0
1638,2021-05-09,Eastern,Maize,12.22,0.0,2.29,27.0,372,0.0
1639,2021-05-09,Eastern,Cassava,22.91,0.0,1.42,31.1,252,0.0
1640,2021-05-09,Eastern,Cocoa,10.64,0.0,14.24,31.2,155,0.0
1641,2021-05-10,Greater Accra,Maize,4.84,0.0,2.15,33.2,90,0.0
1642,2021-05-10,Greater Accra,Cocoa,13.47,0.0,10.92,33.6,479,0.0
1643,2021-05-10,Ashanti,Maize,1.62,0.0,2.9,24.4,409,0.0
1644,2021-05-10,Ashanti,Cassava,41.19,0.0,1.16,25.3,453,0.0
1645,2021-05-10,Northern,Maize,23.68,0.0,2.23,28.5,462,0.0
1646,2021-05-10,Northern,Cassava,20.94,0.0,1.08,32.1,497,0.0
1647,2021-05-10,Northern,Cocoa,16.07,0.0,12.79,32.2,259,0.0
1648,2021-05-10,Western,Cassava,28.86,0.0,1.2,24.7,257,0.0
1649,2021-05-10,Western,Cocoa,54.65,0.0,0.0,32.3,447,0.0
1650,2021-05-10,Eastern,Maize,18.87,0.0,2.21,27.9,197,0.0
1651,2021-05-10,Eastern,Cassava,25.55,0.0,1.41,24.8,238,0.0
1652,2021-05-10,Eastern,Cocoa,25.13,0.0,14.84,28.8,285,0.0
1653,2021-05-11,Greater Accra,Maize,3.67,0.0,2.44,29.1,218,0.0
1654,2021-05-11,Greater Accra,Cassava,19.2,0.0,1.26,27.0,346,0.0
1655,2021-05-11,Greater Accra,Cocoa,10.83,0.0,10.65,30.5,330,0.0
1656,2021-05-11,Ashanti,Maize,38.67,0.0,2.2,25.1,248,0.0
1657,2021-05-11,Ashanti,Cocoa,22.71,0.0,12.7,25.1,72,0.0
1658,2021-05-11,Northern,Maize,17.01,0.0,3.0,32.6,104,0.0
1659,2021-05-11,Northern,Cassava,19.35,0.0,1.05,29.9,289,0.0
1660,2021-05-11,Western,Cassava,37.05,0.0,1.17,27.2,226,0.0
1661,2021-05-11,Western,Cocoa,46.81,0.0,15.53,27.5,495,0.0
1662,2021-05-11,Eastern,Maize,10.92,0.0,2.21,32.7,397,0.0
1663,2021-05-11,Eastern,Cassava,13.42,0.0,1.34,27.9,438,0.0
1664,2021-05-11,Eastern,Cocoa,14.63,0.0,15.08,25.7,235,0.0
1665,2021-05-12,Greater Accra,Maize,3.35,0.0,2.51,28.1,469,0.0
1666,2021-05-12,Greater Accra,Cassava,14.2,0.0,1.47,31.4,461,0.0
1667,2021-05-12,Greater Accra,Cocoa,9.91,0.0,12.13,28.0,144,0.0
1668,2021-05-12,Ashanti,Maize,12.0,0.0,2.17,32.7,118,0.0
1669,2021-05-12,Ashanti,Cassava,5.76,0.0,1.31,32.4,377,0.0
1670,2021-05-12,Ashanti,Cocoa,32.76,0.0,11.91,29.6,260,0.0
1671,2021-05-12,Northern,Maize,12.52,0.0,2.67,25.4,136,0.0
1672,2021-05-12,Northern,Cassava,20.32,0.0,1.19,29.1,398,0.0
1673,2021-05-12,Northern,Cocoa,16.88,0.0,13.23,25.9,315,0.0
1674,2021-05-12,Western,Cassava,9.46,0.0,1.34,24.7,390,0.0
1675,2021-05-12,Eastern,Maize,19.8,0.0,2.61,25.9,260,0.0
1676,2021-05-12,Eastern,Cassava,25.23,0.0,1.4,33.5,391,0.0
1677,2021-05-12,Eastern,Cocoa,19.93,0.0,11.24,33.4,344,0.0
1678,2021-05-13,Greater Accra,Maize,5.89,0.0,2.51,28.1,313,0.0
1679,2021-05-13,Greater Accra,Cassava,22.54,0.0,1.08,30.0,431,0.0
1680,2021-05-13,Greater Accra,Cocoa,23.54,0.0,11.46,31.2,400,0.0
1681,2021-05-13,Ashanti,Maize,12.23,0.0,2.21,27.0,499,0.0
1682,2021-05-13,Ashanti,Cassava,17.57,0.0,0.0,27.7,267,0.0
1683,2021-05-13,Ashanti,Cocoa,34.71,0.0,14.34,26.2,496,0.0
1684,2021-05-13,Northern,Maize,11.02,0.0,2.51,30.2,295,0.0
1685,2021-05-13,Northern,Cassava,20.5,0.0,1.33,33.5,410,0.0
1686,2021-05-13,Northern,Cocoa,21.6,0.0,11.68,29.4,159,0.0
1687,2021-05-13,Western,Maize,41.41,0.0,2.49,31.3,256,0.0
1688,2021-05-13,Western,Cassava,37.44,0.0,1.03,33.0,481,0.0
1689,2021-05-13,Western,Cocoa,16.73,0.0,13.47,32.8,477,0.0
1690,2021-05-13,Eastern,Maize,31.7,0.0,3.07,25.1,198,0.0
1691,2021-05-13,Eastern,Cassava,18.46,0.0,1.21,28.5,439,0.0
1692,2021-05-13,Eastern,Cocoa,32.53,0.0,14.34,33.5,55,0.0
1693,2021-05-14,Greater Accra,Maize,8.79,0.0,2.81,33.9,299,0.0
1694,2021-05-14,Ashanti,Maize,8.14,0.0,2.75,25.5,154,0.0
1695,2021-05-14,Ashanti,Cassava,32.27,0.0,1.22,32.3,256,0.0
1696,2021-05-14,Ashanti,Cocoa,37.21,0.0,10.86,33.6,213,0.0
1697,2021-05-14,Northern,Maize,13.28,0.0,2.45,29.3,496,0.0
1698,2021-05-14,Northern,Cassava,7.46,0.0,0.0,28.2,114,0.0
1699,2021-05-14,Northern,Cocoa,27.73,0.0,13.4,30.0,167,0.0
1700,2021-05-14,Western,Maize,15.84,0.0,2.45,26.0,486,0.0
1701,2021-05-14,Western,Cassava,21.32,0.0,1.28,33.2,104,0.0
1702,2021-05-14,Western,Cocoa,32.59,0.0,11.39,26.1,470,0.0
1703,2021-05-14,Eastern,Maize,15.47,0.0,2.91,27.0,323,0.0
1704,2021-05-14,Eastern,Cassava,0.0,0.0,1.31,31.6,479,0.0
1705,2021-05-15,Greater Accra,Maize,7.34,0.0,2.18,24.5,227,0.0
1706,2021-05-15,Greater Accra,Cassava,15.27,0.0,1.05,28.0,139,0.0
1707,2021-05-15,Greater Accra,Cocoa,15.34,0.0,14.83,24.1,200,0.0
1708,2021-05-15,Ashanti,Maize,31.51,0.0,2.73,25.1,492,0.0
1709,2021-05-15,Ashanti,Cassava,0.89,0.0,1.28,30.7,311,0.0
1710,2021-05-15,Ashanti,Cocoa,31.02,0.0,11.48,28.3,254,0.0
1711,2021-05-15,Northern,Maize,11.5,0.0,2.98,29.5,282,0.0
1712,2021-05-15,Northern,Cassava,21.48,0.0,1.18,33.5,50,0.0
1713,2021-05-15,Northern,Cocoa,22.62,0.0,14.73,29.5,364,0.0
1714,2021-05-15,Western,Maize,39.93,0.0,3.02,30.7,127,0.0
1715,2021-05-15,Western,Cassava,51.97,0.0,1.39,30.6,296,0.0
1716,2021-05-15,Eastern,Maize,14.06,0.0,2.73,32.2,495,0.0
1717,2021-05-16,Greater Accra,Maize,18.48,0.0,2.18,30.2,99,0.0
1718,2021-05-16,Greater Accra,Cassava,20.16,0.0,1.3,27.2,281,0.0
1719,2021-05-16,Greater Accra,Cocoa,18.88,0.0,14.8,27.1,103,0.0
1720,2021-05-16,Ashanti,Maize,18.35,0.0,2.32,29.5,292,0.0
1721,2021-05-16,Northern,Maize,6.32,0.0,2.23,29.1,65,0.0
1722,2021-05-16,Western,Maize,40.93,0.0,2.79,25.3,396,0.0
1723,2021-05-16,Western,Cassava,30.24,0.0,1.04,33.5,83,0.0
1724,2021-05-16,Western,Cocoa,15.47,0.0,14.46,24.7,215,0.0
1725,2021-05-16,Eastern,Maize,10.21,0.0,2.29,29.7,185,0.0
1726,2021-05-16,Eastern,Cassava,24.39,0.0,1.38,33.2,315,0.0
1727,2021-05-16,Eastern,Cocoa,15.49,0.0,15.38,33.5,79,0.0
1728,2021-05-17,Greater Accra,Maize,18.75,0.0,2.85,25.9,309,0.0
1729,2021-05-17,Greater Accra,Cassava,14.96,0.0,1.07,33.2,160,0.0
1730,2021-05-17,Greater Accra,Cocoa,5.17,0.0,12.43,24.2,284,0.0
1731,2021-05-17,Ashanti,Maize,13.1,0.0,3.11,27.5,75,0.0
1732,2021-05-17,Ashanti,Cassava,31.61,0.0,1.05,28.3,269,0.0
1733,2021-05-17,Ashanti,Cocoa,21.53,0.0,11.76,26.0,307,0.0
1734,2021-05-17,Northern,Maize,18.13,0.0,2.14,31.2,50,0.0
1735,2021-05-17,Northern,Cassava,4.68,0.0,1.1,30.5,302,0.0
1736,2021-05-17,Northern,Cocoa,19.14,0.0,11.26,31.3,392,0.0
1737,2021-05-17,Western,Maize,31.58,0.0,3.01,28.2,192,0.0
1738,2021-05-17,Western,Cassava,12.67,0.0,1.3,29.1,59,0.0
1739,2021-05-17,Eastern,Maize,6.63,0.0,2.43,33.3,412,0.0
1740,2021-05-17,Eastern,Cassava,11.11,0.0,1.15,31.6,338,0.0
1741,2021-05-17,Eastern,Cocoa,19.59,0.0,11.13,30.7,373,0.0
1742,2021-05-18,Greater Accra,Maize,16.14,0.0,2.45,32.1,286,0.0
1743,2021-05-18,Greater Accra,Cassava,14.99,0.0,1.47,32.9,86,0.0
1744,2021-05-18,Ashanti,Cassava,51.18,0.0,1.32,29.5,436,0.0
1745,2021-05-18,Ashanti,Cocoa,22.19,0.0,10.75,28.0,281,0.0
1746,2021-05-18,Northern,Maize,9.36,0.0,2.36,28.7,126,0.0
1747,2021-05-18,Northern,Cassava,10.34,0.0,1.18,30.7,66,0.0
1748,2021-05-18,Northern,Cocoa,8.2,0.0,13.85,32.5,252,0.0
1749,2021-05-18,Western,Cassava,57.69,0.0,1.11,30.1,120,0.0
1750,2021-05-18,Western,Cocoa,31.65,0.0,11.2,28.2,64,0.0
1751,2021-05-18,Eastern,Maize,21.3,0.0,2.47,28.0,222,0.0
1752,2021-05-18,Eastern,Cassava,23.22,0.0,1.35,33.7,70,0.0
1753,2021-05-18,Eastern,Cocoa,19.43,0.0,12.62,26.7,369,0.0
1754,2021-05-19,Greater Accra,Maize,24.65,0.0,2.45,29.1,352,0.0
1755,2021-05-19,Greater Accra,Cassava,17.36,0.0,1.04,30.0,215,0.0
1756,2021-05-19,Greater Accra,Cocoa,8.15,0.0,11.5,27.8,120,0.0
1757,2021-05-19,Ashanti,Cassava,41.36,0.0,1.07,32.4,64,0.0
1758,2021-05-19,Ashanti,Cocoa,14.46,0.0,11.1,25.2,478,0.0
1759,2021-05-19,Northern,Cassava,24.48,0.0,1.31,31.1,75,0.0
1760,2021-05-19,Northern,Cocoa,9.18,0.0,10.99,28.6,421,0.0
1761,2021-05-19,Western,Maize,30.63,0.0,3.08,25.8,472,0.0
1762,2021-05-19,Western,Cassava,30.36,0.0,1.39,29.2,86,0.0
1763,2021-05-19,Western,Cocoa,0.0,0.0,14.97,28.3,309,0.0
1764,2021-05-19,Eastern,Cassava,21.22,0.0,1.11,32.9,223,0.0
1765,2021-05-19,Eastern,Cocoa,17.57,0.0,14.53,25.5,490,0.0
1766,2021-05-20,Greater Accra,Maize,14.07,0.0,2.43,29.0,491,0.0
1767,2021-05-20,Greater Accra,Cassava,24.95,0.0,1.34,28.1,112,0.0
1768,2021-05-20,Greater Accra,Cocoa,18.65,0.0,13.27,33.6,199,0.0
1769,2021-05-20,Ashanti,Maize,17.41,0.0,2.64,25.3,192,0.0
1770,2021-05-20,Ashanti,Cassava,40.24,0.0,1.08,27.2,428,0.0
1771,2021-05-20,Ashanti,Cocoa,17.79,0.0,11.46,24.3,198,0.0
1772,2021-05-20,Northern,Maize,28.04,0.0,2.96,32.0,465,0.0
1773,2021-05-20,Northern,Cocoa,12.19,0.0,12.0,24.7,144,0.0
1774,2021-05-20,Western,Maize,29.94,0.0,2.58,26.8,402,0.0
1775,2021-05-20,Western,Cassava,28.18,0.0,1.17,27.8,343,0.0
1776,2021-05-20,Western,Cocoa,46.16,0.0,11.24,32.2,345,0.0
1777,2021-05-20,Eastern,Maize,25.35,0.0,2.48,28.0,301,0.0
1778,2021-05-20,Eastern,Cassava,11.72,0.0,1.2,29.0,435,0.0
1779,2021-05-20,Eastern,Cocoa,21.89,0.0,12.53,29.4,365,0.0
1780,2021-05-21,Greater Accra,Maize,19.63,0.0,2.91,27.6,100,0.0
1781,2021-05-21,Greater Accra,Cassava,24.45,0.0,1.5,28.0,63,0.0
1782,2021-05-21,Greater Accra,Cocoa,7.44,0.0,13.52,27.6,174,0.0
1783,2021-05-21,Ashanti,Maize,9.22,0.0,3.07,28.6,427,0.0
1784,2021-05-21,Ashanti,Cassava,9.59,0.0,1.23,31.3,86,0.0
1785,2021-05-21,Ashanti,Cocoa,33.39,0.0,12.3,28.6,197,0.0
1786,2021-05-21,Northern,Maize,28.02,0.0,2.68,28.7,199,0.0
1787,2021-05-21,Northern,Cassava,16.6,0.0,1.31,24.7,146,0.0
1788,2021-05-21,Northern,Cocoa,19.91,0.0,11.21,30.9,161,0.0
1789,2021-05-21,Western,Maize,16.91,0.0,2.64,31.7,253,0.0
1790,2021-05-21,Western,Cocoa,30.82,0.0,13.49,29.7,496,0.0
1791,2021-05-21,Eastern,Maize,24.74,0.0,2.25,29.0,496,0.0
1792,2021-05-21,Eastern,Cassava,20.55,0.0,1.24,31.1,165,0.0
1793,2021-05-21,Eastern,Cocoa,23.39,0.0,12.81,27.1,388,0.0
1794,2021-05-22,Greater Accra,Maize,0.76,0.0,2.29,32.9,353,0.0
1795,2021-05-22,Greater Accra,Cassava,18.29,0.0,1.38,29.8,250,0.0
1796,2021-05-22,Greater Accra,Cocoa,19.01,0.0,14.82,33.1,442,0.0
1797,2021-05-22,Ashanti,Maize,9.45,0.0,2.76,28.5,468,0.0
1798,2021-05-22,Ashanti,Cassava,8.54,0.0,1.02,24.2,374,0.0
1799,2021-05-22,Ashanti,Cocoa,39.92,0.0,10.84,25.6,263,0.0
1800,2021-05-22,Northern,Maize,12.08,0.0,2.69,31.1,141,0.0
1801,2021-05-22,Northern,Cassava,9.01,0.0,1.34,26.3,378,0.0
1802,2021-05-22,Northern,Cocoa,6.79,0.0,15.58,25.8,244,0.0
1803,2021-05-22,Western,Maize,42.25,0.0,3.12,31.8,269,0.0
1804,2021-05-22,Western,Cassava,22.82,0.0,1.5,33.9,112,0.0
1805,2021-05-22,Western,Cocoa,17.7,0.0,15.46,27.0,351,0.0
1806,2021-05-22,Eastern,Maize,13.02,0.0,2.37,29.2,473,0.0
1807,2021-05-22,Eastern,Cassava,25.62,0.0,1.23,29.9,161,0.0
1808,2021-05-22,Eastern,Cocoa,29.98,0.0,12.08,27.4,287,0.0
1809,2021-05-23,Greater Accra,Maize,8.56,0.0,2.9,33.2,216,0.0
1810,2021-05-23,Greater Accra,Cassava,21.15,0.0,1.32,32.4,446,0.0
1811,2021-05-23,Greater Accra,Cocoa,6.54,0.0,13.98,33.8,345,0.0
1812,2021-05-23,Ashanti,Maize,7.78,0.0,3.09,33.2,441,0.0
1813,2021-05-23,Ashanti,Cassava,38.99,0.0,1.29,25.2,217,0.0
1814,2021-05-23,Ashanti,Cocoa,35.98,0.0,11.99,30.3,306,0.0
1815,2021-05-23,Northern,Cassava,25.34,0.0,1.06,24.2,147,0.0
1816,2021-05-23,Northern,Cocoa,22.12,0.0,12.9,28.7,107,0.0
1817,2021-05-23,Western,Maize,50.38,0.0,2.98,28.9,221,0.0
1818,2021-05-23,Western,Cocoa,9.74,0.0,14.87,33.6,389,0.0
1819,2021-05-23,Eastern,Maize,26.74,0.0,2.18,25.2,360,0.0
1820,2021-05-23,Eastern,Cassava,9.35,0.0,1.24,28.8,312,0.0
1821,2021-05-24,Greater Accra,Cassava,22.86,0.0,1.38,31.8,263,0.0
1822,2021-05-24,Greater Accra,Cocoa,3.57,0.0,12.7,32.6,124,0.0
1823,2021-05-24,Ashanti,Maize,41.02,0.0,2.95,26.3,74,0.0
1824,2021-05-24,Ashanti,Cassava,8.26,0.0,1.37,28.5,383,0.0
1825,2021-05-24,Northern,Maize,11.6,0.0,2.2,25.6,175,0.0
1826,2021-05-24,Northern,Cassava,27.94,0.0,1.27,31.0,251,0.0
1827,2021-05-24,Northern,Cocoa,5.1,0.0,14.92,33.2,152,0.0
1828,2021-05-24,Western,Maize,10.39,0.0,2.45,25.4,353,0.0
1829,2021-05-24,Eastern,Maize,31.34,0.0,3.08,29.1,115,0.0
1830,2021-05-24,Eastern,Cocoa,11.78,0.0,13.57,33.0,262,0.0
1831,2021-05-25,Greater Accra,Maize,21.13,0.0,2.88,24.9,499,0.0
1832,2021-05-25,Greater Accra,Cassava,10.0,0.0,1.42,28.3,499,0.0
1833,2021-05-25,Greater Accra,Cocoa,17.48,0.0,11.33,24.0,325,0.0
1834,2021-05-25,Ashanti,Maize,19.7,0.0,2.55,33.7,308,0.0
1835,2021-05-25,Ashanti,Cassava,35.03,0.0,1.17,30.5,472,0.0
1836,2021-05-25,Ashanti,Cocoa,31.42,0.0,11.05,25.1,288,0.0
1837,2021-05-25,Northern,Maize,15.72,0.0,3.05,32.2,203,0.0
1838,2021-05-25,Northern,Cassava,9.74,0.0,1.32,24.7,156,0.0
1839,2021-05-25,Northern,Cocoa,29.62,0.0,14.0,32.1,252,0.0
1840,2021-05-25,Western,Maize,34.51,0.0,2.15,27.8,391,0.0
1841,2021-05-25,Western,Cassava,33.7,0.0,1.28,32.8,481,0.0
1842,2021-05-25,Western,Cocoa,40.63,0.0,14.39,26.1,184,0.0
1843,2021-05-25,Eastern,Maize,15.25,0.0,2.85,25.0,386,0.0
1844,2021-05-25,Eastern,Cassava,32.84,0.0,1.1,26.8,323,0.0
1845,2021-05-25,Eastern,Cocoa,32.2,0.0,12.64,28.0,331,0.0
1846,2021-05-26,Greater Accra,Cassava,13.29,0.0,1.12,25.3,164,0.0
1847,2021-05-26,Greater Accra,Cocoa,11.28,0.0,12.94,28.2,164,0.0
1848,2021-05-26,Ashanti,Maize,25.65,0.0,0.0,31.2,367,0.0
1849,2021-05-26,Ashanti,Cassava,8.22,0.0,1.32,24.5,483,0.0
1850,2021-05-26,Ashanti,Cocoa,39.49,0.0,0.0,24.7,166,0.0
1851,2021-05-26,Northern,Maize,14.41,0.0,2.26,32.5,387,0.0
1852,2021-05-26,Northern,Cassava,9.83,0.0,1.18,33.0,272,0.0
1853,2021-05-26,Northern,Cocoa,12.25,0.0,12.07,32.5,390,0.0
1854,2021-05-26,Western,Maize,48.45,0.0,2.9,33.3,463,0.0
1855,2021-05-26,Western,Cassava,52.15,0.0,1.4,31.9,172,0.0
1856,2021-05-26,Western,Cocoa,18.56,0.0,14.74,25.5,152,0.0
1857,2021-05-26,Eastern,Maize,31.4,0.0,2.74,26.7,59,0.0
1858,2021-05-26,Eastern,Cassava,37.39,0.0,1.42,26.3,205,0.0
1859,2021-05-26,Eastern,Cocoa,9.0,0.0,15.43,30.7,198,0.0
1860,2021-05-27,Greater Accra,Maize,16.23,0.0,2.28,33.6,121,0.0
1861,2021-05-27,Greater Accra,Cocoa,9.12,0.0,13.99,30.0,333,0.0
1862,2021-05-27,Ashanti,Cocoa,11.42,0.0,12.51,30.3,180,0.0
1863,2021-05-27,Northern,Maize,18.62,0.0,2.13,28.5,343,0.0
1864,2021-05-27,Northern,Cassava,17.0,0.0,1.44,24.4,97,0.0
1865,2021-05-27,Northern,Cocoa,2.72,0.0,13.19,32.1,432,0.0
1866,2021-05-27,Western,Maize,43.6,0.0,2.67,28.1,98,0.0
1867,2021-05-27,Western,Cassava,52.36,0.0,1.05,33.1,234,0.0
1868,2021-05-27,Western,Cocoa,51.28,0.0,13.57,27.1,377,0.0
1869,2021-05-27,Eastern,Maize,12.89,0.0,2.44,31.9,142,0.0
1870,2021-05-27,Eastern,Cassava,30.75,0.0,1.44,32.6,186,0.0
1871,2021-05-27,Eastern,Cocoa,17.32,0.0,13.17,33.9,292,0.0
1872,2021-05-28,Greater Accra,Maize,9.79,0.0,2.25,24.0,50,0.0
1873,2021-05-28,Greater Accra,Cassava,10.07,0.0,1.07,27.4,66,0.0
1874,2021-05-28,Greater Accra,Cocoa,6.73,0.0,11.04,29.5,495,0.0
1875,2021-05-28,Ashanti,Maize,12.68,0.0,2.19,24.3,373,0.0
1876,2021-05-28,Ashanti,Cassava,35.44,0.0,1.18,33.9,123,0.0
1877,2021-05-28,Ashanti,Cocoa,6.95,0.0,15.02,29.1,178,0.0
1878,2021-05-28,Northern,Cassava,28.46,0.0,1.34,31.8,152,0.0
1879,2021-05-28,Northern,Cocoa,0.94,0.0,13.48,33.6,488,0.0
1880,2021-05-28,Western,Maize,55.23,0.0,2.54,31.6,424,0.0
1881,2021-05-28,Western,Cassava,29.37,0.0,1.29,25.7,442,0.0
1882,2021-05-28,Western,Cocoa,42.81,0.0,12.27,27.9,210,0.0
1883,2021-05-28,Eastern,Maize,24.02,0.0,2.34,31.3,423,0.0
1884,2021-05-28,Eastern,Cassava,12.87,0.0,1.31,31.8,207,0.0
1885,2021-05-29,Greater Accra,Cassava,12.06,0.0,1.14,32.9,322,0.0
1886,2021-05-29,Greater Accra,Cocoa,13.43,0.0,15.4,26.1,396,0.0
1887,2021-05-29,Ashanti,Maize,20.64,0.0,2.4,29.1,90,0.0
1888,2021-05-29,Ashanti,Cassava,30.79,0.0,1.03,32.2,56,0.0
1889,2021-05-29,Ashanti,Cocoa,14.16,0.0,12.72,25.9,54,0.0
1890,2021-05-29,Northern,Maize,27.49,0.0,3.09,32.9,327,0.0
1891,2021-05-29,Northern,Cassava,10.74,0.0,1.07,33.1,486,0.0
1892,2021-05-29,Eastern,Maize,27.62,0.0,2.96,28.1,275,0.0
1893,2021-05-29,Eastern,Cassava,5.67,0.0,1.18,30.6,108,0.0
1894,2021-05-30,Greater Accra,Maize,9.49,0.0,2.13,24.5,291,0.0
1895,2021-05-30,Greater Accra,Cassava,19.01,0.0,1.28,26.1,471,0.0
1896,2021-05-30,Greater Accra,Cocoa,3.06,0.0,12.94,31.7,154,0.0
1897,2021-05-30,Ashanti,Maize,17.74,0.0,2.27,32.1,282,0.0
1898,2021-05-30,Ashanti,Cassava,33.8,0.0,1.04,28.0,390,0.0
1899,2021-05-30,Ashanti,Cocoa,13.18,0.0,13.75,24.1,211,0.0
1900,2021-05-30,Northern,Maize,18.34,0.0,2.61,28.6,98,0.0
1901,2021-05-30,Northern,Cocoa,26.4,0.0,15.43,25.2,123,0.0
1902,2021-05-30,Western,Maize,50.55,0.0,2.49,30.0,130,0.0
1903,2021-05-30,Western,Cocoa,38.28,0.0,12.14,29.4,301,0.0
1904,2021-05-30,Eastern,Maize,23.86,0.0,2.81,25.2,229,0.0
1905,2021-05-30,Eastern,Cassava,31.94,0.0,1.39,27.7,106,0.0
1906,2021-05-30,Eastern,Cocoa,30.2,0.0,13.95,26.7,343,0.0
1907,2021-05-31,Greater Accra,Maize,8.51,0.0,2.77,33.9,163,0.0
1908,2021-05-31,Greater Accra,Cocoa,5.69,0.0,12.22,27.7,477,0.0
1909,2021-05-31,Ashanti,Maize,14.53,0.0,2.74,33.1,258,0.0
1910,2021-05-31,Ashanti,Cassava,10.06,0.0,1.3,32.3,278,0.0
1911,2021-05-31,Ashanti,Cocoa,17.99,0.0,10.7,32.2,145,0.0
1912,2021-05-31,Northern,Maize,13.78,0.0,2.21,31.3,287,0.0
1913,2021-05-31,Northern,Cassava,5.97,0.0,1.14,26.2,260,0.0
1914,2021-05-31,Northern,Cocoa,25.11,0.0,12.89,26.1,110,0.0
1915,2021-05-31,Western,Maize,19.04,0.0,2.34,27.7,241,0.0
1916,2021-05-31,Western,Cassava,47.3,0.0,1.21,27.8,179,0.0
1917,2021-05-31,Eastern,Maize,9.43,0.0,2.35,31.9,292,0.0
1918,2021-05-31,Eastern,Cassava,25.52,0.0,1.07,30.2,325,0.0
1919,2021-05-31,Eastern,Cocoa,29.34,0.0,14.83,32.1,253,0.0
1920,2021-06-01,Greater Accra,Maize,17.99,0.0,2.5,33.8,476,0.0
1921,2021-06-01,Greater Accra,Cassava,6.52,0.0,1.49,25.6,230,0.0
1922,2021-06-01,Greater Accra,Cocoa,26.73,0.0,14.54,24.7,134,0.0
1923,2021-06-01,Ashanti,Maize,24.42,0.0,2.14,29.9,336,0.0
1924,2021-06-01,Ashanti,Cassava,22.81,0.0,1.13,27.3,90,0.0
1925,2021-06-01,Ashanti,Cocoa,21.41,0.0,11.59,29.4,222,0.0
1926,2021-06-01,Northern,Maize,1.56,0.0,2.2,28.3,429,0.0
1927,2021-06-01,Northern,Cassava,10.83,0.0,1.35,30.4,69,0.0
1928,2021-06-01,Northern,Cocoa,11.49,0.0,13.25,25.1,75,0.0
1929,2021-06-01,Western,Maize,40.82,0.0,2.71,31.8,494,0.0
1930,2021-06-01,Western,Cassava,38.7,0.0,1.4,30.7,335,0.0
1931,2021-06-01,Western,Cocoa,7.09,0.0,15.46,32.1,121,0.0
1932,2021-06-01,Eastern,Cassava,16.03,0.0,1.04,29.4,324,0.0
1933,2021-06-02,Greater Accra,Maize,8.52,0.0,3.03,24.7,246,0.0
1934,2021-06-02,Greater Accra,Cassava,18.45,0.0,1.48,31.2,121,0.0
1935,2021-06-02,Greater Accra,Cocoa,12.4,0.0,13.1,26.8,97,0.0
1936,2021-06-02,Ashanti,Maize,32.62,0.0,2.77,28.7,52,0.0
1937,2021-06-02,Ashanti,Cassava,19.39,0.0,1.31,33.0,191,0.0
1938,2021-06-02,Ashanti,Cocoa,0.0,0.0,11.5,25.0,135,0.0
1939,2021-06-02,Northern,Maize,23.88,0.0,2.26,25.6,493,0.0
1940,2021-06-02,Northern,Cassava,25.33,0.0,1.47,26.0,85,0.0
1941,2021-06-02,Northern,Cocoa,13.05,0.0,14.32,28.9,412,0.0
1942,2021-06-02,Western,Maize,22.47,0.0,2.22,25.6,272,0.0
1943,2021-06-02,Western,Cassava,21.91,0.0,1.49,26.7,145,0.0
1944,2021-06-02,Western,Cocoa,28.15,0.0,12.68,25.7,478,0.0
1945,2021-06-02,Eastern,Maize,28.93,0.0,2.41,28.6,400,0.0
1946,2021-06-02,Eastern,Cassava,29.17,0.0,1.46,29.1,288,0.0
1947,2021-06-02,Eastern,Cocoa,17.91,0.0,13.9,28.5,238,0.0
1948,2021-06-03,Greater Accra,Maize,9.86,0.0,2.61,26.2,211,0.0
1949,2021-06-03,Greater Accra,Cocoa,8.18,0.0,12.1,31.6,454,0.0
1950,2021-06-03,Ashanti,Maize,11.71,0.0,2.25,28.4,448,0.0
1951,2021-06-03,Ashanti,Cassava,25.42,0.0,1.1,30.8,429,0.0
1952,2021-06-03,Ashanti,Cocoa,16.16,0.0,15.56,29.6,58,0.0
1953,2021-06-03,Northern,Maize,19.5,0.0,3.06,25.4,298,0.0
1954,2021-06-03,Northern,Cocoa,4.33,0.0,11.64,31.9,92,0.0
1955,2021-06-03,Western,Maize,37.45,0.0,2.28,25.7,251,0.0
1956,2021-06-03,Western,Cassava,10.17,0.0,1.46,31.8,334,0.0
1957,2021-06-03,Western,Cocoa,39.81,0.0,11.05,33.0,289,0.0
1958,2021-06-03,Eastern,Cassava,25.01,0.0,0.0,26.2,251,0.0
1959,2021-06-03,Eastern,Cocoa,14.82,0.0,11.49,26.6,109,0.0
1960,2021-06-04,Greater Accra,Maize,14.5,0.0,3.08,24.8,460,0.0
1961,2021-06-04,Greater Accra,Cassava,11.64,0.0,1.45,26.5,249,0.0
1962,2021-06-04,Ashanti,Maize,6.54,0.0,2.24,32.1,402,0.0
1963,2021-06-04,Ashanti,Cassava,10.92,0.0,1.2,32.7,441,0.0
1964,2021-06-04,Ashanti,Cocoa,20.46,0.0,14.28,27.0,118,0.0
1965,2021-06-04,Northern,Maize,28.73,0.0,3.06,27.0,275,0.0
1966,2021-06-04,Northern,Cassava,20.39,0.0,1.31,32.2,359,0.0
1967,2021-06-04,Northern,Cocoa,13.72,0.0,0.0,33.0,325,0.0
1968,2021-06-04,Western,Cocoa,43.41,0.0,14.1,28.3,355,0.0
1969,2021-06-04,Eastern,Maize,15.25,0.0,3.08,28.1,484,0.0
1970,2021-06-04,Eastern,Cassava,11.63,0.0,1.2,27.7,363,0.0
1971,2021-06-04,Eastern,Cocoa,5.9,0.0,14.71,32.2,265,0.0
1972,2021-06-05,Greater Accra,Maize,6.15,0.0,2.6,31.5,94,0.0
1973,2021-06-05,Greater Accra,Cassava,10.13,0.0,1.48,28.3,428,0.0
1974,2021-06-05,Greater Accra,Cocoa,15.88,0.0,11.69,26.9,349,0.0
1975,2021-06-05,Ashanti,Maize,10.48,0.0,2.48,25.7,167,0.0
1976,2021-06-05,Ashanti,Cassava,20.44,0.0,1.29,26.1,255,0.0
1977,2021-06-05,Ashanti,Cocoa,15.0,0.0,13.48,28.6,448,0.0
1978,2021-06-05,Northern,Maize,15.68,0.0,3.08,25.5,208,0.0
1979,2021-06-05,Northern,Cocoa,12.35,0.0,13.26,27.3,407,0.0
1980,2021-06-05,Western,Maize,34.9,0.0,2.59,26.2,455,0.0
1981,2021-06-05,Western,Cassava,49.85,0.0,1.43,28.0,348,0.0
1982,2021-06-05,Western,Cocoa,45.89,0.0,12.75,24.6,490,0.0
1983,2021-06-05,Eastern,Maize,7.03,0.0,2.75,30.7,192,0.0
1984,2021-06-05,Eastern,Cassava,15.53,0.0,1.26,32.7,77,0.0
1985,2021-06-05,Eastern,Cocoa,6.08,0.0,14.38,25.4,130,0.0
1986,2021-06-06,Greater Accra,Maize,13.78,0.0,2.29,33.8,269,0.0
1987,2021-06-06,Greater Accra,Cassava,11.61,0.0,1.18,27.4,64,0.0
1988,2021-06-06,Greater Accra,Cocoa,7.25,0.0,14.86,32.6,438,0.0
1989,2021-06-06,Ashanti,Maize,39.81,0.0,2.45,29.7,186,0.0
1990,2021-06-06,Ashanti,Cassava,12.78,0.0,1.43,29.0,109,0.0
1991,2021-06-06,Ashanti,Cocoa,25.64,0.0,13.85,31.1,102,0.0
1992,2021-06-06,Northern,Maize,15.47,0.0,2.48,28.4,389,0.0
1993,2021-06-06,Northern,Cocoa,18.3,0.0,13.39,24.7,461,0.0
1994,2021-06-06,Western,Maize,33.58,0.0,0.0,25.7,430,0.0
1995,2021-06-06,Western,Cassava,41.13,0.0,1.12,25.1,100,0.0
1996,2021-06-06,Western,Cocoa,20.3,0.0,15.05,24.9,277,0.0
1997,2021-06-06,Eastern,Cocoa,19.84,0.0,13.29,28.5,230,0.0
1998,2021-06-07,Greater Accra,Cassava,12.65,0.0,1.05,26.4,143,0.0
1999,2021-06-07,Greater Accra,Cocoa,24.88,0.0,14.23,25.6,326,0.0
2000,2021-06-07,Ashanti,Cassava,29.45,0.0,1.11,29.1,359,0.0
2001,2021-06-07,Ashanti,Cocoa,35.98,0.0,15.12,25.2,229,0.0
2002,2021-06-07,Northern,Cassava,14.55,0.0,1.06,25.1,485,0.0
2003,2021-06-07,Northern,Cocoa,15.77,0.0,13.7,31.9,453,0.0
2004,2021-06-07,Western,Maize,5.97,0.0,2.81,33.8,380,0.0
2005,2021-06-07,Western,Cassava,49.71,0.0,1.43,28.1,285,0.0
2006,2021-06-07,Western,Cocoa,38.35,0.0,14.86,29.4,112,0.0
2007,2021-06-07,Eastern,Maize,23.69,0.0,2.68,30.3,188,0.0
2008,2021-06-08,Greater Accra,Maize,9.66,0.0,2.38,27.0,178,0.0
2009,2021-06-08,Greater Accra,Cassava,6.31,0.0,1.38,27.7,195,0.0
2010,2021-06-08,Greater Accra,Cocoa,18.32,0.0,12.76,30.4,369,0.0
2011,2021-06-08,Ashanti,Maize,12.69,0.0,2.78,25.5,110,0.0
2012,2021-06-08,Ashanti,Cassava,42.71,0.0,1.3,24.4,413,0.0
2013,2021-06-08,Ashanti,Cocoa,5.47,0.0,14.61,26.9,341,0.0
2014,2021-06-08,Northern,Maize,29.82,0.0,2.36,31.7,183,0.0
2015,2021-06-08,Northern,Cassava,23.17,0.0,1.43,25.8,493,0.0
2016,2021-06-08,Western,Maize,56.6,0.0,2.4,30.9,377,0.0
2017,2021-06-08,Western,Cassava,19.59,0.0,1.36,26.3,300,0.0
2018,2021-06-08,Western,Cocoa,8.1,0.0,14.42,30.0,456,0.0
2019,2021-06-08,Eastern,Maize,14.33,0.0,2.33,27.0,487,0.0
2020,2021-06-08,Eastern,Cassava,10.24,0.0,1.29,32.4,151,0.0
2021,2021-06-08,Eastern,Cocoa,32.56,0.0,13.25,24.9,329,0.0
2022,2021-06-09,Greater Accra,Maize,17.0,0.0,2.69,26.0,187,0.0
2023,2021-06-09,Greater Accra,Cassava,6.74,0.0,1.05,29.5,386,0.0
2024,2021-06-09,Greater Accra,Cocoa,7.45,0.0,14.96,27.9,189,0.0
2025,2021-06-09,Ashanti,Maize,31.32,0.0,2.54,30.5,295,0.0
2026,2021-06-09,Ashanti,Cassava,15.17,0.0,1.41,26.4,377,0.0
2027,2021-06-09,Ashanti,Cocoa,13.82,0.0,11.19,31.3,299,0.0
2028,2021-06-09,Northern,Maize,20.51,0.0,2.89,26.6,373,0.0
2029,2021-06-09,Northern,Cassava,21.13,0.0,1.15,30.4,490,0.0
2030,2021-06-09,Northern,Cocoa,11.62,0.0,13.34,25.0,294,0.0
2031,2021-06-09,Western,Maize,35.92,0.0,2.79,32.3,201,0.0
2032,2021-06-09,Western,Cassava,26.59,0.0,1.21,30.3,232,0.0
2033,2021-06-09,Western,Cocoa,28.48,0.0,13.15,32.5,135,0.0
2034,2021-06-09,Eastern,Maize,16.59,0.0,3.11,28.3,252,0.0
2035,2021-06-09,Eastern,Cassava,12.27,0.0,1.43,34.0,275,0.0
2036,2021-06-09,Eastern,Cocoa,33.25,0.0,12.41,29.8,293,0.0
2037,2021-06-10,Greater Accra,Maize,23.39,0.0,2.75,32.4,104,0.0
2038,2021-06-10,Greater Accra,Cassava,5.32,0.0,1.12,32.4,353,0.0
2039,2021-06-10,Greater Accra,Cocoa,0.0,0.0,13.95,32.4,450,0.0
2040,2021-06-10,Ashanti,Maize,13.44,0.0,2.24,32.7,250,0.0
2041,2021-06-10,Ashanti,Cassava,19.28,0.0,1.07,26.7,183,0.0
2042,2021-06-10,Ashanti,Cocoa,9.27,0.0,14.26,26.1,339,0.0
2043,2021-06-10,Northern,Maize,12.85,0.0,2.8,27.4,161,0.0
2044,2021-06-10,Northern,Cocoa,19.02,0.0,12.2,33.9,284,0.0
2045,2021-06-10,Western,Maize,15.68,0.0,2.47,24.4,421,0.0
2046,2021-06-10,Western,Cocoa,15.49,0.0,11.55,26.9,151,0.0
2047,2021-06-10,Eastern,Maize,5.11,0.0,2.45,25.7,137,0.0
2048,2021-06-10,Eastern,Cassava,31.09,0.0,1.47,30.0,173,0.0
2049,2021-06-10,Eastern,Cocoa,26.61,0.0,13.41,33.6,353,0.0
2050,2021-06-11,Greater Accra,Cassava,21.03,0.0,1.23,33.4,308,0.0
2051,2021-06-11,Greater Accra,Cocoa,0.26,0.0,15.48,31.3,129,0.0
2052,2021-06-11,Ashanti,Maize,24.47,0.0,2.77,30.8,162,0.0
2053,2021-06-11,Ashanti,Cassava,30.15,0.0,1.47,33.3,262,0.0
2054,2021-06-11,Ashanti,Cocoa,29.02,0.0,11.56,30.4,367,0.0
2055,2021-06-11,Northern,Cassava,11.98,0.0,1.35,26.8,138,0.0
2056,2021-06-11,Northern,Cocoa,11.0,0.0,12.27,29.7,300,0.0
2057,2021-06-11,Western,Maize,22.49,0.0,2.99,28.2,171,0.0
2058,2021-06-11,Western,Cassava,36.71,0.0,1.46,27.1,147,0.0
2059,2021-06-11,Western,Cocoa,12.79,0.0,13.45,28.4,68,0.0
2060,2021-06-11,Eastern,Maize,7.42,0.0,2.49,30.7,115,0.0
2061,2021-06-11,Eastern,Cassava,27.92,0.0,1.2,27.6,51,0.0
2062,2021-06-12,Greater Accra,Maize,14.59,0.0,2.86,24.0,225,0.0
2063,2021-06-12,Greater Accra,Cassava,19.06,0.0,1.29,33.0,243,0.0
2064,2021-06-12,Greater Accra,Cocoa,29.88,0.0,12.3,29.3,113,0.0
2065,2021-06-12,Ashanti,Maize,15.98,0.0,2.73,25.9,369,0.0
2066,2021-06-12,Ashanti,Cassava,6.73,0.0,1.18,26.3,210,0.0
2067,2021-06-12,Ashanti,Cocoa,36.62,0.0,12.48,31.3,61,0.0
2068,2021-06-12,Northern,Maize,20.67,0.0,2.49,28.7,299,0.0
2069,2021-06-12,Northern,Cassava,21.72,0.0,1.19,33.5,331,0.0
2070,2021-06-12,Northern,Cocoa,5.61,0.0,11.33,33.2,307,0.0
2071,2021-06-12,Western,Maize,29.85,0.0,2.44,26.9,374,0.0
2072,2021-06-12,Western,Cassava,44.2,0.0,1.44,32.0,190,0.0
2073,2021-06-12,Eastern,Maize,21.41,0.0,3.03,26.8,455,0.0
2074,2021-06-12,Eastern,Cassava,17.49,0.0,1.26,27.0,239,0.0
2075,2021-06-12,Eastern,Cocoa,17.34,0.0,14.4,26.3,297,0.0
2076,2021-06-13,Greater Accra,Maize,21.27,0.0,2.58,32.0,93,0.0
2077,2021-06-13,Greater Accra,Cassava,19.61,0.0,1.03,25.1,197,0.0
2078,2021-06-13,Greater Accra,Cocoa,15.13,0.0,10.76,24.6,288,0.0
2079,2021-06-13,Ashanti,Maize,32.43,0.0,2.97,26.3,141,0.0
2080,2021-06-13,Ashanti,Cassava,30.22,0.0,1.5,27.9,251,0.0
2081,2021-06-13,Ashanti,Cocoa,7.78,0.0,12.77,32.6,121,0.0
2082,2021-06-13,Northern,Cassava,22.96,0.0,1.3,25.1,304,0.0
2083,2021-06-13,Northern,Cocoa,11.84,0.0,12.85,30.6,346,0.0
2084,2021-06-13,Western,Maize,39.54,0.0,2.5,33.3,131,0.0
2085,2021-06-13,Western,Cassava,46.16,0.0,1.26,24.3,209,0.0
2086,2021-06-13,Eastern,Maize,24.0,0.0,2.92,27.3,93,0.0
2087,2021-06-13,Eastern,Cassava,29.29,0.0,1.12,29.1,460,0.0
2088,2021-06-13,Eastern,Cocoa,31.61,0.0,11.91,26.7,272,0.0
2089,2021-06-14,Greater Accra,Maize,24.94,0.0,2.83,25.2,277,0.0
2090,2021-06-14,Greater Accra,Cassava,16.29,0.0,1.06,33.2,277,0.0
2091,2021-06-14,Ashanti,Maize,42.33,0.0,2.52,27.8,280,0.0
2092,2021-06-14,Ashanti,Cassava,22.11,0.0,1.44,24.5,306,0.0
2093,2021-06-14,Ashanti,Cocoa,35.88,0.0,15.33,33.0,435,0.0
2094,2021-06-14,Northern,Maize,18.12,0.0,2.94,26.2,410,0.0
2095,2021-06-14,Western,Maize,35.08,0.0,2.71,31.4,166,0.0
2096,2021-06-14,Western,Cassava,24.46,0.0,1.23,26.3,233,0.0
2097,2021-06-14,Western,Cocoa,54.41,0.0,13.69,26.9,193,0.0
2098,2021-06-14,Eastern,Maize,26.22,0.0,2.44,28.8,301,0.0
2099,2021-06-14,Eastern,Cassava,23.57,0.0,1.39,33.7,51,0.0
2100,2021-06-15,Greater Accra,Maize,9.95,0.0,2.13,26.4,221,0.0
2101,2021-06-15,Greater Accra,Cassava,24.87,0.0,1.31,27.6,59,0.0
2102,2021-06-15,Greater Accra,Cocoa,5.39,0.0,11.62,28.7,386,0.0
2103,2021-06-15,Ashanti,Maize,33.36,0.0,2.37,27.1,492,0.0
2104,2021-06-15,Ashanti,Cassava,40.87,0.0,1.18,25.3,302,0.0
2105,2021-06-15,Ashanti,Cocoa,9.03,0.0,10.79,28.8,172,0.0
2106,2021-06-15,Northern,Maize,17.99,0.0,3.0,31.9,367,0.0
2107,2021-06-15,Northern,Cassava,4.54,0.0,1.09,30.6,245,0.0
2108,2021-06-15,Northern,Cocoa,21.68,0.0,12.87,30.1,182,0.0
2109,2021-06-15,Western,Maize,10.76,0.0,2.51,25.9,495,0.0
2110,2021-06-15,Western,Cassava,27.29,0.0,1.27,30.8,77,0.0
2111,2021-06-15,Eastern,Maize,16.96,0.0,2.68,31.2,363,0.0
2112,2021-06-15,Eastern,Cassava,13.84,0.0,1.39,26.5,158,0.0
2113,2021-06-16,Greater Accra,Maize,9.43,0.0,2.2,31.4,102,0.0
2114,2021-06-16,Greater Accra,Cassava,4.82,0.0,1.06,26.9,221,0.0
2115,2021-06-16,Greater Accra,Cocoa,4.54,0.0,15.05,28.8,130,0.0
2116,2021-06-16,Ashanti,Maize,36.83,0.0,2.64,31.9,72,0.0
2117,2021-06-16,Ashanti,Cassava,2.38,0.0,1.43,28.5,162,0.0
2118,2021-06-16,Ashanti,Cocoa,3.04,0.0,13.78,24.9,247,0.0
2119,2021-06-16,Northern,Maize,16.38,0.0,2.2,32.7,444,0.0
2120,2021-06-16,Northern,Cassava,0.0,0.0,1.07,29.6,392,0.0
2121,2021-06-16,Northern,Cocoa,14.91,0.0,12.18,26.3,241,0.0
2122,2021-06-16,Western,Maize,44.9,0.0,2.44,24.8,107,0.0
2123,2021-06-16,Western,Cocoa,25.58,0.0,12.71,26.2,479,0.0
2124,2021-06-16,Eastern,Maize,7.51,0.0,2.47,27.2,228,0.0
2125,2021-06-16,Eastern,Cassava,10.53,0.0,1.09,28.2,457,0.0
2126,2021-06-16,Eastern,Cocoa,9.97,0.0,11.03,30.6,248,0.0
2127,2021-06-17,Greater Accra,Cassava,27.84,0.0,1.12,24.8,417,0.0
2128,2021-06-17,Greater Accra,Cocoa,22.24,0.0,12.22,25.5,483,0.0
2129,2021-06-17,Ashanti,Maize,35.08,0.0,2.14,28.8,275,0.0
2130,2021-06-17,Ashanti,Cassava,30.45,0.0,1.26,24.9,345,0.0
2131,2021-06-17,Northern,Maize,16.23,0.0,2.38,26.4,412,0.0
2132,2021-06-17,Northern,Cassava,13.96,0.0,1.29,31.9,339,0.0
2133,2021-06-17,Northern,Cocoa,6.59,0.0,14.47,28.3,138,0.0
2134,2021-06-17,Western,Cassava,35.6,0.0,1.14,26.5,106,0.0
2135,2021-06-17,Western,Cocoa,0.0,0.0,14.67,32.9,74,0.0
2136,2021-06-17,Eastern,Cocoa,17.17,0.0,15.07,27.0,417,0.0
2137,2021-06-18,Greater Accra,Maize,3.31,0.0,2.71,26.5,333,0.0
2138,2021-06-18,Greater Accra,Cocoa,21.87,0.0,14.84,27.9,469,0.0
2139,2021-06-18,Ashanti,Maize,15.99,0.0,2.62,24.7,167,0.0
2140,2021-06-18,Ashanti,Cassava,7.92,0.0,1.41,29.2,218,0.0
2141,2021-06-18,Ashanti,Cocoa,21.43,0.0,14.78,28.6,170,0.0
2142,2021-06-18,Northern,Cassava,27.85,0.0,1.2,24.3,120,0.0
2143,2021-06-18,Western,Maize,24.53,0.0,2.26,29.8,379,0.0
2144,2021-06-18,Western,Cassava,34.85,0.0,1.1,26.1,217,0.0
2145,2021-06-18,Western,Cocoa,26.08,0.0,12.11,27.1,169,0.0
2146,2021-06-18,Eastern,Maize,12.52,0.0,2.63,24.1,364,0.0
2147,2021-06-18,Eastern,Cassava,16.72,0.0,1.33,32.8,412,0.0
2148,2021-06-18,Eastern,Cocoa,14.11,0.0,15.16,26.6,473,0.0
2149,2021-06-19,Greater Accra,Maize,19.98,0.0,2.23,26.5,231,0.0
2150,2021-06-19,Greater Accra,Cocoa,2.94,0.0,10.71,28.4,270,0.0
2151,2021-06-19,Ashanti,Maize,16.79,0.0,2.82,30.0,161,0.0
2152,2021-06-19,Ashanti,Cassava,22.14,0.0,1.1,25.0,99,0.0
2153,2021-06-19,Ashanti,Cocoa,29.15,0.0,15.23,24.4,473,0.0
2154,2021-06-19,Northern,Cassava,18.87,0.0,1.12,24.5,98,0.0
2155,2021-06-19,Northern,Cocoa,23.79,0.0,15.25,28.5,289,0.0
2156,2021-06-19,Western,Cassava,43.48,0.0,1.32,28.2,486,0.0
2157,2021-06-19,Eastern,Cassava,25.12,0.0,1.05,33.8,152,0.0
2158,2021-06-19,Eastern,Cocoa,14.25,0.0,13.72,26.9,131,0.0
2159,2021-06-20,Greater Accra,Maize,8.16,0.0,2.78,31.4,190,0.0
2160,2021-06-20,Greater Accra,Cocoa,16.08,0.0,15.12,34.0,356,0.0
2161,2021-06-20,Ashanti,Cocoa,9.27,0.0,12.3,27.6,169,0.0
2162,2021-06-20,Northern,Maize,18.85,0.0,3.06,24.3,61,0.0
2163,2021-06-20,Northern,Cassava,13.3,0.0,1.35,24.3,468,0.0
2164,2021-06-20,Northern,Cocoa,25.64,0.0,15.1,31.9,459,0.0
2165,2021-06-20,Western,Maize,34.22,0.0,2.23,32.4,80,0.0
2166,2021-06-20,Western,Cassava,22.03,0.0,1.02,26.8,255,0.0
2167,2021-06-20,Western,Cocoa,32.51,0.0,12.4,24.3,291,0.0
2168,2021-06-20,Eastern,Maize,16.49,0.0,2.88,24.7,108,0.0
2169,2021-06-20,Eastern,Cassava,25.53,0.0,1.49,33.3,178,0.0
2170,2021-06-20,Eastern,Cocoa,17.04,0.0,11.15,29.7,60,0.0
2171,2021-06-21,Greater Accra,Cassava,4.92,0.0,1.19,26.2,461,0.0
2172,2021-06-21,Greater Accra,Cocoa,16.73,0.0,11.44,28.6,210,0.0
2173,2021-06-21,Ashanti,Maize,21.21,0.0,2.72,32.6,351,0.0
2174,2021-06-21,Ashanti,Cassava,5.57,0.0,1.03,25.5,202,0.0
2175,2021-06-21,Ashanti,Cocoa,35.75,0.0,13.99,30.8,470,0.0
2176,2021-06-21,Northern,Maize,14.68,0.0,2.32,24.2,287,0.0
2177,2021-06-21,Northern,Cassava,24.4,0.0,1.39,33.7,174,0.0
2178,2021-06-21,Northern,Cocoa,17.07,0.0,15.11,27.0,252,0.0
2179,2021-06-21,Western,Maize,44.12,0.0,2.3,27.5,198,0.0
2180,2021-06-21,Western,Cocoa,18.03,0.0,12.23,27.8,195,0.0
2181,2021-06-21,Eastern,Maize,8.81,0.0,2.58,31.5,117,0.0
2182,2021-06-21,Eastern,Cocoa,4.59,0.0,14.67,29.5,152,0.0
2183,2021-06-22,Greater Accra,Maize,19.55,0.0,3.1,30.9,435,0.0
2184,2021-06-22,Greater Accra,Cassava,24.05,0.0,1.16,27.0,180,0.0
2185,2021-06-22,Greater Accra,Cocoa,6.58,0.0,11.55,27.0,348,0.0
2186,2021-06-22,Ashanti,Maize,8.63,0.0,2.67,26.8,388,0.0
2187,2021-06-22,Ashanti,Cassava,4.67,0.0,1.09,25.3,340,0.0
2188,2021-06-22,Ashanti,Cocoa,18.43,0.0,13.99,31.3,267,0.0
2189,2021-06-22,Northern,Maize,14.1,0.0,2.65,26.9,450,0.0
2190,2021-06-22,Northern,Cassava,20.8,0.0,1.17,27.2,129,0.0
2191,2021-06-22,Northern,Cocoa,8.66,0.0,13.43,26.2,474,0.0
2192,2021-06-22,Western,Maize,37.79,0.0,2.79,26.9,105,0.0
2193,2021-06-22,Western,Cassava,35.54,0.0,1.1,31.6,496,0.0
2194,2021-06-22,Western,Cocoa,47.96,0.0,13.96,30.7,162,0.0
2195,2021-06-22,Eastern,Cocoa,0.0,0.0,12.18,32.7,225,0.0
2196,2021-06-23,Greater Accra,Cocoa,21.44,0.0,14.51,33.8,64,0.0
2197,2021-06-23,Ashanti,Cassava,36.69,0.0,1.2,28.6,152,0.0
2198,2021-06-23,Ashanti,Cocoa,22.7,0.0,15.47,27.0,98,0.0
2199,2021-06-23,Northern,Cocoa,13.52,0.0,13.85,30.2,146,0.0
2200,2021-06-23,Western,Maize,33.71,0.0,2.59,32.9,303,0.0
2201,2021-06-23,Western,Cassava,14.27,0.0,1.15,28.0,446,0.0
2202,2021-06-23,Eastern,Cassava,11.0,0.0,1.44,27.9,412,0.0
2203,2021-06-24,Greater Accra,Maize,17.18,0.0,2.54,32.4,104,0.0
2204,2021-06-24,Greater Accra,Cassava,17.84,0.0,1.28,29.2,162,0.0
2205,2021-06-24,Ashanti,Cocoa,13.6,0.0,11.5,32.1,192,0.0
2206,2021-06-24,Northern,Maize,19.87,0.0,2.37,25.0,245,0.0
2207,2021-06-24,Northern,Cocoa,14.01,0.0,14.76,32.2,473,0.0
2208,2021-06-24,Western,Maize,46.97,0.0,2.4,32.3,458,0.0
2209,2021-06-24,Western,Cassava,48.62,0.0,1.37,26.1,56,0.0
2210,2021-06-24,Eastern,Maize,13.82,0.0,2.63,28.2,430,0.0
2211,2021-06-24,Eastern,Cassava,26.15,0.0,1.28,31.4,491,0.0
2212,2021-06-24,Eastern,Cocoa,37.66,0.0,13.81,30.9,222,0.0
2213,2021-06-25,Greater Accra,Maize,12.62,0.0,3.1,31.0,496,0.0
2214,2021-06-25,Greater Accra,Cassava,5.43,0.0,1.12,24.7,447,0.0
2215,2021-06-25,Ashanti,Maize,28.28,0.0,2.17,28.3,106,0.0
2216,2021-06-25,Ashanti,Cocoa,25.32,0.0,13.89,25.5,359,0.0
2217,2021-06-25,Northern,Maize,8.16,0.0,2.78,28.4,316,0.0
2218,2021-06-25,Northern,Cassava,22.33,0.0,1.36,24.4,318,0.0
2219,2021-06-25,Western,Cassava,28.39,0.0,1.16,25.5,396,0.0
2220,2021-06-25,Western,Cocoa,37.13,0.0,12.83,32.9,55,0.0
2221,2021-06-25,Eastern,Maize,18.72,0.0,3.02,25.9,104,0.0
2222,2021-06-25,Eastern,Cocoa,32.93,0.0,10.85,25.5,339,0.0
2223,2021-06-26,Greater Accra,Maize,24.33,0.0,2.92,24.9,388,0.0
2224,2021-06-26,Greater Accra,Cocoa,26.38,0.0,12.27,32.8,107,0.0
2225,2021-06-26,Ashanti,Cassava,29.92,0.0,1.1,26.6,304,0.0
2226,2021-06-26,Ashanti,Cocoa,40.74,0.0,14.52,32.7,145,0.0
2227,2021-06-26,Northern,Cassava,21.64,0.0,1.4,28.5,86,0.0
2228,2021-06-26,Western,Maize,33.04,0.0,2.42,25.5,393,0.0
2229,2021-06-26,Western,Cassava,48.46,0.0,1.37,31.8,81,0.0
2230,2021-06-26,Western,Cocoa,9.29,0.0,14.43,25.1,157,0.0
2231,2021-06-26,Eastern,Maize,5.71,0.0,2.19,31.9,171,0.0
2232,2021-06-26,Eastern,Cassava,16.43,0.0,1.08,24.8,287,0.0
2233,2021-06-26,Eastern,Cocoa,23.03,0.0,11.75,30.1,100,0.0
2234,2021-06-27,Greater Accra,Maize,9.01,0.0,2.95,30.3,184,0.0
2235,2021-06-27,Greater Accra,Cassava,12.76,0.0,1.2,31.7,269,0.0
2236,2021-06-27,Greater Accra,Cocoa,14.52,0.0,11.55,28.9,115,0.0
2237,2021-06-27,Ashanti,Maize,10.75,0.0,2.57,30.6,202,0.0
2238,2021-06-27,Ashanti,Cassava,35.25,0.0,1.14,32.4,219,0.0
2239,2021-06-27,Ashanti,Cocoa,20.38,0.0,13.35,33.6,81,0.0
2240,2021-06-27,Northern,Maize,22.25,0.0,2.3,32.6,317,0.0
2241,2021-06-27,Northern,Cassava,9.66,0.0,1.39,33.7,147,0.0
2242,2021-06-27,Western,Maize,50.61,0.0,2.94,32.5,206,0.0
2243,2021-06-27,Western,Cassava,34.75,0.0,1.5,24.9,237,0.0
2244,2021-06-27,Western,Cocoa,30.41,0.0,15.2,33.7,192,0.0
2245,2021-06-27,Eastern,Maize,25.3,0.0,2.17,30.7,86,0.0
2246,2021-06-27,Eastern,Cassava,9.28,0.0,1.42,26.1,89,0.0
2247,2021-06-27,Eastern,Cocoa,13.35,0.0,13.71,27.2,459,0.0
2248,2021-06-28,Greater Accra,Maize,14.52,0.0,2.88,31.5,67,0.0
2249,2021-06-28,Greater Accra,Cassava,3.0,0.0,1.24,32.9,56,0.0
2250,2021-06-28,Ashanti,Maize,17.69,0.0,2.97,25.8,495,0.0
2251,2021-06-28,Ashanti,Cassava,20.13,0.0,1.25,33.6,165,0.0
2252,2021-06-28,Northern,Maize,7.55,0.0,2.5,28.7,126,0.0
2253,2021-06-28,Northern,Cassava,16.83,0.0,1.24,29.2,440,0.0
2254,2021-06-28,Western,Maize,40.9,0.0,2.76,29.9,186,0.0
2255,2021-06-28,Western,Cassava,42.95,0.0,1.31,25.8,97,0.0
2256,2021-06-28,Western,Cocoa,18.97,0.0,13.25,30.8,492,0.0
2257,2021-06-28,Eastern,Maize,22.4,0.0,2.89,32.5,315,0.0
2258,2021-06-28,Eastern,Cassava,17.13,0.0,1.28,25.2,265,0.0
2259,2021-06-29,Greater Accra,Maize,8.66,0.0,2.58,25.5,445,0.0
2260,2021-06-29,Greater Accra,Cassava,8.65,0.0,1.22,27.9,237,0.0
2261,2021-06-29,Greater Accra,Cocoa,15.78,0.0,11.34,25.7,446,0.0
2262,2021-06-29,Ashanti,Cassava,7.58,0.0,1.07,30.4,166,0.0
2263,2021-06-29,Ashanti,Cocoa,16.34,0.0,14.29,33.9,424,0.0
2264,2021-06-29,Northern,Maize,16.18,0.0,2.96,33.4,454,0.0
2265,2021-06-29,Northern,Cassava,7.56,0.0,1.43,24.2,450,0.0
2266,2021-06-29,Northern,Cocoa,22.62,0.0,14.52,30.3,360,0.0
2267,2021-06-29,Western,Maize,30.97,0.0,2.96,26.2,357,0.0
2268,2021-06-29,Western,Cassava,18.05,0.0,1.2,31.8,239,0.0
2269,2021-06-29,Western,Cocoa,31.42,0.0,12.84,27.3,239,0.0
2270,2021-06-29,Eastern,Maize,7.61,0.0,2.78,27.1,343,0.0
2271,2021-06-29,Eastern,Cassava,13.27,0.0,1.11,26.7,291,0.0
2272,2021-06-29,Eastern,Cocoa,17.17,0.0,14.38,24.2,240,0.0
2273,2021-06-30,Greater Accra,Maize,14.55,0.0,3.01,30.1,129,0.0
2274,2021-06-30,Greater Accra,Cassava,13.11,0.0,1.48,25.2,497,0.0
2275,2021-06-30,Greater Accra,Cocoa,14.96,0.0,14.05,26.2,297,0.0
2276,2021-06-30,Ashanti,Maize,19.66,0.0,3.11,26.7,168,0.0
2277,2021-06-30,Ashanti,Cocoa,17.32,0.0,12.58,29.0,77,0.0
2278,2021-06-30,Northern,Maize,21.2,0.0,2.21,32.8,478,0.0
2279,2021-06-30,Northern,Cassava,25.34,0.0,0.0,24.2,306,0.0
2280,2021-06-30,Northern,Cocoa,16.67,0.0,15.29,27.1,455,0.0
2281,2021-06-30,Western,Maize,53.73,0.0,2.32,32.1,496,0.0
2282,2021-06-30,Western,Cassava,19.83,0.0,1.08,27.8,355,0.0
2283,2021-06-30,Western,Cocoa,20.84,0.0,12.47,27.5,114,0.0
2284,2021-06-30,Eastern,Maize,26.12,0.0,2.6,26.7,244,0.0
2285,2021-06-30,Eastern,Cassava,24.6,0.0,1.32,33.9,161,0.0
2286,2021-07-01,Greater Accra,Maize,24.64,0.0,2.52,33.8,299,0.0
2287,2021-07-01,Greater Accra,Cassava,19.13,0.0,1.09,25.1,143,0.0
2288,2021-07-01,Greater Accra,Cocoa,2.53,0.0,15.45,29.7,234,0.0
2289,2021-07-01,Ashanti,Maize,5.62,0.0,3.02,29.9,326,0.0
2290,2021-07-01,Ashanti,Cassava,17.63,0.0,1.43,33.2,175,0.0
2291,2021-07-01,Ashanti,Cocoa,10.18,0.0,13.31,28.4,375,0.0
2292,2021-07-01,Northern,Cassava,18.04,0.0,1.26,26.7,194,0.0
2293,2021-07-01,Northern,Cocoa,6.57,0.0,12.39,28.6,144,0.0
2294,2021-07-01,Western,Maize,9.96,0.0,2.98,32.7,368,0.0
2295,2021-07-01,Western,Cassava,42.45,0.0,1.03,28.8,437,0.0
2296,2021-07-01,Western,Cocoa,53.81,0.0,13.75,27.8,249,0.0
2297,2021-07-01,Eastern,Maize,29.05,0.0,2.21,33.3,108,0.0
2298,2021-07-01,Eastern,Cassava,31.47,0.0,1.21,25.9,70,0.0
2299,2021-07-01,Eastern,Cocoa,15.24,0.0,15.45,32.1,498,0.0
2300,2021-07-02,Greater Accra,Maize,13.52,0.0,2.35,24.4,312,0.0
2301,2021-07-02,Greater Accra,Cassava,18.6,0.0,1.13,29.9,216,0.0
2302,2021-07-02,Greater Accra,Cocoa,0.0,0.0,14.39,26.2,373,0.0
2303,2021-07-02,Ashanti,Maize,2.74,0.0,2.52,25.3,361,0.0
2304,2021-07-02,Ashanti,Cassava,35.18,0.0,1.16,33.3,403,0.0
2305,2021-07-02,Ashanti,Cocoa,40.37,0.0,12.8,28.2,244,0.0
2306,2021-07-02,Northern,Maize,10.26,0.0,2.35,27.6,101,0.0
2307,2021-07-02,Northern,Cassava,15.55,0.0,1.17,26.2,492,0.0
2308,2021-07-02,Northern,Cocoa,25.02,0.0,14.27,31.5,90,0.0
2309,2021-07-02,Western,Maize,26.58,0.0,2.54,32.6,258,0.0
2310,2021-07-02,Western,Cassava,35.16,0.0,1.08,30.9,195,0.0
2311,2021-07-02,Western,Cocoa,46.49,0.0,14.44,24.2,258,0.0
2312,2021-07-02,Eastern,Maize,19.9,0.0,2.86,31.7,260,0.0
2313,2021-07-02,Eastern,Cassava,12.28,0.0,1.16,24.7,192,0.0
2314,2021-07-02,Eastern,Cocoa,34.85,0.0,12.81,24.8,148,0.0
2315,2021-07-03,Greater Accra,Maize,7.11,0.0,2.61,33.0,463,0.0
2316,2021-07-03,Greater Accra,Cocoa,7.21,0.0,10.66,28.2,365,0.0
2317,2021-07-03,Ashanti,Cassava,12.25,0.0,1.16,29.5,207,0.0
2318,2021-07-03,Ashanti,Cocoa,10.32,0.0,15.34,26.9,163,0.0
2319,2021-07-03,Northern,Maize,14.24,0.0,2.49,31.4,254,0.0
2320,2021-07-03,Northern,Cassava,17.01,0.0,1.3,24.7,127,0.0
2321,2021-07-03,Northern,Cocoa,2.0,0.0,11.87,29.4,206,0.0
2322,2021-07-03,Western,Maize,30.51,0.0,2.46,24.7,207,0.0
2323,2021-07-03,Western,Cassava,0.0,0.0,1.14,26.2,113,0.0
2324,2021-07-03,Eastern,Maize,13.25,0.0,3.12,24.5,431,0.0
2325,2021-07-03,Eastern,Cassava,16.06,0.0,1.23,30.7,134,0.0
2326,2021-07-03,Eastern,Cocoa,14.71,0.0,11.29,32.1,127,0.0
2327,2021-07-04,Greater Accra,Maize,16.67,0.0,2.73,25.6,311,0.0
2328,2021-07-04,Greater Accra,Cassava,10.05,0.0,1.22,30.0,242,0.0
2329,2021-07-04,Greater Accra,Cocoa,16.79,0.0,15.06,30.4,285,0.0
2330,2021-07-04,Ashanti,Maize,34.88,0.0,2.87,26.6,70,0.0
2331,2021-07-04,Ashanti,Cassava,28.01,0.0,1.1,27.2,201,0.0
2332,2021-07-04,Ashanti,Cocoa,37.26,0.0,15.32,29.8,348,0.0
2333,2021-07-04,Northern,Maize,13.85,0.0,2.99,26.0,405,0.0
2334,2021-07-04,Northern,Cocoa,8.29,0.0,11.91,29.7,234,0.0
2335,2021-07-04,Western,Maize,41.7,0.0,2.16,31.1,482,0.0
2336,2021-07-04,Western,Cassava,15.94,0.0,1.35,26.7,462,0.0
2337,2021-07-04,Western,Cocoa,49.42,0.0,12.2,26.7,245,0.0
2338,2021-07-04,Eastern,Maize,13.15,0.0,2.77,33.5,404,0.0
2339,2021-07-04,Eastern,Cassava,24.9,0.0,1.06,24.6,282,0.0
2340,2021-07-04,Eastern,Cocoa,21.92,0.0,10.73,25.6,366,0.0
2341,2021-07-05,Greater Accra,Maize,17.81,0.0,2.79,31.7,439,0.0
2342,2021-07-05,Greater Accra,Cassava,17.56,0.0,1.06,32.9,405,0.0
2343,2021-07-05,Greater Accra,Cocoa,7.45,0.0,11.38,24.1,407,0.0
2344,2021-07-05,Ashanti,Maize,8.88,0.0,2.36,25.0,209,0.0
2345,2021-07-05,Ashanti,Cocoa,12.73,0.0,10.77,33.3,319,0.0
2346,2021-07-05,Northern,Maize,4.34,0.0,3.03,25.7,90,0.0
2347,2021-07-05,Northern,Cassava,12.54,0.0,1.14,25.0,225,0.0
2348,2021-07-05,Western,Maize,32.31,0.0,2.73,27.7,439,0.0
2349,2021-07-05,Western,Cassava,24.78,0.0,1.17,29.6,113,0.0
2350,2021-07-05,Western,Cocoa,19.68,0.0,15.59,28.0,84,0.0
2351,2021-07-05,Eastern,Maize,36.18,0.0,2.27,31.7,467,0.0
2352,2021-07-05,Eastern,Cassava,14.01,0.0,1.15,33.2,103,0.0
2353,2021-07-05,Eastern,Cocoa,32.23,0.0,13.47,24.4,245,0.0
2354,2021-07-06,Greater Accra,Maize,9.1,0.0,2.35,30.4,411,0.0
2355,2021-07-06,Greater Accra,Cassava,17.75,0.0,1.49,33.1,441,0.0
2356,2021-07-06,Greater Accra,Cocoa,14.63,0.0,0.0,28.0,124,0.0
2357,2021-07-06,Ashanti,Maize,33.57,0.0,2.82,34.0,61,0.0
2358,2021-07-06,Ashanti,Cassava,44.76,0.0,1.07,31.0,384,0.0
2359,2021-07-06,Ashanti,Cocoa,19.24,0.0,12.78,28.1,232,0.0
2360,2021-07-06,Northern,Maize,17.09,0.0,2.57,29.3,126,0.0
2361,2021-07-06,Northern,Cassava,11.96,0.0,1.2,32.7,330,0.0
2362,2021-07-06,Northern,Cocoa,7.58,0.0,11.17,31.5,368,0.0
2363,2021-07-06,Western,Maize,48.52,0.0,2.89,29.6,273,0.0
2364,2021-07-06,Western,Cocoa,41.15,0.0,13.19,24.1,115,0.0
2365,2021-07-06,Eastern,Cassava,28.91,0.0,1.17,32.2,362,0.0
2366,2021-07-06,Eastern,Cocoa,25.38,0.0,15.19,26.0,167,0.0
2367,2021-07-07,Ashanti,Maize,15.3,0.0,3.12,25.8,138,0.0
2368,2021-07-07,Ashanti,Cocoa,22.04,0.0,14.91,24.6,102,0.0
2369,2021-07-07,Northern,Maize,6.3,0.0,2.39,32.3,93,0.0
2370,2021-07-07,Northern,Cassava,25.99,0.0,1.48,24.1,365,0.0
2371,2021-07-07,Northern,Cocoa,25.8,0.0,12.74,29.3,424,0.0
2372,2021-07-07,Western,Maize,27.45,0.0,2.23,28.6,91,0.0
2373,2021-07-07,Western,Cassava,47.34,0.0,1.46,31.1,216,0.0
2374,2021-07-07,Western,Cocoa,42.63,0.0,11.93,32.0,229,0.0
2375,2021-07-07,Eastern,Cassava,13.0,0.0,1.46,31.8,364,0.0
2376,2021-07-07,Eastern,Cocoa,25.8,0.0,11.27,29.0,133,0.0
2377,2021-07-08,Greater Accra,Maize,20.52,0.0,2.2,31.4,324,0.0
2378,2021-07-08,Greater Accra,Cassava,10.41,0.0,1.48,33.2,147,0.0
2379,2021-07-08,Greater Accra,Cocoa,18.91,0.0,12.41,33.6,107,0.0
2380,2021-07-08,Ashanti,Maize,16.3,0.0,2.52,29.4,95,0.0
2381,2021-07-08,Ashanti,Cassava,32.04,0.0,1.5,27.5,327,0.0
2382,2021-07-08,Ashanti,Cocoa,39.96,0.0,14.86,26.4,341,0.0
2383,2021-07-08,Northern,Maize,5.13,0.0,3.11,28.8,266,0.0
2384,2021-07-08,Northern,Cassava,29.83,0.0,1.1,29.5,289,0.0
2385,2021-07-08,Northern,Cocoa,21.86,0.0,10.69,25.7,162,0.0
2386,2021-07-08,Western,Maize,10.33,0.0,2.51,28.1,461,0.0
2387,2021-07-08,Western,Cassava,41.96,0.0,1.33,25.7,218,0.0
2388,2021-07-08,Western,Cocoa,18.1,0.0,13.82,25.9,392,0.0
2389,2021-07-08,Eastern,Maize,20.08,0.0,2.2,31.1,87,0.0
2390,2021-07-08,Eastern,Cocoa,4.07,0.0,15.57,24.2,248,0.0
2391,2021-07-09,Greater Accra,Maize,14.94,0.0,3.04,27.8,375,0.0
2392,2021-07-09,Greater Accra,Cassava,7.47,0.0,1.32,29.1,384,0.0
2393,2021-07-09,Greater Accra,Cocoa,4.08,0.0,10.65,28.0,78,0.0
2394,2021-07-09,Ashanti,Maize,37.8,0.0,2.41,32.4,449,0.0
2395,2021-07-09,Ashanti,Cassava,38.71,0.0,1.12,32.9,333,0.0
2396,2021-07-09,Ashanti,Cocoa,33.28,0.0,13.55,33.0,354,0.0
2397,2021-07-09,Northern,Maize,12.88,0.0,2.27,32.3,102,0.0
2398,2021-07-09,Northern,Cocoa,10.62,0.0,11.79,28.0,410,0.0
2399,2021-07-09,Western,Maize,35.17,0.0,2.97,26.0,296,0.0
2400,2021-07-09,Western,Cassava,28.26,0.0,1.43,25.8,215,0.0
2401,2021-07-09,Western,Cocoa,44.16,0.0,12.16,30.9,388,0.0
2402,2021-07-09,Eastern,Maize,6.75,0.0,2.53,25.3,161,0.0
2403,2021-07-09,Eastern,Cassava,27.69,0.0,1.47,29.7,125,0.0
2404,2021-07-10,Greater Accra,Maize,19.8,0.0,2.59,24.4,279,0.0
2405,2021-07-10,Greater Accra,Cassava,16.65,0.0,1.4,24.3,489,0.0
2406,2021-07-10,Greater Accra,Cocoa,13.12,0.0,14.1,29.8,215,0.0
2407,2021-07-10,Ashanti,Maize,21.21,0.0,2.44,28.4,243,0.0
2408,2021-07-10,Ashanti,Cassava,35.54,0.0,1.26,29.7,402,0.0
2409,2021-07-10,Ashanti,Cocoa,24.71,0.0,11.47,32.2,296,0.0
2410,2021-07-10,Northern,Maize,28.71,0.0,2.88,33.7,400,0.0
2411,2021-07-10,Northern,Cassava,23.42,0.0,1.05,29.1,275,0.0
2412,2021-07-10,Northern,Cocoa,16.22,0.0,12.56,30.7,61,0.0
2413,2021-07-10,Western,Maize,21.46,0.0,2.85,32.2,186,0.0
2414,2021-07-10,Western,Cassava,34.0,0.0,1.46,29.4,318,0.0
2415,2021-07-10,Western,Cocoa,27.25,0.0,14.67,28.1,304,0.0
2416,2021-07-10,Eastern,Maize,13.47,0.0,3.01,26.3,487,0.0
2417,2021-07-10,Eastern,Cassava,35.99,0.0,1.39,27.8,111,0.0
2418,2021-07-10,Eastern,Cocoa,32.35,0.0,11.15,27.6,288,0.0
2419,2021-07-11,Greater Accra,Maize,11.35,0.0,2.73,24.1,237,0.0
2420,2021-07-11,Greater Accra,Cassava,0.0,0.0,1.45,31.9,358,0.0
2421,2021-07-11,Greater Accra,Cocoa,23.09,0.0,11.06,30.6,250,0.0
2422,2021-07-11,Ashanti,Maize,22.23,0.0,2.33,25.5,438,0.0
2423,2021-07-11,Ashanti,Cassava,20.64,0.0,1.16,24.5,77,0.0
2424,2021-07-11,Ashanti,Cocoa,24.64,0.0,15.35,31.1,240,0.0
2425,2021-07-11,Northern,Cassava,13.9,0.0,1.05,27.5,445,0.0
2426,2021-07-11,Northern,Cocoa,10.17,0.0,14.32,32.0,438,0.0
2427,2021-07-11,Western,Maize,26.85,0.0,2.31,33.5,110,0.0
2428,2021-07-11,Western,Cassava,11.46,0.0,1.45,28.4,62,0.0
2429,2021-07-11,Western,Cocoa,39.57,0.0,14.6,31.5,347,0.0
2430,2021-07-11,Eastern,Maize,15.54,0.0,2.76,32.6,264,0.0
2431,2021-07-11,Eastern,Cassava,8.53,0.0,1.04,30.6,276,0.0
2432,2021-07-11,Eastern,Cocoa,4.39,0.0,13.7,28.3,284,0.0
2433,2021-07-12,Greater Accra,Cassava,17.42,0.0,1.48,29.9,190,0.0
2434,2021-07-12,Ashanti,Maize,28.11,0.0,2.26,30.4,492,0.0
2435,2021-07-12,Ashanti,Cassava,23.58,0.0,1.19,32.7,98,0.0
2436,2021-07-12,Ashanti,Cocoa,25.16,0.0,12.94,28.3,106,0.0
2437,2021-07-12,Northern,Maize,26.09,0.0,2.59,27.2,252,0.0
2438,2021-07-12,Northern,Cassava,21.47,0.0,1.26,27.7,234,0.0
2439,2021-07-12,Western,Maize,15.01,0.0,2.76,25.7,50,0.0
2440,2021-07-12,Western,Cassava,30.04,0.0,1.23,33.0,67,0.0
2441,2021-07-12,Western,Cocoa,37.41,0.0,13.83,26.7,330,0.0
2442,2021-07-12,Eastern,Cassava,32.44,0.0,1.14,31.3,428,0.0
2443,2021-07-13,Greater Accra,Maize,19.58,0.0,2.42,30.0,105,0.0
2444,2021-07-13,Greater Accra,Cassava,11.39,0.0,1.41,29.4,115,0.0
2445,2021-07-13,Greater Accra,Cocoa,12.73,0.0,12.64,30.5,442,0.0
2446,2021-07-13,Ashanti,Maize,37.18,0.0,2.43,29.9,371,0.0
2447,2021-07-13,Ashanti,Cassava,7.31,0.0,1.1,33.9,88,0.0
2448,2021-07-13,Ashanti,Cocoa,35.54,0.0,11.21,26.3,84,0.0
2449,2021-07-13,Northern,Maize,25.38,0.0,2.42,29.9,353,0.0
2450,2021-07-13,Northern,Cassava,17.14,0.0,1.32,29.0,492,0.0
2451,2021-07-13,Northern,Cocoa,5.55,0.0,15.32,25.1,311,0.0
2452,2021-07-13,Western,Cassava,34.36,0.0,1.06,33.4,134,0.0
2453,2021-07-13,Western,Cocoa,32.72,0.0,13.89,25.7,211,0.0
2454,2021-07-13,Eastern,Maize,26.26,0.0,2.36,32.8,415,0.0
2455,2021-07-13,Eastern,Cassava,11.88,0.0,1.21,26.2,331,0.0
2456,2021-07-13,Eastern,Cocoa,15.28,0.0,12.54,28.7,163,0.0
2457,2021-07-14,Greater Accra,Maize,6.57,0.0,2.55,28.0,379,0.0
2458,2021-07-14,Greater Accra,Cassava,21.94,0.0,1.35,30.1,76,0.0
2459,2021-07-14,Greater Accra,Cocoa,8.63,0.0,12.19,27.8,154,0.0
2460,2021-07-14,Ashanti,Maize,29.43,0.0,2.39,25.2,129,0.0
2461,2021-07-14,Ashanti,Cassava,19.56,0.0,1.36,33.0,447,0.0
2462,2021-07-14,Ashanti,Cocoa,30.49,0.0,13.38,26.5,360,0.0
2463,2021-07-14,Northern,Maize,6.57,0.0,2.47,25.0,405,0.0
2464,2021-07-14,Northern,Cassava,5.55,0.0,1.5,25.0,289,0.0
2465,2021-07-14,Northern,Cocoa,26.14,0.0,12.25,31.9,385,0.0
2466,2021-07-14,Western,Maize,48.48,0.0,2.92,28.6,229,0.0
2467,2021-07-14,Western,Cassava,40.21,0.0,1.44,31.0,354,0.0
2468,2021-07-14,Eastern,Maize,9.35,0.0,2.69,28.5,275,0.0
2469,2021-07-14,Eastern,Cocoa,32.21,0.0,13.54,31.3,350,0.0
2470,2021-07-15,Greater Accra,Maize,15.76,0.0,2.5,30.8,67,0.0
2471,2021-07-15,Greater Accra,Cassava,20.01,0.0,1.19,30.5,493,0.0
2472,2021-07-15,Greater Accra,Cocoa,3.27,0.0,11.99,27.0,469,0.0
2473,2021-07-15,Ashanti,Maize,13.16,0.0,2.62,26.5,86,0.0
2474,2021-07-15,Ashanti,Cassava,28.21,0.0,1.19,28.8,352,0.0
2475,2021-07-15,Ashanti,Cocoa,26.18,0.0,12.45,24.5,300,0.0
2476,2021-07-15,Northern,Cocoa,18.15,0.0,13.41,28.9,243,0.0
2477,2021-07-15,Western,Maize,45.91,0.0,2.98,28.6,349,0.0
2478,2021-07-15,Western,Cassava,46.7,0.0,1.21,28.4,89,0.0
2479,2021-07-15,Western,Cocoa,29.01,0.0,10.8,30.5,332,0.0
2480,2021-07-15,Eastern,Maize,11.24,0.0,2.54,30.8,185,0.0
2481,2021-07-15,Eastern,Cocoa,0.03,0.0,11.53,31.5,66,0.0
2482,2021-07-16,Greater Accra,Maize,12.34,0.0,2.26,25.6,86,0.0
2483,2021-07-16,Greater Accra,Cocoa,16.66,0.0,12.61,30.8,463,0.0
2484,2021-07-16,Ashanti,Maize,21.62,0.0,2.26,33.8,67,0.0
2485,2021-07-16,Ashanti,Cassava,12.99,0.0,1.47,25.4,114,0.0
2486,2021-07-16,Ashanti,Cocoa,39.65,0.0,12.93,24.3,213,0.0
2487,2021-07-16,Northern,Cassava,15.32,0.0,1.41,31.8,73,0.0
2488,2021-07-16,Western,Maize,21.34,0.0,2.68,27.0,414,0.0
2489,2021-07-16,Western,Cassava,42.9,0.0,1.04,27.3,411,0.0
2490,2021-07-16,Eastern,Cassava,29.85,0.0,1.2,29.7,275,0.0
2491,2021-07-16,Eastern,Cocoa,19.95,0.0,11.34,26.6,87,0.0
2492,2021-07-17,Greater Accra,Cocoa,18.1,0.0,10.88,25.7,445,0.0
2493,2021-07-17,Ashanti,Maize,18.55,0.0,2.88,28.8,163,0.0
2494,2021-07-17,Ashanti,Cassava,37.89,0.0,1.36,28.3,467,0.0
2495,2021-07-17,Ashanti,Cocoa,32.09,0.0,13.06,27.8,364,0.0
2496,2021-07-17,Northern,Maize,11.68,0.0,2.51,24.3,157,0.0
2497,2021-07-17,Northern,Cassava,28.29,0.0,1.11,25.6,343,0.0
2498,2021-07-17,Northern,Cocoa,9.4,0.0,15.41,31.5,465,0.0
2499,2021-07-17,Western,Maize,0.0,0.0,2.66,30.1,96,0.0
2500,2021-07-17,Western,Cassava,42.01,0.0,1.47,25.1,328,0.0
2501,2021-07-17,Western,Cocoa,40.97,0.0,10.65,24.0,80,0.0
2502,2021-07-17,Eastern,Maize,21.64,0.0,2.34,25.9,464,0.0
2503,2021-07-17,Eastern,Cocoa,16.03,0.0,12.58,33.9,95,0.0
2504,2021-07-18,Greater Accra,Maize,7.44,0.0,2.96,30.2,126,0.0
2505,2021-07-18,Greater Accra,Cassava,11.8,0.0,1.23,32.1,227,0.0
2506,2021-07-18,Greater Accra,Cocoa,20.16,0.0,11.89,32.8,103,0.0
2507,2021-07-18,Ashanti,Maize,11.55,0.0,2.89,32.2,405,0.0
2508,2021-07-18,Ashanti,Cassava,26.44,0.0,1.21,25.1,410,0.0
2509,2021-07-18,Ashanti,Cocoa,14.29,0.0,11.9,31.3,387,0.0
2510,2021-07-18,Northern,Maize,13.39,0.0,2.75,31.6,114,0.0
2511,2021-07-18,Northern,Cassava,7.85,0.0,1.2,32.4,75,0.0
2512,2021-07-18,Northern,Cocoa,3.85,0.0,14.07,24.7,247,0.0
2513,2021-07-18,Western,Maize,31.75,0.0,2.21,30.2,188,0.0
2514,2021-07-18,Western,Cassava,13.41,0.0,1.15,24.8,412,0.0
2515,2021-07-18,Western,Cocoa,21.58,0.0,13.04,31.1,209,0.0
2516,2021-07-18,Eastern,Maize,28.21,0.0,2.99,29.4,203,0.0
2517,2021-07-18,Eastern,Cassava,27.01,0.0,1.25,32.5,349,0.0
2518,2021-07-18,Eastern,Cocoa,8.08,0.0,13.47,25.7,79,0.0
2519,2021-07-19,Greater Accra,Maize,16.11,0.0,2.46,34.0,138,0.0
2520,2021-07-19,Greater Accra,Cassava,9.89,0.0,1.47,26.5,458,0.0
2521,2021-07-19,Greater Accra,Cocoa,17.61,0.0,12.51,29.1,281,0.0
2522,2021-07-19,Ashanti,Maize,21.96,0.0,3.03,28.4,443,0.0
2523,2021-07-19,Ashanti,Cassava,16.33,0.0,1.07,30.9,208,0.0
2524,2021-07-19,Ashanti,Cocoa,41.32,0.0,11.19,28.5,450,0.0
2525,2021-07-19,Northern,Maize,15.05,0.0,3.09,25.6,231,0.0
2526,2021-07-19,Northern,Cassava,7.49,0.0,1.3,28.4,100,0.0
2527,2021-07-19,Western,Maize,48.57,0.0,2.45,25.6,395,0.0
2528,2021-07-19,Western,Cassava,47.26,0.0,1.25,33.9,363,0.0
2529,2021-07-19,Western,Cocoa,28.56,0.0,11.71,32.2,269,0.0
2530,2021-07-19,Eastern,Maize,19.53,0.0,2.58,29.6,122,0.0
2531,2021-07-19,Eastern,Cassava,19.9,0.0,1.15,25.2,443,0.0
2532,2021-07-19,Eastern,Cocoa,26.52,0.0,13.42,24.5,396,0.0
2533,2021-07-20,Greater Accra,Maize,29.83,0.0,2.18,30.3,492,0.0
2534,2021-07-20,Greater Accra,Cassava,22.75,0.0,1.15,25.2,165,0.0
2535,2021-07-20,Greater Accra,Cocoa,4.63,0.0,14.07,27.4,390,0.0
2536,2021-07-20,Ashanti,Maize,15.77,0.0,3.02,25.1,368,0.0
2537,2021-07-20,Ashanti,Cassava,12.35,0.0,1.36,30.2,418,0.0
2538,2021-07-20,Ashanti,Cocoa,24.63,0.0,10.85,33.5,275,0.0
2539,2021-07-20,Northern,Maize,15.61,0.0,2.46,32.3,250,0.0
2540,2021-07-20,Northern,Cassava,7.88,0.0,1.47,28.5,182,0.0
2541,2021-07-20,Northern,Cocoa,25.1,0.0,14.55,33.8,455,0.0
2542,2021-07-20,Western,Maize,36.36,0.0,2.82,24.5,461,0.0
2543,2021-07-20,Western,Cassava,23.2,0.0,1.35,24.1,406,0.0
2544,2021-07-20,Eastern,Cassava,22.21,0.0,1.4,33.2,66,0.0
2545,2021-07-20,Eastern,Cocoa,20.46,0.0,10.94,32.8,171,0.0
2546,2021-07-21,Greater Accra,Maize,12.93,0.0,3.05,30.3,279,0.0
2547,2021-07-21,Greater Accra,Cassava,8.3,0.0,1.28,30.2,160,0.0
2548,2021-07-21,Greater Accra,Cocoa,20.66,0.0,12.94,25.8,342,0.0
2549,2021-07-21,Ashanti,Maize,43.22,0.0,2.26,32.2,160,0.0
2550,2021-07-21,Ashanti,Cassava,39.22,0.0,1.14,27.3,155,0.0
2551,2021-07-21,Ashanti,Cocoa,26.26,0.0,14.13,27.9,216,0.0
2552,2021-07-21,Northern,Maize,22.58,0.0,2.72,26.9,353,0.0
2553,2021-07-21,Northern,Cassava,15.78,0.0,1.43,27.1,417,0.0
2554,2021-07-21,Northern,Cocoa,17.04,0.0,12.77,31.3,99,0.0
2555,2021-07-21,Western,Cassava,41.52,0.0,1.49,27.7,375,0.0
2556,2021-07-21,Western,Cocoa,5.13,0.0,14.16,33.4,211,0.0
2557,2021-07-21,Eastern,Maize,16.93,0.0,3.01,31.7,177,0.0
2558,2021-07-21,Eastern,Cassava,7.5,0.0,1.37,31.5,117,0.0
2559,2021-07-21,Eastern,Cocoa,39.48,0.0,11.51,24.1,114,0.0
2560,2021-07-22,Greater Accra,Cassava,3.03,0.0,1.48,29.2,285,0.0
2561,2021-07-22,Greater Accra,Cocoa,10.61,0.0,14.59,32.3,79,0.0
2562,2021-07-22,Ashanti,Maize,18.67,0.0,2.14,27.9,402,0.0
2563,2021-07-22,Ashanti,Cassava,16.91,0.0,1.47,26.1,342,0.0
2564,2021-07-22,Ashanti,Cocoa,7.01,0.0,13.03,29.3,446,0.0
2565,2021-07-22,Northern,Maize,3.65,0.0,2.65,31.3,373,0.0
2566,2021-07-22,Northern,Cocoa,11.9,0.0,10.71,26.5,80,0.0
2567,2021-07-22,Western,Maize,28.34,0.0,2.51,31.0,71,0.0
2568,2021-07-22,Western,Cassava,30.4,0.0,1.44,33.0,281,0.0
2569,2021-07-22,Western,Cocoa,16.14,0.0,11.86,26.9,483,0.0
2570,2021-07-22,Eastern,Maize,22.78,0.0,2.53,33.7,76,0.0
2571,2021-07-22,Eastern,Cassava,9.29,0.0,1.06,32.9,351,0.0
2572,2021-07-22,Eastern,Cocoa,22.91,0.0,12.84,30.0,58,0.0
2573,2021-07-23,Greater Accra,Maize,27.83,0.0,2.66,33.4,455,0.0
2574,2021-07-23,Greater Accra,Cassava,14.44,0.0,0.0,27.9,133,0.0
2575,2021-07-23,Greater Accra,Cocoa,19.43,0.0,10.97,28.5,101,0.0
2576,2021-07-23,Ashanti,Maize,19.58,0.0,2.97,25.6,320,0.0
2577,2021-07-23,Ashanti,Cassava,27.88,0.0,1.08,25.5,278,0.0
2578,2021-07-23,Ashanti,Cocoa,0.0,0.0,14.11,26.2,444,0.0
2579,2021-07-23,Northern,Maize,21.98,0.0,2.87,28.0,248,0.0
2580,2021-07-23,Northern,Cassava,13.38,0.0,1.41,25.8,482,0.0
2581,2021-07-23,Northern,Cocoa,7.66,0.0,14.57,24.4,398,0.0
2582,2021-07-23,Western,Cassava,42.88,0.0,1.09,29.0,421,0.0
2583,2021-07-23,Western,Cocoa,7.82,0.0,12.21,25.0,78,0.0
2584,2021-07-23,Eastern,Maize,21.78,0.0,2.3,28.9,193,0.0
2585,2021-07-23,Eastern,Cassava,22.66,0.0,1.13,27.7,197,0.0
2586,2021-07-23,Eastern,Cocoa,27.95,0.0,10.97,29.5,167,0.0
2587,2021-07-24,Greater Accra,Maize,19.88,0.0,2.67,28.8,185,0.0
2588,2021-07-24,Greater Accra,Cassava,12.79,0.0,1.08,24.4,158,0.0
2589,2021-07-24,Greater Accra,Cocoa,21.16,0.0,12.82,30.8,420,0.0
2590,2021-07-24,Ashanti,Maize,40.39,0.0,2.22,30.3,340,0.0
2591,2021-07-24,Ashanti,Cassava,24.3,0.0,1.2,30.1,280,0.0
2592,2021-07-24,Ashanti,Cocoa,25.58,0.0,11.84,27.3,429,0.0
2593,2021-07-24,Northern,Maize,13.71,0.0,2.28,27.8,490,0.0
2594,2021-07-24,Northern,Cassava,25.96,0.0,1.37,24.7,233,0.0
2595,2021-07-24,Northern,Cocoa,25.92,0.0,13.17,33.0,95,0.0
2596,2021-07-24,Western,Maize,51.4,0.0,2.17,28.0,110,0.0
2597,2021-07-24,Western,Cassava,16.57,0.0,1.07,33.8,159,0.0
2598,2021-07-24,Western,Cocoa,16.29,0.0,13.25,26.7,225,0.0
2599,2021-07-24,Eastern,Maize,23.64,0.0,2.97,25.6,232,0.0
2600,2021-07-24,Eastern,Cocoa,19.84,0.0,14.65,30.5,218,0.0
2601,2021-07-25,Greater Accra,Maize,13.13,0.0,2.18,24.4,375,0.0
2602,2021-07-25,Greater Accra,Cassava,26.81,0.0,1.12,29.5,66,0.0
2603,2021-07-25,Greater Accra,Cocoa,10.43,0.0,12.97,28.1,349,0.0
2604,2021-07-25,Ashanti,Cassava,17.87,0.0,1.11,27.2,203,0.0
2605,2021-07-25,Ashanti,Cocoa,13.02,0.0,11.38,27.5,479,0.0
2606,2021-07-25,Northern,Maize,18.27,0.0,2.86,29.7,477,0.0
2607,2021-07-25,Northern,Cocoa,15.1,0.0,13.2,32.3,53,0.0
2608,2021-07-25,Western,Maize,42.05,0.0,2.77,26.9,199,0.0
2609,2021-07-25,Western,Cassava,27.09,0.0,1.18,24.3,400,0.0
2610,2021-07-25,Western,Cocoa,28.95,0.0,13.65,30.2,248,0.0
2611,2021-07-25,Eastern,Maize,3.38,0.0,2.99,30.4,220,0.0
2612,2021-07-25,Eastern,Cassava,24.84,0.0,1.21,31.9,192,0.0
2613,2021-07-25,Eastern,Cocoa,24.57,0.0,12.74,30.2,147,0.0
2614,2021-07-26,Greater Accra,Maize,11.32,0.0,2.95,29.5,113,0.0
2615,2021-07-26,Greater Accra,Cocoa,6.72,0.0,13.51,29.4,241,0.0
2616,2021-07-26,Ashanti,Maize,23.7,0.0,2.25,26.3,212,0.0
2617,2021-07-26,Ashanti,Cassava,29.3,0.0,1.34,24.8,319,0.0
2618,2021-07-26,Ashanti,Cocoa,29.08,0.0,13.2,26.1,68,0.0
2619,2021-07-26,Northern,Cassava,26.07,0.0,1.38,27.3,83,0.0
2620,2021-07-26,Northern,Cocoa,34.26,0.0,15.26,26.6,375,0.0
2621,2021-07-26,Western,Maize,37.41,0.0,2.36,30.3,237,0.0
2622,2021-07-26,Western,Cassava,47.13,0.0,1.04,24.5,147,0.0
2623,2021-07-26,Western,Cocoa,26.29,0.0,12.23,28.6,182,0.0
2624,2021-07-26,Eastern,Maize,29.23,0.0,2.33,31.9,355,0.0
2625,2021-07-26,Eastern,Cassava,32.54,0.0,1.42,25.1,186,0.0
2626,2021-07-26,Eastern,Cocoa,24.68,0.0,11.87,27.7,92,0.0
2627,2021-07-27,Greater Accra,Maize,14.7,0.0,3.02,29.2,282,0.0
2628,2021-07-27,Greater Accra,Cassava,24.97,0.0,1.34,28.4,135,0.0
2629,2021-07-27,Greater Accra,Cocoa,3.21,0.0,14.42,29.6,108,0.0
2630,2021-07-27,Ashanti,Maize,29.86,0.0,2.85,29.5,300,0.0
2631,2021-07-27,Ashanti,Cassava,33.51,0.0,1.21,28.4,376,0.0
2632,2021-07-27,Ashanti,Cocoa,16.75,0.0,12.08,30.0,142,0.0
2633,2021-07-27,Northern,Maize,25.38,0.0,2.17,33.7,123,0.0
2634,2021-07-27,Northern,Cocoa,12.38,0.0,12.06,24.8,451,0.0
2635,2021-07-27,Western,Maize,34.46,0.0,2.92,32.8,478,0.0
2636,2021-07-27,Western,Cassava,0.0,0.0,1.1,29.5,247,0.0
2637,2021-07-27,Western,Cocoa,37.68,0.0,13.55,24.1,66,0.0
2638,2021-07-27,Eastern,Maize,22.52,0.0,2.83,28.1,193,0.0
2639,2021-07-27,Eastern,Cassava,11.21,0.0,1.06,29.9,385,0.0
2640,2021-07-27,Eastern,Cocoa,3.88,0.0,15.16,26.8,111,0.0
2641,2021-07-28,Greater Accra,Maize,23.15,0.0,2.22,26.0,186,0.0
2642,2021-07-28,Greater Accra,Cassava,18.49,0.0,1.43,32.2,77,0.0
2643,2021-07-28,Greater Accra,Cocoa,3.62,0.0,15.05,29.3,386,0.0
2644,2021-07-28,Ashanti,Maize,7.81,0.0,2.82,33.5,179,0.0
2645,2021-07-28,Ashanti,Cassava,39.2,0.0,1.19,25.0,266,0.0
2646,2021-07-28,Ashanti,Cocoa,13.71,0.0,12.78,27.8,98,0.0
2647,2021-07-28,Northern,Maize,21.43,0.0,2.2,26.7,157,0.0
2648,2021-07-28,Northern,Cocoa,14.75,0.0,13.73,24.9,107,0.0
2649,2021-07-28,Western,Maize,38.84,0.0,2.88,26.7,365,0.0
2650,2021-07-28,Western,Cassava,37.2,0.0,1.14,26.3,96,0.0
2651,2021-07-28,Western,Cocoa,9.43,0.0,13.93,24.7,354,0.0
2652,2021-07-28,Eastern,Maize,32.98,0.0,2.3,27.7,444,0.0
2653,2021-07-28,Eastern,Cassava,13.99,0.0,1.45,24.4,381,0.0
2654,2021-07-29,Greater Accra,Maize,3.8,0.0,2.64,24.5,415,0.0
2655,2021-07-29,Greater Accra,Cassava,7.54,0.0,1.37,31.3,187,0.0
2656,2021-07-29,Greater Accra,Cocoa,19.35,0.0,15.52,26.4,180,0.0
2657,2021-07-29,Ashanti,Maize,14.86,0.0,2.6,27.8,122,0.0
2658,2021-07-29,Ashanti,Cassava,12.71,0.0,1.44,29.2,455,0.0
2659,2021-07-29,Northern,Maize,14.93,0.0,3.0,33.4,282,0.0
2660,2021-07-29,Northern,Cassava,18.58,0.0,1.4,32.8,355,0.0
2661,2021-07-29,Northern,Cocoa,23.74,0.0,11.64,32.9,236,0.0
2662,2021-07-29,Western,Maize,38.6,0.0,2.71,28.5,123,0.0
2663,2021-07-29,Western,Cassava,33.61,0.0,1.38,28.7,52,0.0
2664,2021-07-29,Western,Cocoa,39.46,0.0,15.31,25.7,268,0.0
2665,2021-07-29,Eastern,Maize,0.0,0.0,2.99,26.0,173,0.0
2666,2021-07-29,Eastern,Cassava,27.18,0.0,1.16,24.1,459,0.0
2667,2021-07-29,Eastern,Cocoa,7.15,0.0,15.01,25.0,326,0.0
2668,2021-07-30,Greater Accra,Cassava,19.11,0.0,1.48,27.4,291,0.0
2669,2021-07-30,Ashanti,Maize,30.05,0.0,3.02,32.7,80,0.0
2670,2021-07-30,Ashanti,Cassava,38.49,0.0,1.16,32.2,383,0.0
2671,2021-07-30,Ashanti,Cocoa,26.89,0.0,15.47,27.2,309,0.0
2672,2021-07-30,Northern,Maize,22.95,0.0,2.51,30.6,275,0.0
2673,2021-07-30,Northern,Cassava,12.68,0.0,1.4,30.1,96,0.0
2674,2021-07-30,Northern,Cocoa,13.72,0.0,12.85,27.4,476,0.0
2675,2021-07-30,Western,Maize,9.26,0.0,2.84,32.8,410,0.0
2676,2021-07-30,Western,Cassava,26.31,0.0,1.12,31.2,245,0.0
2677,2021-07-30,Western,Cocoa,15.0,0.0,12.05,30.5,313,0.0
2678,2021-07-30,Eastern,Cassava,4.86,0.0,1.27,24.8,274,0.0
2679,2021-07-31,Greater Accra,Maize,15.47,0.0,2.56,24.2,251,0.0
2680,2021-07-31,Greater Accra,Cassava,13.92,0.0,1.28,33.6,351,0.0
2681,2021-07-31,Greater Accra,Cocoa,4.65,0.0,14.26,27.5,381,0.0
2682,2021-07-31,Ashanti,Maize,33.71,0.0,3.04,28.6,347,0.0
2683,2021-07-31,Ashanti,Cocoa,28.45,0.0,11.91,29.3,126,0.0
2684,2021-07-31,Northern,Cassava,16.06,0.0,1.16,29.3,426,0.0
2685,2021-07-31,Northern,Cocoa,19.79,0.0,10.8,32.3,169,0.0
2686,2021-07-31,Western,Cassava,15.44,0.0,1.32,28.6,289,0.0
2687,2021-07-31,Western,Cocoa,41.97,0.0,13.78,28.3,305,0.0
2688,2021-07-31,Eastern,Maize,28.76,0.0,2.38,25.6,203,0.0
2689,2021-07-31,Eastern,Cassava,13.72,0.0,1.1,32.0,329,0.0
2690,2021-07-31,Eastern,Cocoa,21.61,0.0,12.24,27.3,197,0.0
2691,2021-08-01,Greater Accra,Maize,21.33,0.0,2.37,33.9,133,0.0
2692,2021-08-01,Greater Accra,Cassava,14.23,0.0,1.4,31.2,332,0.0
2693,2021-08-01,Greater Accra,Cocoa,8.06,0.0,11.35,26.9,436,0.0
2694,2021-08-01,Ashanti,Maize,19.06,0.0,2.27,29.1,336,0.0
2695,2021-08-01,Ashanti,Cassava,17.02,0.0,1.13,25.0,189,0.0
2696,2021-08-01,Ashanti,Cocoa,20.81,0.0,13.37,30.3,196,0.0
2697,2021-08-01,Northern,Maize,18.17,0.0,2.69,27.6,150,0.0
2698,2021-08-01,Northern,Cassava,13.32,0.0,1.13,24.0,183,0.0
2699,2021-08-01,Northern,Cocoa,21.42,0.0,14.12,27.7,307,0.0
2700,2021-08-01,Western,Maize,41.64,0.0,2.35,24.0,269,0.0
2701,2021-08-01,Western,Cassava,24.3,0.0,1.36,27.5,376,0.0
2702,2021-08-01,Western,Cocoa,11.23,0.0,12.65,26.8,485,0.0
2703,2021-08-01,Eastern,Cassava,20.23,0.0,1.2,25.0,216,0.0
2704,2021-08-01,Eastern,Cocoa,28.4,0.0,15.02,28.5,306,0.0
2705,2021-08-02,Greater Accra,Maize,4.41,0.0,2.82,27.8,459,0.0
2706,2021-08-02,Greater Accra,Cassava,13.43,0.0,1.13,26.6,93,0.0
2707,2021-08-02,Greater Accra,Cocoa,24.03,0.0,11.31,29.7,124,0.0
2708,2021-08-02,Ashanti,Maize,38.75,0.0,2.52,32.1,446,0.0
2709,2021-08-02,Ashanti,Cassava,35.5,0.0,1.12,28.0,92,0.0
2710,2021-08-02,Ashanti,Cocoa,28.41,0.0,11.89,25.5,79,0.0
2711,2021-08-02,Northern,Maize,24.32,0.0,2.62,32.9,304,0.0
2712,2021-08-02,Northern,Cassava,3.16,0.0,1.18,29.1,273,0.0
2713,2021-08-02,Northern,Cocoa,7.01,0.0,12.57,31.5,380,0.0
2714,2021-08-02,Western,Maize,46.03,0.0,2.76,24.6,71,0.0
2715,2021-08-02,Western,Cassava,30.08,0.0,0.0,27.6,344,0.0
2716,2021-08-02,Eastern,Maize,10.39,0.0,3.09,31.2,314,0.0
2717,2021-08-02,Eastern,Cassava,19.67,0.0,1.18,29.0,332,0.0
2718,2021-08-02,Eastern,Cocoa,18.46,0.0,15.56,27.0,447,0.0
2719,2021-08-03,Greater Accra,Maize,9.09,0.0,2.73,32.8,401,0.0
2720,2021-08-03,Greater Accra,Cassava,9.18,0.0,1.2,28.8,173,0.0
2721,2021-08-03,Ashanti,Cassava,9.53,0.0,1.02,26.8,241,0.0
2722,2021-08-03,Ashanti,Cocoa,38.28,0.0,13.88,28.1,50,0.0
2723,2021-08-03,Northern,Maize,18.51,0.0,2.53,27.9,108,0.0
2724,2021-08-03,Northern,Cassava,7.5,0.0,1.39,32.7,360,0.0
2725,2021-08-03,Northern,Cocoa,8.38,0.0,14.29,30.1,193,0.0
2726,2021-08-03,Western,Maize,19.88,0.0,2.39,31.5,434,0.0
2727,2021-08-03,Western,Cassava,10.65,0.0,1.35,26.1,99,0.0
2728,2021-08-03,Western,Cocoa,41.57,0.0,12.82,31.0,242,0.0
2729,2021-08-03,Eastern,Maize,24.76,0.0,2.58,28.6,62,0.0
2730,2021-08-03,Eastern,Cassava,9.44,0.0,1.13,32.1,130,0.0
2731,2021-08-04,Greater Accra,Maize,11.23,0.0,2.2,24.4,398,0.0
2732,2021-08-04,Greater Accra,Cassava,15.92,0.0,1.12,26.0,306,0.0
2733,2021-08-04,Greater Accra,Cocoa,7.21,0.0,12.34,25.2,238,0.0
2734,2021-08-04,Ashanti,Maize,17.85,0.0,2.85,31.6,266,0.0
2735,2021-08-04,Ashanti,Cassava,20.38,0.0,1.25,31.8,314,0.0
2736,2021-08-04,Ashanti,Cocoa,11.32,0.0,13.1,25.5,417,0.0
2737,2021-08-04,Northern,Maize,10.01,0.0,3.11,31.0,403,0.0
2738,2021-08-04,Northern,Cassava,23.86,0.0,1.34,26.9,436,0.0
2739,2021-08-04,Northern,Cocoa,15.57,0.0,12.52,27.9,168,0.0
2740,2021-08-04,Western,Cassava,38.37,0.0,1.21,29.4,351,0.0
2741,2021-08-04,Western,Cocoa,10.97,0.0,13.15,25.4,302,0.0
2742,2021-08-04,Eastern,Maize,16.79,0.0,3.05,34.0,496,0.0
2743,2021-08-04,Eastern,Cassava,36.88,0.0,1.38,31.5,196,0.0
2744,2021-08-04,Eastern,Cocoa,19.2,0.0,14.09,33.0,346,0.0
2745,2021-08-05,Greater Accra,Maize,12.27,0.0,2.58,28.2,73,0.0
2746,2021-08-05,Greater Accra,Cassava,9.93,0.0,1.28,25.0,424,0.0
2747,2021-08-05,Greater Accra,Cocoa,26.07,0.0,13.13,27.6,122,0.0
2748,2021-08-05,Ashanti,Cassava,23.82,0.0,1.22,24.2,324,0.0
2749,2021-08-05,Ashanti,Cocoa,12.47,0.0,15.05,29.2,340,0.0
2750,2021-08-05,Northern,Cassava,23.39,0.0,1.35,25.5,352,0.0
2751,2021-08-05,Northern,Cocoa,18.72,0.0,15.61,27.6,321,0.0
2752,2021-08-05,Western,Maize,45.81,0.0,3.06,33.3,321,0.0
2753,2021-08-05,Eastern,Cassava,34.65,0.0,1.27,32.2,66,0.0
2754,2021-08-05,Eastern,Cocoa,36.09,0.0,11.01,30.1,383,0.0
2755,2021-08-06,Greater Accra,Maize,11.94,0.0,2.23,33.0,78,0.0
2756,2021-08-06,Greater Accra,Cocoa,17.44,0.0,15.33,31.4,190,0.0
2757,2021-08-06,Ashanti,Cocoa,30.79,0.0,14.1,31.9,386,0.0
2758,2021-08-06,Northern,Maize,25.83,0.0,3.03,31.9,218,0.0
2759,2021-08-06,Northern,Cassava,16.14,0.0,1.39,29.6,476,0.0
2760,2021-08-06,Western,Maize,28.71,0.0,2.2,26.1,268,0.0
2761,2021-08-06,Western,Cassava,25.31,0.0,1.37,33.2,485,0.0
2762,2021-08-06,Western,Cocoa,6.71,0.0,14.77,29.4,197,0.0
2763,2021-08-06,Eastern,Maize,20.94,0.0,2.85,30.0,224,0.0
2764,2021-08-06,Eastern,Cocoa,25.75,0.0,15.15,33.0,442,0.0
2765,2021-08-07,Greater Accra,Maize,10.16,0.0,2.15,24.6,201,0.0
2766,2021-08-07,Greater Accra,Cassava,14.84,0.0,1.13,32.4,449,0.0
2767,2021-08-07,Greater Accra,Cocoa,12.73,0.0,13.42,27.6,161,0.0
2768,2021-08-07,Ashanti,Maize,30.78,0.0,2.35,25.6,280,0.0
2769,2021-08-07,Ashanti,Cassava,10.43,0.0,1.41,32.5,468,0.0
2770,2021-08-07,Ashanti,Cocoa,9.01,0.0,13.16,24.2,381,0.0
2771,2021-08-07,Northern,Maize,15.04,0.0,2.76,27.7,372,0.0
2772,2021-08-07,Northern,Cassava,13.57,0.0,1.36,27.7,455,0.0
2773,2021-08-07,Northern,Cocoa,12.88,0.0,11.87,33.3,270,0.0
2774,2021-08-07,Western,Maize,20.6,0.0,2.83,33.5,360,0.0
2775,2021-08-07,Western,Cassava,46.77,0.0,1.24,30.4,264,0.0
2776,2021-08-07,Eastern,Maize,12.77,0.0,2.17,32.6,68,0.0
2777,2021-08-07,Eastern,Cassava,18.42,0.0,1.48,32.5,132,0.0
2778,2021-08-07,Eastern,Cocoa,4.47,0.0,10.93,32.1,248,0.0
2779,2021-08-08,Greater Accra,Maize,14.18,0.0,2.83,24.6,215,0.0
2780,2021-08-08,Greater Accra,Cassava,5.77,0.0,1.12,33.1,328,0.0
2781,2021-08-08,Greater Accra,Cocoa,7.59,0.0,15.02,25.5,453,0.0
2782,2021-08-08,Ashanti,Maize,28.91,0.0,0.0,30.5,485,0.0
2783,2021-08-08,Ashanti,Cassava,24.73,0.0,1.32,26.8,235,0.0
2784,2021-08-08,Ashanti,Cocoa,15.86,0.0,12.38,32.9,288,0.0
2785,2021-08-08,Northern,Maize,9.12,0.0,2.9,26.8,266,0.0
2786,2021-08-08,Northern,Cocoa,25.78,0.0,13.46,34.0,151,0.0
2787,2021-08-08,Western,Maize,37.27,0.0,2.24,27.8,184,0.0
2788,2021-08-08,Western,Cassava,24.06,0.0,1.09,29.8,50,0.0
2789,2021-08-08,Western,Cocoa,16.02,0.0,12.8,26.9,182,0.0
2790,2021-08-08,Eastern,Maize,16.01,0.0,2.73,33.0,109,0.0
2791,2021-08-08,Eastern,Cassava,30.73,0.0,1.1,25.4,124,0.0
2792,2021-08-08,Eastern,Cocoa,19.73,0.0,13.62,25.8,448,0.0
2793,2021-08-09,Greater Accra,Maize,16.3,0.0,2.69,32.0,485,0.0
2794,2021-08-09,Greater Accra,Cassava,4.23,0.0,1.34,32.5,386,0.0
2795,2021-08-09,Greater Accra,Cocoa,26.19,0.0,11.98,29.4,365,0.0
2796,2021-08-09,Ashanti,Maize,29.55,0.0,2.54,25.2,194,0.0
2797,2021-08-09,Ashanti,Cassava,21.71,0.0,1.42,32.4,65,0.0
2798,2021-08-09,Ashanti,Cocoa,19.79,0.0,10.73,31.7,144,0.0
2799,2021-08-09,Northern,Maize,9.78,0.0,2.74,26.3,450,0.0
2800,2021-08-09,Northern,Cassava,21.25,0.0,1.03,27.5,62,0.0
2801,2021-08-09,Northern,Cocoa,23.79,0.0,14.25,32.5,92,0.0
2802,2021-08-09,Western,Maize,20.74,0.0,3.02,28.7,198,0.0
2803,2021-08-09,Western,Cassava,12.09,0.0,1.3,33.2,252,0.0
2804,2021-08-09,Western,Cocoa,50.09,0.0,15.34,26.7,95,0.0
2805,2021-08-09,Eastern,Maize,21.42,0.0,2.29,30.7,317,0.0
2806,2021-08-09,Eastern,Cassava,30.12,0.0,1.49,28.1,416,0.0
2807,2021-08-10,Greater Accra,Maize,15.37,0.0,2.94,26.3,161,0.0
2808,2021-08-10,Greater Accra,Cassava,10.93,0.0,1.4,25.7,85,0.0
2809,2021-08-10,Greater Accra,Cocoa,7.39,0.0,11.54,24.1,75,0.0
2810,2021-08-10,Ashanti,Maize,23.6,0.0,2.33,29.6,416,0.0
2811,2021-08-10,Ashanti,Cassava,29.51,0.0,1.5,32.6,233,0.0
2812,2021-08-10,Ashanti,Cocoa,17.21,0.0,12.39,27.6,233,0.0
2813,2021-08-10,Northern,Maize,13.58,0.0,3.05,26.4,361,0.0
2814,2021-08-10,Northern,Cassava,20.39,0.0,1.22,29.5,96,0.0
2815,2021-08-10,Northern,Cocoa,26.54,0.0,13.5,30.4,54,0.0
2816,2021-08-10,Western,Maize,26.32,0.0,2.6,25.0,349,0.0
2817,2021-08-10,Western,Cassava,31.17,0.0,1.26,28.2,377,0.0
2818,2021-08-10,Western,Cocoa,40.43,0.0,15.23,25.2,299,0.0
2819,2021-08-10,Eastern,Maize,19.06,0.0,2.89,27.5,364,0.0
2820,2021-08-10,Eastern,Cassava,21.36,0.0,1.47,29.7,455,0.0
2821,2021-08-10,Eastern,Cocoa,24.61,0.0,13.7,31.2,169,0.0
2822,2021-08-11,Greater Accra,Cassava,25.76,0.0,1.21,28.3,326,0.0
2823,2021-08-11,Ashanti,Cassava,19.48,0.0,1.22,29.2,145,0.0
2824,2021-08-11,Ashanti,Cocoa,4.69,0.0,15.33,29.6,418,0.0
2825,2021-08-11,Northern,Maize,14.94,0.0,2.19,28.9,491,0.0
2826,2021-08-11,Northern,Cassava,12.36,0.0,1.29,25.3,377,0.0
2827,2021-08-11,Western,Maize,45.04,0.0,2.23,30.9,155,0.0
2828,2021-08-11,Western,Cassava,36.08,0.0,1.21,27.1,450,0.0
2829,2021-08-11,Western,Cocoa,13.85,0.0,14.69,30.5,309,0.0
2830,2021-08-11,Eastern,Maize,28.96,0.0,2.45,33.4,435,0.0
2831,2021-08-11,Eastern,Cassava,3.3,0.0,1.04,28.9,53,0.0
2832,2021-08-11,Eastern,Cocoa,28.13,0.0,12.63,28.3,204,0.0
2833,2021-08-12,Greater Accra,Cocoa,7.6,0.0,14.04,31.5,99,0.0
2834,2021-08-12,Ashanti,Cocoa,10.38,0.0,13.09,25.5,202,0.0
2835,2021-08-12,Northern,Maize,26.58,0.0,2.14,29.5,165,0.0
2836,2021-08-12,Northern,Cassava,25.3,0.0,1.13,25.9,401,0.0
2837,2021-08-12,Northern,Cocoa,17.4,0.0,14.21,32.8,441,0.0
2838,2021-08-12,Western,Maize,16.27,0.0,2.26,28.0,265,0.0
2839,2021-08-12,Western,Cassava,53.74,0.0,1.12,32.8,299,0.0
2840,2021-08-12,Western,Cocoa,22.98,0.0,15.11,27.0,499,0.0
2841,2021-08-12,Eastern,Maize,18.54,0.0,2.75,30.7,281,0.0
2842,2021-08-12,Eastern,Cassava,14.99,0.0,1.41,33.5,175,0.0
2843,2021-08-12,Eastern,Cocoa,15.58,0.0,14.6,27.6,68,0.0
2844,2021-08-13,Greater Accra,Cassava,18.39,0.0,1.43,25.4,221,0.0
2845,2021-08-13,Greater Accra,Cocoa,20.48,0.0,11.16,32.4,229,0.0
2846,2021-08-13,Ashanti,Maize,45.98,0.0,2.55,28.1,443,0.0
2847,2021-08-13,Ashanti,Cocoa,15.91,0.0,14.59,27.6,434,0.0
2848,2021-08-13,Northern,Maize,23.45,0.0,2.54,31.2,378,0.0
2849,2021-08-13,Northern,Cocoa,16.89,0.0,14.01,27.3,429,0.0
2850,2021-08-13,Western,Maize,49.1,0.0,2.27,28.2,402,0.0
2851,2021-08-13,Western,Cassava,21.17,0.0,1.19,29.5,417,0.0
2852,2021-08-13,Western,Cocoa,29.97,0.0,12.14,27.1,78,0.0
2853,2021-08-13,Eastern,Cassava,8.78,0.0,1.32,25.1,217,0.0
2854,2021-08-13,Eastern,Cocoa,9.45,0.0,10.78,32.5,147,0.0
2855,2021-08-14,Greater Accra,Cassava,8.22,0.0,1.46,31.2,154,0.0
2856,2021-08-14,Ashanti,Maize,26.44,0.0,2.13,33.8,72,0.0
2857,2021-08-14,Ashanti,Cassava,30.68,0.0,1.37,29.0,128,0.0
2858,2021-08-14,Ashanti,Cocoa,15.09,0.0,12.8,25.5,346,0.0
2859,2021-08-14,Northern,Maize,26.17,0.0,2.47,27.1,373,0.0
2860,2021-08-14,Northern,Cassava,15.23,0.0,1.32,29.4,65,0.0
2861,2021-08-14,Northern,Cocoa,7.18,0.0,15.16,27.1,464,0.0
2862,2021-08-14,Western,Maize,11.22,0.0,2.18,32.8,62,0.0
2863,2021-08-14,Western,Cassava,40.11,0.0,1.4,30.8,146,0.0
2864,2021-08-14,Western,Cocoa,52.8,0.0,12.51,29.9,357,0.0
2865,2021-08-14,Eastern,Maize,30.37,0.0,2.79,27.3,323,0.0
2866,2021-08-14,Eastern,Cassava,2.47,0.0,1.21,33.9,326,0.0
2867,2021-08-15,Greater Accra,Maize,6.27,0.0,2.8,26.3,305,0.0
2868,2021-08-15,Greater Accra,Cassava,15.5,0.0,1.32,28.3,100,0.0
2869,2021-08-15,Greater Accra,Cocoa,13.73,0.0,15.58,32.2,394,0.0
2870,2021-08-15,Ashanti,Maize,38.04,0.0,2.49,25.9,125,0.0
2871,2021-08-15,Ashanti,Cassava,12.93,0.0,1.35,27.3,170,0.0
2872,2021-08-15,Ashanti,Cocoa,0.0,0.0,12.35,25.5,484,0.0
2873,2021-08-15,Northern,Maize,23.17,0.0,2.61,31.3,472,0.0
2874,2021-08-15,Northern,Cocoa,10.24,0.0,14.6,33.8,205,0.0
2875,2021-08-15,Western,Maize,9.25,0.0,2.29,25.5,429,0.0
2876,2021-08-15,Western,Cassava,30.61,0.0,1.11,31.8,51,0.0
2877,2021-08-15,Western,Cocoa,37.6,0.0,11.22,26.1,58,0.0
2878,2021-08-15,Eastern,Maize,23.98,0.0,2.95,26.8,240,0.0
2879,2021-08-16,Greater Accra,Maize,17.23,0.0,2.43,24.8,270,0.0
2880,2021-08-16,Greater Accra,Cassava,3.45,0.0,1.29,25.3,339,0.0
2881,2021-08-16,Ashanti,Maize,17.01,0.0,2.91,30.9,321,0.0
2882,2021-08-16,Ashanti,Cassava,27.31,0.0,1.14,31.4,59,0.0
2883,2021-08-16,Ashanti,Cocoa,15.35,0.0,14.91,29.5,126,0.0
2884,2021-08-16,Northern,Maize,15.23,0.0,2.35,24.4,310,0.0
2885,2021-08-16,Northern,Cassava,16.67,0.0,1.34,24.6,429,0.0
2886,2021-08-16,Western,Maize,31.88,0.0,2.94,29.3,268,0.0
2887,2021-08-16,Western,Cassava,26.56,0.0,1.37,28.8,296,0.0
2888,2021-08-16,Western,Cocoa,34.16,0.0,12.25,25.1,173,0.0
2889,2021-08-16,Eastern,Maize,20.57,0.0,2.45,32.0,406,0.0
2890,2021-08-16,Eastern,Cassava,13.83,0.0,1.12,31.4,192,0.0
2891,2021-08-16,Eastern,Cocoa,11.08,0.0,14.52,29.0,343,0.0
2892,2021-08-17,Greater Accra,Maize,9.6,0.0,3.08,31.7,88,0.0
2893,2021-08-17,Greater Accra,Cassava,8.33,0.0,1.41,27.4,314,0.0
2894,2021-08-17,Greater Accra,Cocoa,24.54,0.0,14.38,31.8,157,0.0
2895,2021-08-17,Ashanti,Maize,20.2,0.0,2.81,30.5,62,0.0
2896,2021-08-17,Ashanti,Cassava,5.51,0.0,1.08,24.1,214,0.0
2897,2021-08-17,Ashanti,Cocoa,37.48,0.0,11.19,31.5,272,0.0
2898,2021-08-17,Northern,Maize,24.48,0.0,2.77,31.1,475,0.0
2899,2021-08-17,Northern,Cocoa,11.75,0.0,10.68,29.2,471,0.0
2900,2021-08-17,Western,Maize,36.76,0.0,2.5,31.6,465,0.0
2901,2021-08-17,Western,Cassava,13.98,0.0,1.46,29.4,417,0.0
2902,2021-08-17,Western,Cocoa,12.64,0.0,13.64,27.8,421,0.0
2903,2021-08-17,Eastern,Maize,26.54,0.0,2.29,24.6,204,0.0
2904,2021-08-18,Greater Accra,Maize,17.53,0.0,2.47,30.2,179,0.0
2905,2021-08-18,Greater Accra,Cassava,23.22,0.0,1.42,31.1,343,0.0
2906,2021-08-18,Greater Accra,Cocoa,18.68,0.0,13.71,32.8,189,0.0
2907,2021-08-18,Ashanti,Maize,15.14,0.0,2.5,25.3,291,0.0
2908,2021-08-18,Ashanti,Cassava,15.84,0.0,1.28,29.1,152,0.0
2909,2021-08-18,Ashanti,Cocoa,12.69,0.0,11.98,31.6,394,0.0
2910,2021-08-18,Northern,Maize,9.43,0.0,2.84,25.4,468,0.0
2911,2021-08-18,Northern,Cassava,11.84,0.0,1.4,31.5,326,0.0
2912,2021-08-18,Northern,Cocoa,8.3,0.0,13.93,28.7,235,0.0
2913,2021-08-18,Western,Cassava,34.27,0.0,1.41,29.7,53,0.0
2914,2021-08-18,Western,Cocoa,10.75,0.0,14.42,33.3,190,0.0
2915,2021-08-18,Eastern,Maize,18.49,0.0,2.69,26.6,101,0.0
2916,2021-08-18,Eastern,Cassava,19.49,0.0,1.5,32.8,326,0.0
2917,2021-08-18,Eastern,Cocoa,4.04,0.0,11.26,25.1,189,0.0
2918,2021-08-19,Greater Accra,Maize,9.38,0.0,2.63,30.5,103,0.0
2919,2021-08-19,Greater Accra,Cassava,9.85,0.0,1.48,28.3,120,0.0
2920,2021-08-19,Greater Accra,Cocoa,15.88,0.0,12.65,30.3,66,0.0
2921,2021-08-19,Ashanti,Maize,42.73,0.0,2.36,29.0,352,0.0
2922,2021-08-19,Ashanti,Cassava,35.86,0.0,1.41,27.8,263,0.0
2923,2021-08-19,Ashanti,Cocoa,15.85,0.0,14.86,28.6,140,0.0
2924,2021-08-19,Northern,Maize,9.71,0.0,3.03,26.3,155,0.0
2925,2021-08-19,Northern,Cassava,3.25,0.0,1.47,26.0,487,0.0
2926,2021-08-19,Northern,Cocoa,22.25,0.0,12.09,31.3,433,0.0
2927,2021-08-19,Western,Maize,23.44,0.0,2.4,33.4,439,0.0
2928,2021-08-19,Western,Cassava,47.24,0.0,1.04,32.8,490,0.0
2929,2021-08-19,Western,Cocoa,13.56,0.0,13.41,26.7,106,0.0
2930,2021-08-19,Eastern,Maize,32.28,0.0,2.91,30.4,424,0.0
2931,2021-08-19,Eastern,Cassava,21.46,0.0,1.19,28.0,403,0.0
2932,2021-08-19,Eastern,Cocoa,10.68,0.0,12.27,25.4,158,0.0
2933,2021-08-20,Greater Accra,Cassava,19.41,0.0,1.36,30.6,220,0.0
2934,2021-08-20,Greater Accra,Cocoa,9.48,0.0,14.77,31.6,419,0.0
2935,2021-08-20,Ashanti,Maize,18.13,0.0,2.59,33.9,256,0.0
2936,2021-08-20,Ashanti,Cassava,34.05,0.0,1.37,33.3,266,0.0
2937,2021-08-20,Ashanti,Cocoa,32.0,0.0,12.28,29.8,415,0.0
2938,2021-08-20,Northern,Maize,10.47,0.0,2.76,32.3,200,0.0
2939,2021-08-20,Northern,Cassava,12.18,0.0,1.39,30.1,225,0.0
2940,2021-08-20,Western,Maize,36.9,0.0,2.43,30.9,225,0.0
2941,2021-08-20,Western,Cassava,28.76,0.0,1.49,31.3,488,0.0
2942,2021-08-20,Western,Cocoa,21.19,0.0,12.82,27.2,420,0.0
2943,2021-08-20,Eastern,Maize,27.72,0.0,2.96,32.5,250,0.0
2944,2021-08-20,Eastern,Cocoa,0.0,0.0,15.19,24.3,473,0.0
2945,2021-08-21,Greater Accra,Maize,3.25,0.0,2.39,33.6,142,0.0
2946,2021-08-21,Greater Accra,Cassava,16.38,0.0,1.32,24.3,190,0.0
2947,2021-08-21,Greater Accra,Cocoa,25.77,0.0,11.24,29.4,481,0.0
2948,2021-08-21,Ashanti,Maize,4.63,0.0,2.9,32.6,83,0.0
2949,2021-08-21,Ashanti,Cassava,32.6,0.0,1.08,31.6,124,0.0
2950,2021-08-21,Ashanti,Cocoa,32.35,0.0,11.51,31.2,168,0.0
2951,2021-08-21,Western,Maize,7.39,0.0,2.68,31.1,286,0.0
2952,2021-08-21,Western,Cassava,40.56,0.0,1.18,24.0,56,0.0
2953,2021-08-21,Western,Cocoa,43.94,0.0,12.26,31.0,459,0.0
2954,2021-08-21,Eastern,Maize,26.88,0.0,2.39,32.9,336,0.0
2955,2021-08-21,Eastern,Cassava,30.65,0.0,1.03,26.5,248,0.0
2956,2021-08-21,Eastern,Cocoa,23.74,0.0,14.52,31.5,324,0.0
2957,2021-08-22,Greater Accra,Cassava,3.76,0.0,1.26,32.5,149,0.0
2958,2021-08-22,Greater Accra,Cocoa,12.29,0.0,14.25,27.3,431,0.0
2959,2021-08-22,Ashanti,Maize,15.38,0.0,2.63,27.3,453,0.0
2960,2021-08-22,Ashanti,Cassava,19.37,0.0,1.29,33.1,463,0.0
2961,2021-08-22,Ashanti,Cocoa,6.69,0.0,11.29,31.7,343,0.0
2962,2021-08-22,Northern,Maize,23.93,0.0,2.25,33.1,241,0.0
2963,2021-08-22,Northern,Cocoa,16.65,0.0,14.56,30.3,230,0.0
2964,2021-08-22,Western,Cassava,0.0,0.0,1.4,31.9,353,0.0
2965,2021-08-22,Western,Cocoa,19.17,0.0,14.52,32.0,96,0.0
2966,2021-08-22,Eastern,Maize,11.78,0.0,2.46,24.3,268,0.0
2967,2021-08-22,Eastern,Cassava,24.43,0.0,1.31,31.8,194,0.0
2968,2021-08-22,Eastern,Cocoa,8.34,0.0,12.98,25.3,67,0.0
2969,2021-08-23,Greater Accra,Maize,21.89,0.0,2.96,28.3,352,0.0
2970,2021-08-23,Greater Accra,Cassava,23.08,0.0,1.32,31.3,470,0.0
2971,2021-08-23,Ashanti,Maize,21.37,0.0,2.29,26.6,445,0.0
2972,2021-08-23,Ashanti,Cassava,10.8,0.0,1.23,33.0,191,0.0
2973,2021-08-23,Ashanti,Cocoa,18.41,0.0,10.96,29.2,237,0.0
2974,2021-08-23,Northern,Maize,8.38,0.0,3.01,29.4,50,0.0
2975,2021-08-23,Northern,Cassava,23.82,0.0,1.05,25.9,76,0.0
2976,2021-08-23,Northern,Cocoa,22.66,0.0,14.5,30.3,134,0.0
2977,2021-08-23,Western,Cassava,36.99,0.0,1.31,31.9,399,0.0
2978,2021-08-23,Western,Cocoa,53.75,0.0,12.2,28.3,261,0.0
2979,2021-08-23,Eastern,Cassava,31.23,0.0,1.3,30.0,348,0.0
2980,2021-08-24,Greater Accra,Maize,7.18,0.0,2.47,31.0,109,0.0
2981,2021-08-24,Greater Accra,Cassava,11.1,0.0,1.34,30.7,220,0.0
2982,2021-08-24,Ashanti,Maize,25.35,0.0,2.46,32.4,137,0.0
2983,2021-08-24,Ashanti,Cassava,14.29,0.0,1.22,24.6,215,0.0
2984,2021-08-24,Ashanti,Cocoa,24.06,0.0,12.13,30.7,77,0.0
2985,2021-08-24,Northern,Maize,23.86,0.0,2.62,31.8,430,0.0
2986,2021-08-24,Northern,Cassava,7.31,0.0,1.23,32.2,181,0.0
2987,2021-08-24,Northern,Cocoa,15.62,0.0,11.42,31.4,279,0.0
2988,2021-08-24,Western,Maize,27.07,0.0,2.48,32.1,185,0.0
2989,2021-08-24,Western,Cocoa,52.74,0.0,13.49,25.9,444,0.0
2990,2021-08-24,Eastern,Maize,21.28,0.0,2.15,30.2,214,0.0
2991,2021-08-24,Eastern,Cocoa,19.86,0.0,15.12,31.6,196,0.0
2992,2021-08-25,Greater Accra,Cassava,15.52,0.0,1.07,28.1,333,0.0
2993,2021-08-25,Greater Accra,Cocoa,24.53,0.0,13.85,25.6,115,0.0
2994,2021-08-25,Ashanti,Maize,7.18,0.0,3.02,30.9,327,0.0
2995,2021-08-25,Ashanti,Cassava,8.91,0.0,1.44,27.4,137,0.0
2996,2021-08-25,Northern,Maize,8.67,0.0,2.54,25.7,350,0.0
2997,2021-08-25,Northern,Cocoa,13.99,0.0,11.98,26.4,391,0.0
2998,2021-08-25,Western,Maize,37.75,0.0,2.4,24.0,461,0.0
2999,2021-08-25,Western,Cassava,19.87,0.0,1.22,30.6,160,0.0
3000,2021-08-25,Eastern,Maize,5.52,0.0,2.51,24.2,352,0.0
3001,2021-08-25,Eastern,Cassava,31.62,0.0,1.41,30.5,345,0.0
3002,2021-08-25,Eastern,Cocoa,17.82,0.0,11.65,24.6,98,0.0
3003,2021-08-26,Greater Accra,Maize,5.57,0.0,2.45,24.7,396,0.0
3004,2021-08-26,Greater Accra,Cassava,21.01,0.0,1.2,24.8,310,0.0
3005,2021-08-26,Greater Accra,Cocoa,3.47,0.0,11.85,25.6,417,0.0
3006,2021-08-26,Ashanti,Maize,34.34,0.0,3.06,27.5,301,0.0
3007,2021-08-26,Ashanti,Cocoa,27.11,0.0,15.35,28.5,277,0.0
3008,2021-08-26,Northern,Maize,8.19,0.0,2.53,31.1,475,0.0
3009,2021-08-26,Northern,Cassava,10.47,0.0,1.49,33.5,326,0.0
3010,2021-08-26,Northern,Cocoa,15.0,0.0,11.37,24.0,364,0.0
3011,2021-08-26,Western,Maize,51.86,0.0,2.86,26.5,376,0.0
3012,2021-08-26,Western,Cassava,34.26,0.0,1.42,33.0,121,0.0
3013,2021-08-26,Eastern,Maize,5.9,0.0,2.24,25.7,115,0.0
3014,2021-08-26,Eastern,Cassava,3.98,0.0,1.46,28.9,56,0.0
3015,2021-08-26,Eastern,Cocoa,12.99,0.0,11.7,32.3,139,0.0
3016,2021-08-27,Greater Accra,Maize,14.73,0.0,2.83,32.5,141,0.0
3017,2021-08-27,Greater Accra,Cassava,3.11,0.0,1.13,29.8,485,0.0
3018,2021-08-27,Greater Accra,Cocoa,18.49,0.0,15.4,27.3,125,0.0
3019,2021-08-27,Ashanti,Maize,6.71,0.0,2.58,26.9,83,0.0
3020,2021-08-27,Ashanti,Cassava,17.45,0.0,1.11,34.0,344,0.0
3021,2021-08-27,Ashanti,Cocoa,20.86,0.0,12.94,26.8,80,0.0
3022,2021-08-27,Northern,Maize,1.19,0.0,2.2,31.9,319,0.0
3023,2021-08-27,Northern,Cassava,28.55,0.0,1.47,28.5,316,0.0
3024,2021-08-27,Northern,Cocoa,14.69,0.0,14.25,33.1,291,0.0
3025,2021-08-27,Western,Maize,16.85,0.0,2.18,33.1,151,0.0
3026,2021-08-27,Western,Cassava,52.19,0.0,1.33,27.3,461,0.0
3027,2021-08-27,Eastern,Maize,13.82,0.0,2.84,25.1,392,0.0
3028,2021-08-27,Eastern,Cassava,15.43,0.0,1.16,26.0,252,0.0
3029,2021-08-28,Greater Accra,Maize,0.87,0.0,2.43,25.3,106,0.0
3030,2021-08-28,Greater Accra,Cocoa,6.35,0.0,14.59,31.4,315,0.0
3031,2021-08-28,Ashanti,Maize,18.19,0.0,2.58,30.9,401,0.0
3032,2021-08-28,Ashanti,Cassava,25.75,0.0,1.45,27.8,479,0.0
3033,2021-08-28,Ashanti,Cocoa,40.99,0.0,13.49,25.9,196,0.0
3034,2021-08-28,Northern,Maize,29.34,0.0,2.67,26.7,455,0.0
3035,2021-08-28,Northern,Cassava,20.1,0.0,1.38,24.7,175,0.0
3036,2021-08-28,Western,Maize,37.69,0.0,3.08,33.9,408,0.0
3037,2021-08-28,Western,Cassava,40.93,0.0,1.24,32.1,276,0.0
3038,2021-08-28,Eastern,Maize,13.59,0.0,2.75,25.6,92,0.0
3039,2021-08-28,Eastern,Cocoa,28.22,0.0,12.69,26.0,477,0.0
3040,2021-08-29,Greater Accra,Maize,21.02,0.0,2.49,25.9,307,0.0
3041,2021-08-29,Greater Accra,Cassava,7.47,0.0,1.37,31.9,354,0.0
3042,2021-08-29,Ashanti,Maize,27.51,0.0,3.12,34.0,285,0.0
3043,2021-08-29,Ashanti,Cassava,35.37,0.0,1.37,25.4,365,0.0
3044,2021-08-29,Ashanti,Cocoa,6.83,0.0,12.41,32.6,456,0.0
3045,2021-08-29,Northern,Cassava,26.07,0.0,1.27,30.9,394,0.0
3046,2021-08-29,Northern,Cocoa,6.43,0.0,14.38,30.6,417,0.0
3047,2021-08-29,Western,Maize,48.41,0.0,2.96,28.2,247,0.0
3048,2021-08-29,Western,Cassava,30.41,0.0,1.04,28.1,444,0.0
3049,2021-08-29,Western,Cocoa,15.63,0.0,12.34,28.2,221,0.0
3050,2021-08-29,Eastern,Maize,27.41,0.0,2.86,31.4,481,0.0
3051,2021-08-29,Eastern,Cassava,15.43,0.0,1.06,30.3,236,0.0
3052,2021-08-29,Eastern,Cocoa,30.17,0.0,14.44,31.2,440,0.0
3053,2021-08-30,Greater Accra,Maize,19.8,0.0,3.09,33.4,383,0.0
3054,2021-08-30,Greater Accra,Cocoa,17.47,0.0,15.51,31.8,396,0.0
3055,2021-08-30,Ashanti,Maize,6.18,0.0,3.09,28.0,440,0.0
3056,2021-08-30,Ashanti,Cocoa,16.65,0.0,14.96,27.6,352,0.0
3057,2021-08-30,Northern,Maize,6.92,0.0,3.03,30.9,408,0.0
3058,2021-08-30,Northern,Cassava,16.3,0.0,1.08,28.3,271,0.0
3059,2021-08-30,Northern,Cocoa,21.24,0.0,11.58,30.5,361,0.0
3060,2021-08-30,Western,Maize,39.85,0.0,3.12,24.3,373,0.0
3061,2021-08-30,Western,Cassava,13.45,0.0,1.16,33.2,342,0.0
3062,2021-08-30,Western,Cocoa,13.68,0.0,10.92,32.5,422,0.0
3063,2021-08-30,Eastern,Maize,3.8,0.0,2.14,31.9,287,0.0
3064,2021-08-30,Eastern,Cassava,4.4,0.0,1.38,27.3,305,0.0
3065,2021-08-30,Eastern,Cocoa,16.5,0.0,14.38,25.5,215,0.0
3066,2021-08-31,Greater Accra,Maize,2.24,0.0,3.03,29.5,370,0.0
3067,2021-08-31,Greater Accra,Cocoa,14.77,0.0,14.93,33.0,441,0.0
3068,2021-08-31,Ashanti,Cassava,38.37,0.0,1.31,31.9,176,0.0
3069,2021-08-31,Ashanti,Cocoa,15.97,0.0,13.87,26.4,498,0.0
3070,2021-08-31,Northern,Maize,11.64,0.0,2.27,26.9,59,0.0
3071,2021-08-31,Northern,Cassava,10.27,0.0,1.27,25.3,493,0.0
3072,2021-08-31,Western,Maize,29.8,0.0,2.13,28.4,117,0.0
3073,2021-08-31,Western,Cassava,48.97,0.0,1.23,28.6,59,0.0
3074,2021-08-31,Western,Cocoa,44.97,0.0,11.48,26.2,168,0.0
3075,2021-08-31,Eastern,Maize,21.04,0.0,2.36,28.3,248,0.0
3076,2021-08-31,Eastern,Cassava,30.12,0.0,1.26,27.6,183,0.0
3077,2021-08-31,Eastern,Cocoa,21.84,0.0,11.83,24.8,102,0.0
3078,2021-09-01,Greater Accra,Maize,0.0,0.0,2.85,27.4,267,0.0
3079,2021-09-01,Greater Accra,Cassava,14.96,0.0,1.44,28.0,222,0.0
3080,2021-09-01,Greater Accra,Cocoa,7.77,0.0,15.5,25.4,405,0.0
3081,2021-09-01,Ashanti,Maize,27.5,0.0,3.09,31.8,352,0.0
3082,2021-09-01,Ashanti,Cassava,32.73,0.0,1.5,25.4,401,0.0
3083,2021-09-01,Ashanti,Cocoa,41.13,0.0,11.82,33.3,74,0.0
3084,2021-09-01,Northern,Maize,21.92,0.0,2.69,26.1,150,0.0
3085,2021-09-01,Northern,Cassava,31.39,0.0,1.1,28.3,299,0.0
3086,2021-09-01,Northern,Cocoa,23.54,0.0,14.98,28.7,174,0.0
3087,2021-09-01,Western,Maize,52.29,0.0,2.39,34.0,336,0.0
3088,2021-09-01,Western,Cassava,13.02,0.0,1.32,30.1,66,0.0
3089,2021-09-01,Western,Cocoa,38.39,0.0,12.69,27.6,366,0.0
3090,2021-09-01,Eastern,Cassava,22.55,0.0,1.39,31.7,332,0.0
3091,2021-09-01,Eastern,Cocoa,13.96,0.0,10.88,29.1,300,0.0
3092,2021-09-02,Greater Accra,Cassava,11.42,0.0,1.07,28.5,367,0.0
3093,2021-09-02,Ashanti,Maize,43.31,0.0,2.55,32.9,203,0.0
3094,2021-09-02,Ashanti,Cassava,7.06,0.0,1.37,32.6,441,0.0
3095,2021-09-02,Northern,Maize,24.66,0.0,3.02,32.3,481,0.0
3096,2021-09-02,Northern,Cassava,21.08,0.0,1.2,31.2,219,0.0
3097,2021-09-02,Northern,Cocoa,26.66,0.0,12.07,30.8,69,0.0
3098,2021-09-02,Western,Maize,30.14,0.0,2.2,27.5,189,0.0
3099,2021-09-02,Western,Cassava,9.22,0.0,1.45,27.3,208,0.0
3100,2021-09-02,Western,Cocoa,47.34,0.0,13.48,31.5,125,0.0
3101,2021-09-02,Eastern,Maize,36.28,0.0,2.39,32.4,282,0.0
3102,2021-09-02,Eastern,Cassava,33.9,0.0,1.35,26.0,336,0.0
3103,2021-09-02,Eastern,Cocoa,19.9,0.0,13.99,33.8,373,0.0
3104,2021-09-03,Greater Accra,Maize,16.19,0.0,2.18,24.8,435,0.0
3105,2021-09-03,Greater Accra,Cassava,9.22,0.0,1.46,28.2,493,0.0
3106,2021-09-03,Greater Accra,Cocoa,14.0,0.0,13.25,26.8,444,0.0
3107,2021-09-03,Ashanti,Maize,23.64,0.0,3.05,29.7,333,0.0
3108,2021-09-03,Ashanti,Cassava,8.95,0.0,1.46,29.1,166,0.0
3109,2021-09-03,Ashanti,Cocoa,17.86,0.0,12.15,25.0,83,0.0
3110,2021-09-03,Northern,Maize,22.89,0.0,3.08,25.1,419,0.0
3111,2021-09-03,Northern,Cassava,12.53,0.0,1.21,33.9,462,0.0
3112,2021-09-03,Northern,Cocoa,25.68,0.0,12.87,32.6,366,0.0
3113,2021-09-03,Western,Maize,40.39,0.0,2.9,28.9,215,0.0
3114,2021-09-03,Western,Cassava,24.57,0.0,1.08,25.7,255,0.0
3115,2021-09-03,Western,Cocoa,14.18,0.0,12.08,27.3,358,0.0
3116,2021-09-03,Eastern,Maize,22.25,0.0,2.14,33.5,429,0.0
3117,2021-09-03,Eastern,Cassava,29.55,0.0,1.46,24.3,148,0.0
3118,2021-09-03,Eastern,Cocoa,22.4,0.0,10.94,24.7,423,0.0
3119,2021-09-04,Greater Accra,Maize,23.6,0.0,2.16,30.6,360,0.0
3120,2021-09-04,Greater Accra,Cassava,17.82,0.0,1.24,27.4,397,0.0
3121,2021-09-04,Greater Accra,Cocoa,12.9,0.0,14.77,30.0,246,0.0
3122,2021-09-04,Ashanti,Maize,6.74,0.0,2.59,24.0,173,0.0
3123,2021-09-04,Northern,Maize,26.57,0.0,2.4,28.9,480,0.0
3124,2021-09-04,Northern,Cassava,22.83,0.0,1.1,26.4,393,0.0
3125,2021-09-04,Northern,Cocoa,15.17,0.0,12.81,27.9,340,0.0
3126,2021-09-04,Western,Maize,19.5,0.0,2.72,26.5,418,0.0
3127,2021-09-04,Western,Cassava,17.42,0.0,1.45,31.0,136,0.0
3128,2021-09-04,Eastern,Maize,12.82,0.0,3.11,27.6,499,0.0
3129,2021-09-04,Eastern,Cocoa,30.38,0.0,13.23,30.5,326,0.0
3130,2021-09-05,Greater Accra,Maize,9.5,0.0,2.8,27.0,251,0.0
3131,2021-09-05,Greater Accra,Cassava,8.77,0.0,1.39,27.7,216,0.0
3132,2021-09-05,Greater Accra,Cocoa,3.35,0.0,0.0,31.1,243,0.0
3133,2021-09-05,Ashanti,Maize,29.06,0.0,2.73,28.5,207,0.0
3134,2021-09-05,Ashanti,Cassava,7.48,0.0,1.29,29.8,130,0.0
3135,2021-09-05,Ashanti,Cocoa,42.85,0.0,11.46,25.6,471,0.0
3136,2021-09-05,Northern,Cassava,22.59,0.0,1.38,26.0,76,0.0
3137,2021-09-05,Northern,Cocoa,9.43,0.0,13.16,26.4,166,0.0
3138,2021-09-05,Western,Maize,35.4,0.0,2.14,30.1,149,0.0
3139,2021-09-05,Western,Cassava,9.12,0.0,1.14,30.8,328,0.0
3140,2021-09-05,Western,Cocoa,54.75,0.0,12.42,32.1,335,0.0
3141,2021-09-05,Eastern,Cassava,28.9,0.0,1.34,33.4,143,0.0
3142,2021-09-05,Eastern,Cocoa,30.07,0.0,14.76,26.7,421,0.0
3143,2021-09-06,Greater Accra,Maize,21.02,0.0,2.75,32.0,372,0.0
3144,2021-09-06,Greater Accra,Cassava,15.03,0.0,1.43,31.0,462,0.0
3145,2021-09-06,Greater Accra,Cocoa,12.21,0.0,14.42,29.8,302,0.0
3146,2021-09-06,Ashanti,Cassava,17.23,0.0,1.4,24.1,115,0.0
3147,2021-09-06,Ashanti,Cocoa,27.9,0.0,12.67,33.0,366,0.0
3148,2021-09-06,Northern,Maize,18.06,0.0,2.24,24.8,156,0.0
3149,2021-09-06,Northern,Cassava,20.23,0.0,1.23,26.6,321,0.0
3150,2021-09-06,Western,Maize,27.36,0.0,3.07,31.1,176,0.0
3151,2021-09-06,Western,Cassava,41.5,0.0,1.27,33.8,272,0.0
3152,2021-09-06,Western,Cocoa,44.55,0.0,10.86,30.6,236,0.0
3153,2021-09-06,Eastern,Maize,8.93,0.0,2.4,30.3,102,0.0
3154,2021-09-06,Eastern,Cassava,21.65,0.0,1.27,25.4,248,0.0
3155,2021-09-07,Greater Accra,Cassava,12.37,0.0,1.4,29.3,460,0.0
3156,2021-09-07,Ashanti,Maize,10.28,0.0,2.4,24.9,469,0.0
3157,2021-09-07,Ashanti,Cassava,36.53,0.0,1.19,29.8,136,0.0
3158,2021-09-07,Ashanti,Cocoa,22.69,0.0,13.58,32.9,129,0.0
3159,2021-09-07,Northern,Maize,29.53,0.0,2.36,31.4,331,0.0
3160,2021-09-07,Northern,Cassava,23.14,0.0,1.35,25.0,151,0.0
3161,2021-09-07,Northern,Cocoa,7.28,0.0,14.74,28.4,245,0.0
3162,2021-09-07,Western,Maize,38.84,0.0,2.36,31.7,115,0.0
3163,2021-09-07,Western,Cassava,55.1,0.0,1.08,34.0,189,0.0
3164,2021-09-07,Western,Cocoa,49.86,0.0,15.55,25.8,279,0.0
3165,2021-09-07,Eastern,Maize,26.33,0.0,2.4,30.2,175,0.0
3166,2021-09-07,Eastern,Cassava,28.34,0.0,1.28,32.7,268,0.0
3167,2021-09-07,Eastern,Cocoa,30.71,0.0,13.29,31.5,128,0.0
3168,2021-09-08,Greater Accra,Maize,9.2,0.0,3.02,28.3,108,0.0
3169,2021-09-08,Greater Accra,Cassava,13.67,0.0,1.11,32.5,466,0.0
3170,2021-09-08,Greater Accra,Cocoa,23.69,0.0,10.86,27.0,445,0.0
3171,2021-09-08,Ashanti,Cassava,31.47,0.0,1.07,29.2,104,0.0
3172,2021-09-08,Ashanti,Cocoa,11.78,0.0,14.17,26.3,443,0.0
3173,2021-09-08,Northern,Maize,13.98,0.0,2.41,25.9,242,0.0
3174,2021-09-08,Northern,Cassava,12.28,0.0,1.17,27.3,371,0.0
3175,2021-09-08,Northern,Cocoa,5.3,0.0,11.37,26.3,217,0.0
3176,2021-09-08,Western,Maize,12.56,0.0,2.85,27.9,324,0.0
3177,2021-09-08,Western,Cassava,41.03,0.0,1.26,24.6,114,0.0
3178,2021-09-08,Western,Cocoa,35.44,0.0,12.07,24.6,355,0.0
3179,2021-09-08,Eastern,Maize,11.84,0.0,2.78,31.4,125,0.0
3180,2021-09-08,Eastern,Cassava,19.74,0.0,1.38,33.7,80,0.0
3181,2021-09-08,Eastern,Cocoa,32.24,0.0,14.17,24.8,224,0.0
3182,2021-09-09,Greater Accra,Maize,24.59,0.0,2.55,26.9,449,0.0
3183,2021-09-09,Greater Accra,Cassava,11.54,0.0,1.44,24.7,361,0.0
3184,2021-09-09,Greater Accra,Cocoa,16.06,0.0,11.45,28.1,334,0.0
3185,2021-09-09,Ashanti,Maize,17.6,0.0,2.92,27.3,128,0.0
3186,2021-09-09,Ashanti,Cassava,13.8,0.0,1.05,29.0,96,0.0
3187,2021-09-09,Ashanti,Cocoa,38.58,0.0,13.87,25.2,196,0.0
3188,2021-09-09,Northern,Maize,8.98,0.0,3.03,24.5,163,0.0
3189,2021-09-09,Northern,Cassava,20.68,0.0,1.39,29.8,335,0.0
3190,2021-09-09,Northern,Cocoa,27.42,0.0,14.78,29.0,265,0.0
3191,2021-09-09,Western,Maize,10.69,0.0,2.9,33.5,219,0.0
3192,2021-09-09,Western,Cassava,50.07,0.0,1.48,29.6,192,0.0
3193,2021-09-09,Western,Cocoa,39.65,0.0,15.34,33.5,68,0.0
3194,2021-09-09,Eastern,Cassava,16.01,0.0,1.05,24.7,489,0.0
3195,2021-09-09,Eastern,Cocoa,37.41,0.0,15.62,32.5,445,0.0
3196,2021-09-10,Greater Accra,Maize,5.99,0.0,2.76,26.2,283,0.0
3197,2021-09-10,Greater Accra,Cassava,23.99,0.0,1.14,25.9,444,0.0
3198,2021-09-10,Greater Accra,Cocoa,14.24,0.0,14.19,33.1,407,0.0
3199,2021-09-10,Ashanti,Maize,28.54,0.0,2.4,28.5,499,0.0
3200,2021-09-10,Ashanti,Cassava,17.22,0.0,1.31,31.6,334,0.0
3201,2021-09-10,Northern,Cassava,4.24,0.0,1.47,30.7,184,0.0
3202,2021-09-10,Northern,Cocoa,11.11,0.0,14.92,27.1,347,0.0
3203,2021-09-10,Western,Maize,44.23,0.0,2.79,27.7,428,0.0
3204,2021-09-10,Western,Cassava,45.82,0.0,1.14,33.8,108,0.0
3205,2021-09-10,Western,Cocoa,32.14,0.0,13.31,31.5,320,0.0
3206,2021-09-10,Eastern,Maize,25.25,0.0,2.32,26.2,165,0.0
3207,2021-09-10,Eastern,Cassava,22.02,0.0,1.16,25.8,407,0.0
3208,2021-09-10,Eastern,Cocoa,32.98,0.0,11.82,32.6,307,0.0
3209,2021-09-11,Greater Accra,Cassava,8.66,0.0,1.42,25.8,429,0.0
3210,2021-09-11,Greater Accra,Cocoa,11.94,0.0,14.76,31.7,196,0.0
3211,2021-09-11,Ashanti,Maize,34.74,0.0,3.05,27.8,297,0.0
3212,2021-09-11,Ashanti,Cassava,42.48,0.0,1.39,30.1,494,0.0
3213,2021-09-11,Ashanti,Cocoa,24.37,0.0,11.73,31.0,421,0.0
3214,2021-09-11,Northern,Maize,11.66,0.0,2.99,29.1,150,0.0
3215,2021-09-11,Northern,Cassava,24.35,0.0,1.47,24.6,435,0.0
3216,2021-09-11,Northern,Cocoa,15.25,0.0,13.29,24.9,456,0.0
3217,2021-09-11,Western,Maize,42.44,0.0,2.39,27.4,169,0.0
3218,2021-09-11,Western,Cassava,31.41,0.0,1.15,28.0,323,0.0
3219,2021-09-11,Western,Cocoa,15.84,0.0,14.8,31.7,136,0.0
3220,2021-09-11,Eastern,Maize,11.35,0.0,2.35,30.7,391,0.0
3221,2021-09-11,Eastern,Cassava,19.73,0.0,1.33,24.4,335,0.0
3222,2021-09-11,Eastern,Cocoa,21.86,0.0,15.58,28.5,194,0.0
3223,2021-09-12,Greater Accra,Maize,7.74,0.0,3.07,27.6,321,0.0
3224,2021-09-12,Greater Accra,Cassava,16.44,0.0,1.15,27.7,311,0.0
3225,2021-09-12,Greater Accra,Cocoa,16.49,0.0,11.84,26.9,209,0.0
3226,2021-09-12,Ashanti,Maize,15.74,0.0,2.45,28.4,108,0.0
3227,2021-09-12,Ashanti,Cassava,37.01,0.0,1.19,31.6,396,0.0
3228,2021-09-12,Ashanti,Cocoa,24.67,0.0,11.65,33.2,154,0.0
3229,2021-09-12,Northern,Cassava,14.99,0.0,1.47,29.3,283,0.0
3230,2021-09-12,Northern,Cocoa,5.07,0.0,13.62,26.3,423,0.0
3231,2021-09-12,Western,Maize,27.35,0.0,2.38,33.8,396,0.0
3232,2021-09-12,Western,Cassava,46.36,0.0,1.08,32.5,107,0.0
3233,2021-09-12,Western,Cocoa,29.92,0.0,14.58,28.4,323,0.0
3234,2021-09-12,Eastern,Maize,19.18,0.0,2.81,24.6,144,0.0
3235,2021-09-12,Eastern,Cassava,31.14,0.0,1.04,26.7,344,0.0
3236,2021-09-12,Eastern,Cocoa,21.44,0.0,15.23,24.5,305,0.0
3237,2021-09-13,Greater Accra,Maize,11.62,0.0,2.89,28.9,310,0.0
3238,2021-09-13,Greater Accra,Cassava,22.96,0.0,1.36,28.2,59,0.0
3239,2021-09-13,Greater Accra,Cocoa,10.08,0.0,12.28,30.6,222,0.0
3240,2021-09-13,Ashanti,Maize,15.3,0.0,2.92,25.4,89,0.0
3241,2021-09-13,Ashanti,Cassava,35.42,0.0,1.41,30.0,283,0.0
3242,2021-09-13,Ashanti,Cocoa,20.81,0.0,12.69,30.3,423,0.0
3243,2021-09-13,Northern,Cocoa,17.42,0.0,13.67,30.1,107,0.0
3244,2021-09-13,Western,Maize,21.05,0.0,2.74,29.1,324,0.0
3245,2021-09-13,Western,Cassava,16.89,0.0,1.34,24.9,415,0.0
3246,2021-09-13,Western,Cocoa,44.34,0.0,11.0,32.3,276,0.0
3247,2021-09-13,Eastern,Maize,29.58,0.0,2.27,29.4,319,0.0
3248,2021-09-13,Eastern,Cassava,29.09,0.0,1.16,28.6,486,0.0
3249,2021-09-14,Greater Accra,Maize,7.47,0.0,2.61,25.4,210,0.0
3250,2021-09-14,Greater Accra,Cassava,22.08,0.0,1.13,32.5,126,0.0
3251,2021-09-14,Greater Accra,Cocoa,12.0,0.0,12.34,32.5,83,0.0
3252,2021-09-14,Ashanti,Maize,11.56,0.0,2.51,26.3,461,0.0
3253,2021-09-14,Ashanti,Cassava,31.03,0.0,1.49,24.8,328,0.0
3254,2021-09-14,Northern,Maize,24.94,0.0,2.26,30.6,386,0.0
3255,2021-09-14,Northern,Cassava,9.52,0.0,1.05,28.9,369,0.0
3256,2021-09-14,Western,Maize,28.4,0.0,3.01,26.5,86,0.0
3257,2021-09-14,Western,Cassava,30.91,0.0,1.38,32.6,365,0.0
3258,2021-09-14,Western,Cocoa,50.24,0.0,13.68,25.7,255,0.0
3259,2021-09-14,Eastern,Cassava,24.63,0.0,1.3,28.2,303,0.0
3260,2021-09-14,Eastern,Cocoa,8.11,0.0,12.56,28.6,227,0.0
3261,2021-09-15,Greater Accra,Maize,22.92,0.0,2.49,24.0,257,0.0
3262,2021-09-15,Greater Accra,Cassava,14.55,0.0,1.04,33.1,57,0.0
3263,2021-09-15,Greater Accra,Cocoa,13.13,0.0,11.86,26.5,61,0.0
3264,2021-09-15,Ashanti,Maize,10.04,0.0,2.26,25.4,363,0.0
3265,2021-09-15,Ashanti,Cocoa,16.23,0.0,12.09,29.9,273,0.0
3266,2021-09-15,Northern,Maize,23.74,0.0,2.29,24.1,189,0.0
3267,2021-09-15,Northern,Cassava,20.26,0.0,1.23,28.6,169,0.0
3268,2021-09-15,Northern,Cocoa,7.61,0.0,12.31,26.2,401,0.0
3269,2021-09-15,Western,Maize,19.67,0.0,2.32,31.7,419,0.0
3270,2021-09-15,Western,Cassava,11.0,0.0,1.11,28.0,64,0.0
3271,2021-09-15,Western,Cocoa,49.84,0.0,15.45,30.9,412,0.0
3272,2021-09-15,Eastern,Maize,12.12,0.0,2.38,27.9,407,0.0
3273,2021-09-15,Eastern,Cassava,18.68,0.0,1.32,28.0,114,0.0
3274,2021-09-15,Eastern,Cocoa,14.65,0.0,11.91,30.1,368,0.0
3275,2021-09-16,Greater Accra,Maize,26.86,0.0,2.51,24.3,473,0.0
3276,2021-09-16,Greater Accra,Cassava,25.28,0.0,1.19,31.1,470,0.0
3277,2021-09-16,Greater Accra,Cocoa,18.19,0.0,12.58,33.7,283,0.0
3278,2021-09-16,Ashanti,Maize,38.37,0.0,2.96,24.6,334,0.0
3279,2021-09-16,Ashanti,Cocoa,37.16,0.0,13.23,28.2,238,0.0
3280,2021-09-16,Northern,Maize,6.33,0.0,2.85,32.1,383,0.0
3281,2021-09-16,Northern,Cassava,21.07,0.0,1.09,25.8,423,0.0
3282,2021-09-16,Northern,Cocoa,24.53,0.0,12.93,30.2,107,0.0
3283,2021-09-16,Western,Cassava,36.54,0.0,1.09,27.7,76,0.0
3284,2021-09-16,Western,Cocoa,7.87,0.0,11.99,28.0,437,0.0
3285,2021-09-16,Eastern,Maize,36.45,0.0,2.97,30.3,355,0.0
3286,2021-09-16,Eastern,Cassava,20.36,0.0,1.47,32.5,301,0.0
3287,2021-09-16,Eastern,Cocoa,19.13,0.0,15.53,30.3,145,0.0
3288,2021-09-17,Greater Accra,Maize,16.4,0.0,2.21,30.0,223,0.0
3289,2021-09-17,Greater Accra,Cassava,24.28,0.0,1.45,29.5,302,0.0
3290,2021-09-17,Greater Accra,Cocoa,7.4,0.0,15.39,27.1,103,0.0
3291,2021-09-17,Ashanti,Cassava,38.63,0.0,1.18,33.6,344,0.0
3292,2021-09-17,Northern,Maize,14.38,0.0,2.66,29.4,91,0.0
3293,2021-09-17,Northern,Cassava,16.83,0.0,1.24,27.3,389,0.0
3294,2021-09-17,Northern,Cocoa,18.33,0.0,12.08,27.2,263,0.0
3295,2021-09-17,Western,Maize,31.57,0.0,2.53,28.7,81,0.0
3296,2021-09-17,Western,Cocoa,46.57,0.0,11.53,27.5,336,0.0
3297,2021-09-17,Eastern,Maize,33.21,0.0,2.5,24.9,421,0.0
3298,2021-09-17,Eastern,Cassava,19.85,0.0,1.08,33.9,464,0.0
3299,2021-09-17,Eastern,Cocoa,24.88,0.0,11.2,32.4,121,0.0
3300,2021-09-18,Greater Accra,Maize,1.17,0.0,2.25,29.9,469,0.0
3301,2021-09-18,Greater Accra,Cassava,6.26,0.0,1.35,25.3,92,0.0
3302,2021-09-18,Greater Accra,Cocoa,6.08,0.0,14.98,24.5,438,0.0
3303,2021-09-18,Ashanti,Maize,20.07,0.0,3.06,27.7,297,0.0
3304,2021-09-18,Ashanti,Cassava,27.79,0.0,1.2,25.3,192,0.0
3305,2021-09-18,Ashanti,Cocoa,24.4,0.0,14.7,28.5,117,0.0
3306,2021-09-18,Northern,Cassava,17.51,0.0,1.44,31.5,133,0.0
3307,2021-09-18,Northern,Cocoa,22.37,0.0,12.14,33.7,166,0.0
3308,2021-09-18,Western,Maize,46.22,0.0,2.24,24.4,409,0.0
3309,2021-09-18,Western,Cassava,37.77,0.0,1.18,27.4,83,0.0
3310,2021-09-18,Western,Cocoa,5.22,0.0,15.01,27.0,183,0.0
3311,2021-09-18,Eastern,Maize,33.39,0.0,3.08,30.7,101,0.0
3312,2021-09-18,Eastern,Cocoa,30.85,0.0,12.53,29.2,106,0.0
3313,2021-09-19,Greater Accra,Maize,26.52,0.0,3.08,30.5,83,0.0
3314,2021-09-19,Greater Accra,Cassava,3.15,0.0,1.44,33.0,279,0.0
3315,2021-09-19,Greater Accra,Cocoa,15.5,0.0,12.76,25.3,452,0.0
3316,2021-09-19,Ashanti,Maize,36.77,0.0,2.43,33.4,417,0.0
3317,2021-09-19,Ashanti,Cassava,17.38,0.0,1.05,27.7,145,0.0
3318,2021-09-19,Ashanti,Cocoa,12.48,0.0,15.05,28.0,317,0.0
3319,2021-09-19,Northern,Cocoa,3.59,0.0,14.09,32.2,414,0.0
3320,2021-09-19,Western,Maize,49.72,0.0,2.13,25.3,296,0.0
3321,2021-09-19,Western,Cassava,51.48,0.0,1.23,25.1,95,0.0
3322,2021-09-19,Western,Cocoa,33.83,0.0,11.15,24.3,385,0.0
3323,2021-09-19,Eastern,Maize,16.64,0.0,2.51,25.0,157,0.0
3324,2021-09-19,Eastern,Cassava,5.13,0.0,1.18,27.9,82,0.0
3325,2021-09-20,Greater Accra,Cassava,22.16,0.0,1.36,24.2,479,0.0
3326,2021-09-20,Greater Accra,Cocoa,10.24,0.0,10.75,33.8,497,0.0
3327,2021-09-20,Ashanti,Maize,34.7,0.0,2.86,26.7,131,0.0
3328,2021-09-20,Ashanti,Cassava,44.85,0.0,1.26,32.4,187,0.0
3329,2021-09-20,Ashanti,Cocoa,35.68,0.0,15.48,31.0,426,0.0
3330,2021-09-20,Northern,Maize,13.33,0.0,2.41,24.9,469,0.0
3331,2021-09-20,Northern,Cassava,15.53,0.0,1.36,28.8,423,0.0
3332,2021-09-20,Northern,Cocoa,28.9,0.0,14.09,26.5,91,0.0
3333,2021-09-20,Western,Maize,27.68,0.0,2.69,31.1,310,0.0
3334,2021-09-20,Western,Cassava,41.66,0.0,1.09,31.7,462,0.0
3335,2021-09-20,Eastern,Maize,22.82,0.0,2.73,30.5,167,0.0
3336,2021-09-20,Eastern,Cassava,7.91,0.0,1.24,25.5,450,0.0
3337,2021-09-20,Eastern,Cocoa,21.71,0.0,14.17,32.1,293,0.0
3338,2021-09-21,Greater Accra,Cassava,18.09,0.0,1.47,24.7,345,0.0
3339,2021-09-21,Greater Accra,Cocoa,25.05,0.0,14.18,25.6,109,0.0
3340,2021-09-21,Ashanti,Maize,26.22,0.0,2.81,25.2,426,0.0
3341,2021-09-21,Ashanti,Cassava,40.16,0.0,1.42,25.3,182,0.0
3342,2021-09-21,Ashanti,Cocoa,34.0,0.0,11.71,24.1,426,0.0
3343,2021-09-21,Northern,Maize,26.57,0.0,3.0,24.0,217,0.0
3344,2021-09-21,Northern,Cassava,11.21,0.0,1.09,32.6,280,0.0
3345,2021-09-21,Northern,Cocoa,0.1,0.0,13.41,28.7,499,0.0
3346,2021-09-21,Western,Maize,33.87,0.0,0.0,33.7,222,0.0
3347,2021-09-21,Western,Cassava,21.87,0.0,1.2,30.0,430,0.0
3348,2021-09-21,Western,Cocoa,50.33,0.0,12.01,31.1,118,0.0
3349,2021-09-21,Eastern,Cassava,6.1,0.0,1.03,26.5,350,0.0
3350,2021-09-21,Eastern,Cocoa,11.82,0.0,13.76,32.0,408,0.0
3351,2021-09-22,Greater Accra,Maize,21.32,0.0,3.12,32.7,289,0.0
3352,2021-09-22,Greater Accra,Cassava,4.32,0.0,1.3,25.5,301,0.0
3353,2021-09-22,Ashanti,Maize,29.28,0.0,2.86,28.1,368,0.0
3354,2021-09-22,Ashanti,Cassava,23.89,0.0,1.32,33.6,156,0.0
3355,2021-09-22,Ashanti,Cocoa,29.44,0.0,14.26,26.1,395,0.0
3356,2021-09-22,Northern,Cocoa,11.52,0.0,14.64,26.8,241,0.0
3357,2021-09-22,Western,Cassava,38.62,0.0,1.25,26.8,499,0.0
3358,2021-09-22,Western,Cocoa,16.58,0.0,14.32,33.5,375,0.0
3359,2021-09-22,Eastern,Maize,14.37,0.0,2.97,28.0,181,0.0
3360,2021-09-22,Eastern,Cassava,0.0,0.0,1.4,24.8,372,0.0
3361,2021-09-22,Eastern,Cocoa,20.38,0.0,14.49,33.7,160,0.0
3362,2021-09-23,Greater Accra,Maize,21.53,0.0,2.17,24.3,157,0.0
3363,2021-09-23,Greater Accra,Cassava,20.08,0.0,1.5,24.3,155,0.0
3364,2021-09-23,Greater Accra,Cocoa,9.71,0.0,12.54,29.8,294,0.0
3365,2021-09-23,Ashanti,Maize,23.77,0.0,2.71,33.4,403,0.0
3366,2021-09-23,Ashanti,Cassava,17.5,0.0,1.22,33.3,127,0.0
3367,2021-09-23,Northern,Maize,11.36,0.0,2.96,24.6,100,0.0
3368,2021-09-23,Northern,Cassava,24.37,0.0,1.33,28.4,94,0.0
3369,2021-09-23,Northern,Cocoa,23.32,0.0,12.99,29.6,461,0.0
3370,2021-09-23,Western,Maize,10.6,0.0,2.26,29.6,125,0.0
3371,2021-09-23,Eastern,Maize,26.77,0.0,2.22,31.0,426,0.0
3372,2021-09-23,Eastern,Cassava,7.06,0.0,1.22,29.8,289,0.0
3373,2021-09-23,Eastern,Cocoa,29.14,0.0,11.67,33.6,277,0.0
3374,2021-09-24,Greater Accra,Maize,5.6,0.0,2.88,32.5,381,0.0
3375,2021-09-24,Greater Accra,Cocoa,15.34,0.0,13.92,27.1,353,0.0
3376,2021-09-24,Ashanti,Cassava,34.09,0.0,1.37,26.0,78,0.0
3377,2021-09-24,Northern,Maize,12.47,0.0,0.0,27.5,386,0.0
3378,2021-09-24,Northern,Cassava,15.25,0.0,1.13,28.6,321,0.0
3379,2021-09-24,Northern,Cocoa,18.07,0.0,11.09,27.6,83,0.0
3380,2021-09-24,Western,Maize,43.84,0.0,2.27,33.3,60,0.0
3381,2021-09-24,Western,Cassava,51.69,0.0,1.06,31.1,126,0.0
3382,2021-09-24,Eastern,Maize,23.57,0.0,2.67,24.9,326,0.0
3383,2021-09-24,Eastern,Cassava,12.42,0.0,1.12,26.1,388,0.0
3384,2021-09-24,Eastern,Cocoa,26.59,0.0,14.85,27.0,265,0.0
3385,2021-09-25,Greater Accra,Maize,7.8,0.0,2.29,27.4,190,0.0
3386,2021-09-25,Greater Accra,Cassava,5.5,0.0,1.18,28.1,337,0.0
3387,2021-09-25,Greater Accra,Cocoa,8.23,0.0,14.39,24.5,414,0.0
3388,2021-09-25,Ashanti,Maize,9.15,0.0,2.25,33.5,213,0.0
3389,2021-09-25,Ashanti,Cocoa,43.07,0.0,14.16,32.0,351,0.0
3390,2021-09-25,Northern,Maize,22.05,0.0,2.47,25.4,447,0.0
3391,2021-09-25,Northern,Cassava,24.18,0.0,1.41,27.9,401,0.0
3392,2021-09-25,Northern,Cocoa,24.23,0.0,12.65,26.3,65,0.0
3393,2021-09-25,Western,Maize,48.53,0.0,2.28,26.8,416,0.0
3394,2021-09-25,Western,Cassava,15.2,0.0,1.32,29.5,79,0.0
3395,2021-09-25,Western,Cocoa,46.91,0.0,10.82,29.7,219,0.0
3396,2021-09-25,Eastern,Maize,25.96,0.0,3.06,26.1,209,0.0
3397,2021-09-25,Eastern,Cocoa,13.56,0.0,13.21,27.2,453,0.0
3398,2021-09-26,Greater Accra,Maize,14.61,0.0,2.9,30.7,301,0.0
3399,2021-09-26,Greater Accra,Cocoa,10.99,0.0,15.2,28.6,402,0.0
3400,2021-09-26,Ashanti,Maize,31.38,0.0,3.05,25.7,128,0.0
3401,2021-09-26,Ashanti,Cassava,28.19,0.0,1.16,29.7,276,0.0
3402,2021-09-26,Ashanti,Cocoa,15.94,0.0,14.34,24.4,198,0.0
3403,2021-09-26,Northern,Maize,12.33,0.0,2.56,32.7,462,0.0
3404,2021-09-26,Northern,Cassava,9.27,0.0,1.27,26.9,262,0.0
3405,2021-09-26,Northern,Cocoa,23.82,0.0,13.49,32.0,343,0.0
3406,2021-09-26,Western,Maize,5.99,0.0,3.12,25.2,487,0.0
3407,2021-09-26,Western,Cocoa,27.63,0.0,11.2,32.7,53,0.0
3408,2021-09-26,Eastern,Maize,18.63,0.0,2.48,27.3,225,0.0
3409,2021-09-26,Eastern,Cassava,28.79,0.0,1.42,25.7,431,0.0
3410,2021-09-26,Eastern,Cocoa,20.06,0.0,13.11,27.0,467,0.0
3411,2021-09-27,Greater Accra,Maize,12.51,0.0,2.66,25.9,295,0.0
3412,2021-09-27,Greater Accra,Cassava,13.68,0.0,1.04,25.3,354,0.0
3413,2021-09-27,Greater Accra,Cocoa,4.29,0.0,15.06,29.0,206,0.0
3414,2021-09-27,Ashanti,Maize,40.17,0.0,2.14,27.7,125,0.0
3415,2021-09-27,Ashanti,Cassava,19.51,0.0,1.49,27.6,132,0.0
3416,2021-09-27,Ashanti,Cocoa,18.13,0.0,11.91,24.2,258,0.0
3417,2021-09-27,Northern,Maize,28.4,0.0,2.79,33.4,497,0.0
3418,2021-09-27,Northern,Cassava,1.96,0.0,1.38,25.1,253,0.0
3419,2021-09-27,Northern,Cocoa,25.62,0.0,11.79,28.3,79,0.0
3420,2021-09-27,Western,Cassava,16.8,0.0,1.12,32.4,322,0.0
3421,2021-09-27,Eastern,Maize,13.91,0.0,2.79,27.7,192,0.0
3422,2021-09-27,Eastern,Cassava,16.54,0.0,1.07,25.4,91,0.0
3423,2021-09-27,Eastern,Cocoa,11.52,0.0,11.02,30.0,288,0.0
3424,2021-09-28,Greater Accra,Maize,13.63,0.0,2.92,32.8,253,0.0
3425,2021-09-28,Greater Accra,Cassava,21.14,0.0,1.24,32.2,333,0.0
3426,2021-09-28,Greater Accra,Cocoa,16.01,0.0,14.72,32.6,233,0.0
3427,2021-09-28,Ashanti,Maize,32.04,0.0,2.8,29.6,365,0.0
3428,2021-09-28,Ashanti,Cassava,37.68,0.0,1.49,34.0,389,0.0
3429,2021-09-28,Northern,Maize,28.63,0.0,2.3,28.2,337,0.0
3430,2021-09-28,Northern,Cassava,6.27,0.0,1.06,27.4,258,0.0
3431,2021-09-28,Northern,Cocoa,23.35,0.0,15.52,30.1,341,0.0
3432,2021-09-28,Western,Maize,43.02,0.0,2.89,34.0,138,0.0
3433,2021-09-28,Western,Cassava,12.56,0.0,1.03,30.3,310,0.0
3434,2021-09-28,Western,Cocoa,16.38,0.0,14.7,30.1,411,0.0
3435,2021-09-28,Eastern,Maize,18.49,0.0,3.0,29.5,117,0.0
3436,2021-09-28,Eastern,Cassava,28.88,0.0,1.35,27.6,406,0.0
3437,2021-09-29,Greater Accra,Maize,12.07,0.0,2.52,31.0,152,0.0
3438,2021-09-29,Greater Accra,Cocoa,12.56,0.0,11.67,24.1,181,0.0
3439,2021-09-29,Ashanti,Cocoa,10.7,0.0,13.48,30.3,351,0.0
3440,2021-09-29,Northern,Maize,19.07,0.0,2.13,30.3,433,0.0
3441,2021-09-29,Northern,Cassava,20.04,0.0,1.15,24.7,203,0.0
3442,2021-09-29,Northern,Cocoa,19.85,0.0,11.56,26.1,81,0.0
3443,2021-09-29,Western,Maize,13.62,0.0,3.11,32.5,383,0.0
3444,2021-09-29,Western,Cassava,39.9,0.0,1.06,30.7,285,0.0
3445,2021-09-29,Western,Cocoa,25.35,0.0,11.65,27.2,336,0.0
3446,2021-09-29,Eastern,Maize,12.08,0.0,2.47,25.6,263,0.0
3447,2021-09-29,Eastern,Cassava,35.78,0.0,1.28,31.1,224,0.0
3448,2021-09-29,Eastern,Cocoa,20.53,0.0,12.38,32.9,85,0.0
3449,2021-09-30,Greater Accra,Cassava,13.18,0.0,1.32,28.8,274,0.0
3450,2021-09-30,Greater Accra,Cocoa,13.05,0.0,11.79,33.6,110,0.0
3451,2021-09-30,Ashanti,Maize,36.82,0.0,2.5,26.0,91,0.0
3452,2021-09-30,Ashanti,Cassava,22.66,0.0,1.38,24.2,103,0.0
3453,2021-09-30,Northern,Maize,29.64,0.0,2.88,33.0,345,0.0
3454,2021-09-30,Northern,Cassava,12.98,0.0,0.0,28.0,202,0.0
3455,2021-09-30,Northern,Cocoa,3.16,0.0,12.06,28.9,272,0.0
3456,2021-09-30,Western,Maize,9.78,0.0,2.85,28.6,441,0.0
3457,2021-09-30,Western,Cassava,32.17,0.0,1.46,31.1,359,0.0
3458,2021-09-30,Western,Cocoa,42.25,0.0,12.2,30.2,242,0.0
3459,2021-09-30,Eastern,Maize,22.39,0.0,2.35,25.0,249,0.0
3460,2021-09-30,Eastern,Cocoa,28.21,0.0,14.91,28.1,469,0.0
3461,2021-10-01,Greater Accra,Maize,18.43,0.0,2.3,27.5,151,0.0
3462,2021-10-01,Greater Accra,Cassava,0.0,0.0,1.19,24.6,230,0.0
3463,2021-10-01,Greater Accra,Cocoa,22.52,0.0,11.97,26.0,373,0.0
3464,2021-10-01,Ashanti,Maize,24.69,0.0,2.41,28.5,198,0.0
3465,2021-10-01,Ashanti,Cocoa,31.09,0.0,11.28,28.2,407,0.0
3466,2021-10-01,Northern,Maize,23.78,0.0,2.31,29.4,276,0.0
3467,2021-10-01,Northern,Cassava,24.22,0.0,1.06,25.7,262,0.0
3468,2021-10-01,Western,Maize,37.85,0.0,2.31,28.3,237,0.0
3469,2021-10-01,Western,Cassava,25.88,0.0,0.87,32.1,253,0.0
3470,2021-10-01,Western,Cocoa,25.57,0.0,11.78,28.0,141,0.0
3471,2021-10-01,Eastern,Cassava,33.24,12127.48,1.0,29.2,338,12127.48
3472,2021-10-01,Eastern,Cocoa,20.96,0.0,0.0,24.5,67,0.0
3473,2021-10-02,Greater Accra,Maize,14.75,0.0,2.16,32.3,365,0.0
3474,2021-10-02,Greater Accra,Cassava,15.8,0.0,0.91,26.8,189,0.0
3475,2021-10-02,Ashanti,Maize,7.87,0.0,2.44,33.0,101,0.0
3476,2021-10-02,Ashanti,Cassava,11.46,8880.34,1.11,33.0,408,9857.1774
3477,2021-10-02,Ashanti,Cocoa,38.58,0.0,9.81,30.0,86,0.0
3478,2021-10-02,Northern,Maize,23.83,0.0,2.46,30.4,322,0.0
3479,2021-10-02,Northern,Cassava,27.42,0.0,1.24,30.3,268,0.0
3480,2021-10-02,Western,Maize,46.97,0.0,1.96,29.1,166,0.0
3481,2021-10-02,Western,Cocoa,49.82,414.67,9.46,24.9,346,3922.7782000000007
3482,2021-10-02,Eastern,Maize,21.38,2194.54,2.61,26.1,445,5727.7494
3483,2021-10-02,Eastern,Cassava,16.44,12650.8,0.89,31.0,316,11259.212
3484,2021-10-02,Eastern,Cocoa,12.78,0.0,11.36,32.4,88,0.0
3485,2021-10-03,Greater Accra,Maize,13.76,1249.76,2.57,28.8,138,3211.8831999999998
3486,2021-10-03,Greater Accra,Cassava,5.92,0.0,1.24,28.8,250,0.0
3487,2021-10-03,Greater Accra,Cocoa,9.5,0.0,9.96,26.8,415,0.0
3488,2021-10-03,Ashanti,Maize,10.69,0.0,2.27,30.2,186,0.0
3489,2021-10-03,Ashanti,Cassava,13.53,0.0,0.98,30.9,391,0.0
3490,2021-10-03,Ashanti,Cocoa,28.58,0.0,0.0,28.3,328,0.0
3491,2021-10-03,Northern,Maize,26.52,1531.63,2.4,25.2,452,3675.9120000000003
3492,2021-10-03,Northern,Cassava,0.0,0.0,0.95,26.5,372,0.0
3493,2021-10-03,Northern,Cocoa,24.19,0.0,0.0,29.1,92,0.0
3494,2021-10-03,Western,Maize,27.52,0.0,2.4,30.6,465,0.0
3495,2021-10-03,Western,Cassava,21.84,14248.6,1.05,28.7,260,14961.03
3496,2021-10-03,Western,Cocoa,6.34,0.0,12.41,30.3,420,0.0
3497,2021-10-03,Eastern,Maize,19.85,0.0,2.09,24.3,160,0.0
3498,2021-10-03,Eastern,Cassava,23.62,0.0,1.05,33.6,162,0.0
3499,2021-10-03,Eastern,Cocoa,14.82,0.0,10.81,26.8,308,0.0
3500,2021-10-04,Greater Accra,Maize,24.74,0.0,1.85,29.9,310,0.0
3501,2021-10-04,Greater Accra,Cassava,17.12,0.0,0.9,29.8,68,0.0
3502,2021-10-04,Greater Accra,Cocoa,11.32,0.0,9.64,25.6,73,0.0
3503,2021-10-04,Ashanti,Maize,25.78,2462.07,1.97,31.2,206,4850.2779
3504,2021-10-04,Ashanti,Cassava,36.84,0.0,1.11,28.6,450,0.0
3505,2021-10-04,Ashanti,Cocoa,15.8,394.38,12.95,27.0,399,5107.221
3506,2021-10-04,Northern,Maize,3.06,0.0,2.08,28.1,127,0.0
3507,2021-10-04,Northern,Cassava,16.19,0.0,0.93,27.3,446,0.0
3508,2021-10-04,Northern,Cocoa,15.27,0.0,10.8,31.9,274,0.0
3509,2021-10-04,Western,Maize,22.21,0.0,2.54,32.0,373,0.0
3510,2021-10-04,Western,Cocoa,12.63,0.0,9.38,27.8,372,0.0
3511,2021-10-04,Eastern,Maize,23.3,0.0,2.18,32.0,211,0.0
3512,2021-10-04,Eastern,Cassava,29.14,0.0,0.92,32.1,226,0.0
3513,2021-10-04,Eastern,Cocoa,5.06,352.09,11.16,28.0,200,3929.3244
3514,2021-10-05,Greater Accra,Cassava,6.52,0.0,0.99,32.7,115,0.0
3515,2021-10-05,Greater Accra,Cocoa,17.0,240.69,12.56,33.7,440,3023.0664
3516,2021-10-05,Ashanti,Maize,11.33,0.0,2.04,30.2,254,0.0
3517,2021-10-05,Ashanti,Cassava,45.11,0.0,1.07,31.0,339,0.0
3518,2021-10-05,Northern,Maize,14.34,2070.89,2.0,28.1,273,4141.78
3519,2021-10-05,Northern,Cassava,16.46,0.0,1.06,25.6,200,0.0
3520,2021-10-05,Northern,Cocoa,3.82,0.0,11.07,27.4,300,0.0
3521,2021-10-05,Western,Maize,48.53,1952.32,2.18,25.8,201,4256.0576
3522,2021-10-05,Western,Cassava,19.16,14033.17,0.91,27.9,258,12770.1847
3523,2021-10-05,Western,Cocoa,45.87,0.0,12.27,24.6,494,0.0
3524,2021-10-05,Eastern,Maize,13.53,0.0,2.25,28.8,54,0.0
3525,2021-10-05,Eastern,Cocoa,34.05,0.0,10.11,31.4,337,0.0
3526,2021-10-06,Greater Accra,Maize,15.77,0.0,1.82,33.0,325,0.0
3527,2021-10-06,Greater Accra,Cassava,0.5,8452.99,0.93,30.4,405,7861.2807
3528,2021-10-06,Greater Accra,Cocoa,16.97,356.1,11.33,31.7,107,4034.6130000000003
3529,2021-10-06,Ashanti,Maize,34.75,0.0,2.54,24.3,372,0.0
3530,2021-10-06,Ashanti,Cassava,15.05,0.0,1.1,24.9,392,0.0
3531,2021-10-06,Ashanti,Cocoa,20.64,0.0,11.53,25.6,220,0.0
3532,2021-10-06,Northern,Maize,22.43,2264.41,2.55,30.6,190,5774.245499999999
3533,2021-10-06,Northern,Cassava,22.58,0.0,1.0,26.5,245,0.0
3534,2021-10-06,Northern,Cocoa,17.96,0.0,10.8,32.9,107,0.0
3535,2021-10-06,Western,Maize,32.89,0.0,2.54,27.9,465,0.0
3536,2021-10-06,Western,Cassava,34.01,12354.01,0.93,31.5,361,11489.2293
3537,2021-10-06,Western,Cocoa,48.3,0.0,12.14,27.8,252,0.0
3538,2021-10-06,Eastern,Maize,27.09,0.0,2.2,30.5,186,0.0
3539,2021-10-06,Eastern,Cassava,9.72,10594.13,1.04,30.5,380,11017.895199999999
3540,2021-10-06,Eastern,Cocoa,7.14,323.48,11.73,24.8,86,3794.4204000000004
3541,2021-10-07,Greater Accra,Maize,12.85,0.0,2.46,33.8,491,0.0
3542,2021-10-07,Greater Accra,Cassava,13.87,0.0,0.88,27.9,270,0.0
3543,2021-10-07,Greater Accra,Cocoa,9.4,210.22,10.9,26.8,417,2291.398
3544,2021-10-07,Ashanti,Maize,39.75,2548.97,2.04,30.2,223,5199.8988
3545,2021-10-07,Ashanti,Cassava,24.08,0.0,0.0,25.9,392,0.0
3546,2021-10-07,Ashanti,Cocoa,30.09,0.0,9.43,32.8,391,0.0
3547,2021-10-07,Northern,Maize,7.86,1267.5,2.39,31.4,260,3029.3250000000003
3548,2021-10-07,Northern,Cassava,0.0,0.0,1.05,25.8,303,0.0
3549,2021-10-07,Northern,Cocoa,22.17,0.0,12.18,25.3,162,0.0
3550,2021-10-07,Western,Maize,28.08,2768.72,2.16,32.9,331,5980.4352
3551,2021-10-07,Eastern,Maize,10.59,2001.69,2.38,33.7,496,4764.0222
3552,2021-10-07,Eastern,Cassava,6.68,0.0,1.1,33.5,359,0.0
3553,2021-10-07,Eastern,Cocoa,28.28,0.0,9.94,28.3,377,0.0
3554,2021-10-08,Ashanti,Maize,27.15,0.0,2.07,29.3,369,0.0
3555,2021-10-08,Ashanti,Cassava,21.62,0.0,0.95,33.7,386,0.0
3556,2021-10-08,Ashanti,Cocoa,24.48,0.0,9.98,31.4,229,0.0
3557,2021-10-08,Northern,Cassava,6.66,0.0,0.96,32.9,231,0.0
3558,2021-10-08,Northern,Cocoa,24.12,0.0,10.2,33.4,232,0.0
3559,2021-10-08,Western,Cassava,16.83,9943.38,1.25,30.6,308,12429.224999999999
3560,2021-10-08,Western,Cocoa,32.69,0.0,12.27,32.7,282,0.0
3561,2021-10-08,Eastern,Maize,36.66,0.0,2.3,24.6,415,0.0
3562,2021-10-08,Eastern,Cassava,28.25,14167.08,1.13,33.4,461,16008.800399999998
3563,2021-10-08,Eastern,Cocoa,15.67,0.0,10.11,31.0,368,0.0
3564,2021-10-09,Greater Accra,Maize,22.49,0.0,2.62,27.3,195,0.0
3565,2021-10-09,Greater Accra,Cassava,10.93,10900.38,0.95,33.9,451,10355.360999999999
3566,2021-10-09,Greater Accra,Cocoa,15.39,0.0,13.21,32.3,137,0.0
3567,2021-10-09,Ashanti,Maize,14.26,0.0,1.97,31.1,99,0.0
3568,2021-10-09,Ashanti,Cassava,22.73,0.0,0.9,30.6,453,0.0
3569,2021-10-09,Northern,Maize,17.42,0.0,2.65,29.3,393,0.0
3570,2021-10-09,Northern,Cassava,31.3,0.0,1.13,28.8,248,0.0
3571,2021-10-09,Northern,Cocoa,24.21,0.0,10.69,27.5,416,0.0
3572,2021-10-09,Western,Maize,33.93,0.0,2.62,32.7,310,0.0
3573,2021-10-09,Western,Cassava,31.1,0.0,1.23,31.1,86,0.0
3574,2021-10-09,Western,Cocoa,45.15,0.0,11.65,26.9,254,0.0
3575,2021-10-09,Eastern,Maize,40.59,1626.03,2.09,31.0,376,3398.4026999999996
3576,2021-10-09,Eastern,Cassava,26.54,14503.91,1.0,28.4,255,14503.91
3577,2021-10-09,Eastern,Cocoa,28.56,0.0,9.8,28.3,201,0.0
3578,2021-10-10,Greater Accra,Cassava,22.78,0.0,1.12,29.8,182,0.0
3579,2021-10-10,Greater Accra,Cocoa,23.5,0.0,11.13,24.2,393,0.0
3580,2021-10-10,Ashanti,Maize,22.68,0.0,2.46,24.0,178,0.0
3581,2021-10-10,Ashanti,Cassava,31.79,0.0,1.15,28.0,89,0.0
3582,2021-10-10,Northern,Maize,4.24,0.0,1.96,26.3,274,0.0
3583,2021-10-10,Northern,Cocoa,20.08,0.0,9.6,27.1,302,0.0
3584,2021-10-10,Western,Maize,33.64,2506.46,0.0,27.6,310,0.0
3585,2021-10-10,Western,Cassava,15.21,11750.16,1.08,32.5,180,12690.1728
3586,2021-10-10,Western,Cocoa,57.57,484.69,9.88,26.2,261,4788.7372000000005
3587,2021-10-10,Eastern,Maize,29.84,2686.94,2.56,25.7,396,6878.566400000001
3588,2021-10-10,Eastern,Cassava,29.77,13665.13,1.03,28.9,182,14075.0839
3589,2021-10-10,Eastern,Cocoa,26.51,458.88,10.11,28.3,432,4639.2768
3590,2021-10-11,Greater Accra,Maize,18.97,0.0,2.39,29.4,363,0.0
3591,2021-10-11,Greater Accra,Cassava,21.09,0.0,0.9,33.3,496,0.0
3592,2021-10-11,Greater Accra,Cocoa,8.07,0.0,11.89,27.6,463,0.0
3593,2021-10-11,Ashanti,Maize,13.64,1773.05,1.99,29.5,231,3528.3695
3594,2021-10-11,Ashanti,Cassava,10.02,0.0,0.89,33.4,341,0.0
3595,2021-10-11,Northern,Maize,21.93,0.0,2.41,32.3,87,0.0
3596,2021-10-11,Northern,Cassava,25.01,11763.48,1.08,31.2,327,12704.5584
3597,2021-10-11,Northern,Cocoa,21.88,214.94,12.73,30.7,322,2736.1862
3598,2021-10-11,Western,Maize,24.98,0.0,1.86,28.2,330,0.0
3599,2021-10-11,Western,Cassava,28.81,0.0,1.21,32.0,81,0.0
3600,2021-10-11,Western,Cocoa,34.33,0.0,13.08,27.3,304,0.0
3601,2021-10-11,Eastern,Maize,32.7,1551.63,2.27,28.4,485,3522.2001000000005
3602,2021-10-11,Eastern,Cassava,10.26,9444.13,1.18,27.1,78,11144.0734
3603,2021-10-11,Eastern,Cocoa,24.83,322.84,9.59,26.9,281,3096.0355999999997
3604,2021-10-12,Greater Accra,Maize,16.25,0.0,2.44,26.0,483,0.0
3605,2021-10-12,Greater Accra,Cassava,14.89,0.0,1.05,24.1,269,0.0
3606,2021-10-12,Ashanti,Cassava,20.9,0.0,1.1,30.2,473,0.0
3607,2021-10-12,Ashanti,Cocoa,25.05,337.01,13.0,30.1,476,4381.13
3608,2021-10-12,Northern,Maize,13.74,1625.11,2.58,25.6,182,4192.7838
3609,2021-10-12,Northern,Cassava,16.34,0.0,0.91,29.6,186,0.0
3610,2021-10-12,Northern,Cocoa,15.74,0.0,10.66,30.6,263,0.0
3611,2021-10-12,Western,Maize,8.01,1544.29,2.23,26.4,443,3443.7666999999997
3612,2021-10-12,Western,Cassava,46.99,18873.45,0.95,28.1,167,17929.7775
3613,2021-10-12,Western,Cocoa,10.6,0.0,9.77,25.1,110,0.0
3614,2021-10-12,Eastern,Maize,6.18,0.0,2.19,25.7,188,0.0
3615,2021-10-12,Eastern,Cassava,1.9,0.0,1.1,32.5,93,0.0
3616,2021-10-12,Eastern,Cocoa,15.71,0.0,10.5,24.1,174,0.0
3617,2021-10-13,Greater Accra,Maize,27.65,0.0,2.54,34.0,79,0.0
3618,2021-10-13,Greater Accra,Cassava,9.32,0.0,0.91,32.8,383,0.0
3619,2021-10-13,Ashanti,Maize,14.3,0.0,2.06,24.1,167,0.0
3620,2021-10-13,Ashanti,Cassava,44.15,0.0,0.94,25.6,194,0.0
3621,2021-10-13,Ashanti,Cocoa,19.14,360.49,10.46,31.9,431,3770.7254000000003
3622,2021-10-13,Northern,Maize,19.04,0.0,2.6,28.3,355,0.0
3623,2021-10-13,Northern,Cassava,25.01,0.0,1.04,25.7,358,0.0
3624,2021-10-13,Northern,Cocoa,7.26,0.0,11.39,32.7,70,0.0
3625,2021-10-13,Western,Maize,34.43,0.0,2.08,29.9,153,0.0
3626,2021-10-13,Western,Cassava,26.06,11969.59,1.21,27.1,220,14483.2039
3627,2021-10-13,Western,Cocoa,31.24,0.0,10.28,28.8,155,0.0
3628,2021-10-13,Eastern,Maize,14.02,2284.65,2.46,26.9,364,5620.2390000000005
3629,2021-10-13,Eastern,Cassava,2.81,0.0,1.09,32.4,311,0.0
3630,2021-10-13,Eastern,Cocoa,34.2,397.56,12.6,28.4,392,5009.256
3631,2021-10-14,Greater Accra,Maize,21.12,1491.03,2.15,32.2,211,3205.7144999999996
3632,2021-10-14,Greater Accra,Cassava,3.62,0.0,1.21,26.8,390,0.0
3633,2021-10-14,Greater Accra,Cocoa,19.23,0.0,9.81,26.8,95,0.0
3634,2021-10-14,Ashanti,Maize,23.52,0.0,2.37,25.2,398,0.0
3635,2021-10-14,Ashanti,Cassava,36.2,0.0,0.93,26.5,106,0.0
3636,2021-10-14,Ashanti,Cocoa,13.95,0.0,12.15,25.3,470,0.0
3637,2021-10-14,Northern,Maize,10.51,0.0,2.65,30.9,267,0.0
3638,2021-10-14,Northern,Cassava,6.95,7095.0,0.9,31.5,53,6385.5
3639,2021-10-14,Northern,Cocoa,8.09,0.0,11.33,27.2,302,0.0
3640,2021-10-14,Western,Maize,43.19,0.0,2.57,24.5,121,0.0
3641,2021-10-14,Western,Cassava,37.38,0.0,1.1,26.2,333,0.0
3642,2021-10-14,Western,Cocoa,15.05,0.0,12.73,24.3,414,0.0
3643,2021-10-14,Eastern,Cassava,3.85,0.0,1.18,29.0,167,0.0
3644,2021-10-14,Eastern,Cocoa,37.66,0.0,9.07,30.7,444,0.0
3645,2021-10-15,Greater Accra,Maize,8.03,1598.67,2.59,24.0,307,4140.5553
3646,2021-10-15,Greater Accra,Cassava,0.0,0.0,1.23,26.2,181,0.0
3647,2021-10-15,Ashanti,Maize,20.88,0.0,2.55,29.4,340,0.0
3648,2021-10-15,Ashanti,Cassava,28.2,0.0,1.19,31.2,445,0.0
3649,2021-10-15,Ashanti,Cocoa,22.85,0.0,11.93,26.1,58,0.0
3650,2021-10-15,Northern,Maize,20.17,0.0,2.46,27.6,166,0.0
3651,2021-10-15,Northern,Cocoa,15.22,0.0,10.15,27.7,452,0.0
3652,2021-10-15,Western,Maize,13.77,2809.03,2.27,25.8,342,6376.498100000001
3653,2021-10-15,Western,Cassava,46.0,0.0,1.23,32.7,318,0.0
3654,2021-10-15,Western,Cocoa,5.29,0.0,10.71,26.5,493,0.0
3655,2021-10-15,Eastern,Maize,26.16,0.0,2.24,28.8,438,0.0
3656,2021-10-15,Eastern,Cassava,31.51,0.0,1.16,24.7,435,0.0
3657,2021-10-15,Eastern,Cocoa,35.55,462.93,12.31,26.7,188,5698.6683
3658,2021-10-16,Greater Accra,Maize,10.66,0.0,2.37,33.2,422,0.0
3659,2021-10-16,Greater Accra,Cassava,8.66,6641.2,0.9,30.2,466,5977.08
3660,2021-10-16,Greater Accra,Cocoa,18.86,0.0,10.48,25.1,412,0.0
3661,2021-10-16,Ashanti,Maize,10.23,0.0,2.43,30.1,307,0.0
3662,2021-10-16,Ashanti,Cocoa,6.19,243.1,9.04,25.5,322,2197.624
3663,2021-10-16,Northern,Maize,13.21,1678.73,2.08,29.0,63,3491.7584
3664,2021-10-16,Northern,Cocoa,24.46,412.14,10.42,33.2,69,4294.498799999999
3665,2021-10-16,Western,Maize,17.24,1864.16,1.87,29.9,323,3485.9792
3666,2021-10-16,Western,Cassava,43.61,20586.92,1.26,32.7,68,25939.5192
3667,2021-10-16,Western,Cocoa,40.3,0.0,13.14,30.6,175,0.0
3668,2021-10-16,Eastern,Cassava,39.6,0.0,1.24,25.4,426,0.0
3669,2021-10-16,Eastern,Cocoa,19.51,0.0,9.5,28.6,171,0.0
3670,2021-10-17,Greater Accra,Maize,19.43,2027.36,2.44,30.0,116,4946.7584
3671,2021-10-17,Greater Accra,Cassava,8.86,6146.72,0.94,31.5,106,5777.9168
3672,2021-10-17,Greater Accra,Cocoa,9.08,0.0,13.16,33.5,383,0.0
3673,2021-10-17,Ashanti,Maize,26.62,0.0,2.16,32.6,464,0.0
3674,2021-10-17,Ashanti,Cassava,5.7,10970.34,1.09,31.0,207,11957.670600000001
3675,2021-10-17,Ashanti,Cocoa,15.23,0.0,13.15,30.7,355,0.0
3676,2021-10-17,Northern,Maize,23.04,0.0,2.37,27.0,212,0.0
3677,2021-10-17,Northern,Cassava,5.99,0.0,1.15,30.6,147,0.0
3678,2021-10-17,Western,Maize,29.12,0.0,2.04,29.4,197,0.0
3679,2021-10-17,Western,Cassava,47.87,0.0,1.03,30.9,258,0.0
3680,2021-10-17,Eastern,Maize,33.26,0.0,1.9,29.2,203,0.0
3681,2021-10-17,Eastern,Cassava,9.32,0.0,1.19,25.6,269,0.0
3682,2021-10-17,Eastern,Cocoa,14.97,0.0,10.58,29.6,83,0.0
3683,2021-10-18,Greater Accra,Maize,4.7,0.0,1.98,25.5,253,0.0
3684,2021-10-18,Greater Accra,Cassava,0.0,8660.88,1.2,29.7,386,10393.055999999999
3685,2021-10-18,Greater Accra,Cocoa,9.19,0.0,9.55,28.8,260,0.0
3686,2021-10-18,Ashanti,Maize,25.2,3123.64,2.3,24.9,329,7184.371999999999
3687,2021-10-18,Ashanti,Cassava,39.15,19097.13,0.97,31.3,123,18524.2161
3688,2021-10-18,Ashanti,Cocoa,30.49,454.51,12.21,33.0,339,5549.5671
3689,2021-10-18,Northern,Maize,20.23,0.0,2.0,30.6,434,0.0
3690,2021-10-18,Northern,Cassava,15.36,0.0,1.26,31.4,425,0.0
3691,2021-10-18,Northern,Cocoa,20.16,0.0,11.11,29.6,123,0.0
3692,2021-10-18,Western,Maize,11.04,0.0,1.96,32.4,440,0.0
3693,2021-10-18,Western,Cocoa,12.45,0.0,12.26,24.6,136,0.0
3694,2021-10-18,Eastern,Maize,22.82,0.0,2.21,31.4,65,0.0
3695,2021-10-18,Eastern,Cassava,30.53,0.0,1.03,32.2,481,0.0
3696,2021-10-18,Eastern,Cocoa,22.08,347.59,9.99,27.5,484,3472.4240999999997
3697,2021-10-19,Greater Accra,Maize,23.06,0.0,2.02,24.4,474,0.0
3698,2021-10-19,Greater Accra,Cassava,4.05,0.0,1.14,24.6,296,0.0
3699,2021-10-19,Greater Accra,Cocoa,15.64,0.0,10.62,32.7,385,0.0
3700,2021-10-19,Ashanti,Maize,25.47,0.0,2.54,27.0,175,0.0
3701,2021-10-19,Ashanti,Cassava,36.42,0.0,1.01,31.4,349,0.0
3702,2021-10-19,Ashanti,Cocoa,18.9,408.36,9.25,27.8,160,3777.33
3703,2021-10-19,Northern,Maize,16.52,0.0,2.6,31.3,421,0.0
3704,2021-10-19,Northern,Cassava,26.32,0.0,1.04,31.3,151,0.0
3705,2021-10-19,Western,Maize,28.29,0.0,2.3,26.4,67,0.0
3706,2021-10-19,Western,Cassava,23.08,0.0,1.1,29.2,336,0.0
3707,2021-10-19,Eastern,Maize,17.2,0.0,1.81,33.7,282,0.0
3708,2021-10-19,Eastern,Cassava,4.8,0.0,1.13,29.3,138,0.0
3709,2021-10-19,Eastern,Cocoa,10.71,0.0,10.66,30.0,244,0.0
3710,2021-10-20,Greater Accra,Maize,24.82,0.0,2.19,32.5,433,0.0
3711,2021-10-20,Greater Accra,Cassava,7.95,7006.61,0.95,27.0,251,6656.2795
3712,2021-10-20,Greater Accra,Cocoa,23.45,0.0,12.92,27.4,499,0.0
3713,2021-10-20,Ashanti,Maize,23.15,0.0,2.05,28.6,84,0.0
3714,2021-10-20,Ashanti,Cassava,33.68,14391.33,1.13,29.2,295,16262.202899999998
3715,2021-10-20,Ashanti,Cocoa,40.52,0.0,13.28,29.1,279,0.0
3716,2021-10-20,Northern,Maize,15.96,0.0,1.86,29.1,215,0.0
3717,2021-10-20,Northern,Cassava,6.56,9041.17,1.25,24.8,146,11301.4625
3718,2021-10-20,Western,Maize,50.2,0.0,2.42,28.3,136,0.0
3719,2021-10-20,Western,Cassava,8.18,0.0,1.0,25.9,468,0.0
3720,2021-10-20,Western,Cocoa,37.99,0.0,12.26,27.7,328,0.0
3721,2021-10-20,Eastern,Maize,16.96,0.0,2.16,24.5,454,0.0
3722,2021-10-20,Eastern,Cassava,22.54,0.0,1.25,27.7,132,0.0
3723,2021-10-20,Eastern,Cocoa,30.17,0.0,12.54,29.9,168,0.0
3724,2021-10-21,Greater Accra,Maize,19.49,0.0,1.91,28.7,270,0.0
3725,2021-10-21,Greater Accra,Cassava,22.02,0.0,1.03,24.1,74,0.0
3726,2021-10-21,Greater Accra,Cocoa,20.76,0.0,10.74,24.3,266,0.0
3727,2021-10-21,Ashanti,Maize,28.5,1867.56,2.36,28.9,459,4407.441599999999
3728,2021-10-21,Ashanti,Cassava,36.47,16022.68,1.16,30.4,181,18586.3088
3729,2021-10-21,Ashanti,Cocoa,2.49,250.15,9.24,28.8,478,2311.386
3730,2021-10-21,Northern,Maize,24.54,0.0,2.09,30.3,210,0.0
3731,2021-10-21,Northern,Cassava,18.0,0.0,0.95,32.6,468,0.0
3732,2021-10-21,Northern,Cocoa,9.99,0.0,11.85,33.6,234,0.0
3733,2021-10-21,Western,Maize,10.49,0.0,2.22,29.5,397,0.0
3734,2021-10-21,Western,Cassava,22.39,11053.25,1.0,29.1,254,11053.25
3735,2021-10-21,Western,Cocoa,18.1,0.0,10.72,24.7,270,0.0
3736,2021-10-21,Eastern,Maize,9.62,0.0,2.3,28.6,442,0.0
3737,2021-10-21,Eastern,Cassava,32.6,0.0,0.98,27.0,80,0.0
3738,2021-10-21,Eastern,Cocoa,15.19,0.0,10.41,29.3,194,0.0
3739,2021-10-22,Greater Accra,Maize,18.87,1710.78,1.84,27.1,499,3147.8352
3740,2021-10-22,Greater Accra,Cassava,22.73,12565.02,1.03,31.4,307,12941.9706
3741,2021-10-22,Greater Accra,Cocoa,10.57,245.3,11.62,27.7,222,2850.386
3742,2021-10-22,Ashanti,Maize,23.53,0.0,2.43,25.0,492,0.0
3743,2021-10-22,Ashanti,Cassava,16.13,14936.16,1.14,28.5,449,17027.2224
3744,2021-10-22,Ashanti,Cocoa,14.26,0.0,10.77,31.2,99,0.0
3745,2021-10-22,Northern,Maize,30.4,2322.12,1.93,27.8,191,4481.691599999999
3746,2021-10-22,Northern,Cassava,6.03,0.0,1.07,31.5,346,0.0
3747,2021-10-22,Northern,Cocoa,21.07,352.07,10.67,25.3,216,3756.5869
3748,2021-10-22,Western,Maize,8.48,0.0,2.46,30.7,117,0.0
3749,2021-10-22,Western,Cassava,26.73,0.0,1.16,26.4,360,0.0
3750,2021-10-22,Western,Cocoa,37.12,0.0,10.82,33.0,303,0.0
3751,2021-10-22,Eastern,Maize,7.43,0.0,2.31,26.9,495,0.0
3752,2021-10-22,Eastern,Cocoa,36.83,553.99,12.53,33.7,471,6941.4947
3753,2021-10-23,Greater Accra,Maize,19.2,0.0,2.29,31.9,280,0.0
3754,2021-10-23,Greater Accra,Cocoa,6.98,237.03,12.65,31.9,144,2998.4295
3755,2021-10-23,Ashanti,Maize,5.32,1754.65,2.19,24.4,365,3842.6835
3756,2021-10-23,Ashanti,Cocoa,11.55,0.0,10.34,27.8,70,0.0
3757,2021-10-23,Northern,Maize,29.15,0.0,1.98,27.9,53,0.0
3758,2021-10-23,Northern,Cassava,19.81,0.0,1.15,30.7,356,0.0
3759,2021-10-23,Western,Cassava,19.53,0.0,1.17,33.7,224,0.0
3760,2021-10-23,Western,Cocoa,24.68,310.3,10.43,24.2,263,3236.429
3761,2021-10-23,Eastern,Maize,26.81,0.0,2.25,27.5,459,0.0
3762,2021-10-23,Eastern,Cassava,27.04,0.0,0.96,24.7,70,0.0
3763,2021-10-24,Greater Accra,Maize,6.35,0.0,2.05,26.8,130,0.0
3764,2021-10-24,Greater Accra,Cassava,0.0,0.0,1.23,30.3,400,0.0
3765,2021-10-24,Greater Accra,Cocoa,7.35,0.0,10.86,27.7,103,0.0
3766,2021-10-24,Ashanti,Maize,25.68,2971.22,2.19,30.2,278,6506.971799999999
3767,2021-10-24,Ashanti,Cassava,25.28,0.0,1.08,26.9,398,0.0
3768,2021-10-24,Ashanti,Cocoa,0.0,450.9,10.2,32.2,247,4599.179999999999
3769,2021-10-24,Northern,Maize,12.42,0.0,2.2,25.3,255,0.0
3770,2021-10-24,Northern,Cassava,4.83,0.0,1.12,33.0,381,0.0
3771,2021-10-24,Northern,Cocoa,8.0,267.09,11.94,28.7,179,3189.0545999999995
3772,2021-10-24,Western,Maize,29.76,0.0,2.54,27.3,70,0.0
3773,2021-10-24,Western,Cassava,14.93,12474.82,1.23,26.2,362,15344.0286
3774,2021-10-24,Western,Cocoa,10.97,288.98,10.82,27.2,193,3126.7636
3775,2021-10-24,Eastern,Maize,19.01,1775.83,2.62,33.6,178,4652.6746
3776,2021-10-24,Eastern,Cassava,27.56,10887.56,0.93,33.6,53,10125.4308
3777,2021-10-24,Eastern,Cocoa,10.31,0.0,10.23,24.8,426,0.0
3778,2021-10-25,Greater Accra,Maize,15.32,0.0,2.04,25.6,470,0.0
3779,2021-10-25,Greater Accra,Cassava,11.68,10574.68,1.02,26.9,57,10786.1736
3780,2021-10-25,Greater Accra,Cocoa,17.2,0.0,12.14,24.9,123,0.0
3781,2021-10-25,Ashanti,Maize,31.1,2831.07,2.15,31.8,186,6086.8005
3782,2021-10-25,Ashanti,Cassava,8.86,8640.52,1.17,25.6,270,10109.4084
3783,2021-10-25,Ashanti,Cocoa,42.13,0.0,9.53,28.5,91,0.0
3784,2021-10-25,Northern,Maize,6.92,0.0,2.47,30.5,190,0.0
3785,2021-10-25,Northern,Cassava,24.64,8742.96,1.12,30.2,116,9792.1152
3786,2021-10-25,Northern,Cocoa,20.54,0.0,11.41,26.8,317,0.0
3787,2021-10-25,Western,Cassava,40.51,0.0,0.99,26.2,121,0.0
3788,2021-10-25,Western,Cocoa,20.22,0.0,9.87,24.5,374,0.0
3789,2021-10-25,Eastern,Maize,24.14,0.0,1.82,29.4,203,0.0
3790,2021-10-25,Eastern,Cassava,30.85,15229.26,0.91,26.7,357,13858.626600000001
3791,2021-10-25,Eastern,Cocoa,32.42,0.0,10.95,26.3,60,0.0
3792,2021-10-26,Greater Accra,Maize,29.55,0.0,2.56,27.3,121,0.0
3793,2021-10-26,Greater Accra,Cassava,9.57,0.0,1.0,29.8,163,0.0
3794,2021-10-26,Greater Accra,Cocoa,7.43,0.0,12.45,26.4,223,0.0
3795,2021-10-26,Ashanti,Cassava,9.63,0.0,1.12,29.2,170,0.0
3796,2021-10-26,Ashanti,Cocoa,35.8,0.0,10.1,26.3,76,0.0
3797,2021-10-26,Northern,Maize,18.24,0.0,2.19,24.8,280,0.0
3798,2021-10-26,Northern,Cocoa,28.22,397.04,12.68,25.2,219,5034.4672
3799,2021-10-26,Western,Maize,11.39,0.0,2.26,24.5,461,0.0
3800,2021-10-26,Western,Cocoa,38.08,0.0,13.0,32.1,193,0.0
3801,2021-10-26,Eastern,Cassava,13.63,0.0,1.16,26.5,394,0.0
3802,2021-10-26,Eastern,Cocoa,12.53,0.0,10.95,25.9,429,0.0
3803,2021-10-27,Greater Accra,Maize,25.58,0.0,1.95,30.7,461,0.0
3804,2021-10-27,Greater Accra,Cassava,9.45,0.0,0.89,25.5,117,0.0
3805,2021-10-27,Greater Accra,Cocoa,17.05,0.0,9.4,29.5,56,0.0
3806,2021-10-27,Ashanti,Maize,18.24,2170.05,2.25,29.3,195,4882.6125
3807,2021-10-27,Ashanti,Cassava,12.46,8891.39,1.07,30.7,84,9513.7873
3808,2021-10-27,Ashanti,Cocoa,12.69,0.0,10.43,28.3,82,0.0
3809,2021-10-27,Northern,Maize,7.23,0.0,2.15,32.5,463,0.0
3810,2021-10-27,Northern,Cocoa,9.58,0.0,12.22,28.6,194,0.0
3811,2021-10-27,Western,Maize,44.6,0.0,1.93,28.5,91,0.0
3812,2021-10-27,Western,Cassava,22.56,0.0,1.01,28.2,255,0.0
3813,2021-10-27,Western,Cocoa,25.46,471.33,10.38,29.8,464,4892.405400000001
3814,2021-10-27,Eastern,Maize,35.01,0.0,2.55,24.0,239,0.0
3815,2021-10-27,Eastern,Cassava,9.72,0.0,0.98,27.7,303,0.0
3816,2021-10-27,Eastern,Cocoa,18.25,0.0,11.78,25.2,143,0.0
3817,2021-10-28,Greater Accra,Maize,16.01,0.0,1.89,24.0,360,0.0
3818,2021-10-28,Greater Accra,Cassava,9.43,0.0,0.97,27.2,310,0.0
3819,2021-10-28,Greater Accra,Cocoa,18.84,400.36,9.28,31.5,204,3715.3408
3820,2021-10-28,Ashanti,Maize,16.01,0.0,2.18,30.7,176,0.0
3821,2021-10-28,Ashanti,Cassava,27.88,0.0,1.22,28.3,490,0.0
3822,2021-10-28,Ashanti,Cocoa,16.78,0.0,12.08,26.5,123,0.0
3823,2021-10-28,Northern,Maize,18.14,0.0,2.4,24.3,431,0.0
3824,2021-10-28,Northern,Cocoa,2.25,0.0,12.6,27.8,483,0.0
3825,2021-10-28,Western,Maize,48.28,0.0,2.59,27.3,195,0.0
3826,2021-10-28,Western,Cassava,45.07,0.0,1.08,31.5,494,0.0
3827,2021-10-28,Western,Cocoa,38.35,579.08,12.77,29.7,464,7394.8516
3828,2021-10-28,Eastern,Maize,15.38,0.0,2.23,33.2,96,0.0
3829,2021-10-28,Eastern,Cassava,9.3,0.0,1.25,34.0,481,0.0
3830,2021-10-28,Eastern,Cocoa,21.61,0.0,11.8,31.2,378,0.0
3831,2021-10-29,Greater Accra,Maize,20.36,0.0,2.61,26.7,305,0.0
3832,2021-10-29,Greater Accra,Cassava,19.01,0.0,1.18,25.3,330,0.0
3833,2021-10-29,Greater Accra,Cocoa,19.04,0.0,10.93,25.6,436,0.0
3834,2021-10-29,Ashanti,Maize,43.34,0.0,2.57,25.4,210,0.0
3835,2021-10-29,Ashanti,Cassava,14.49,0.0,1.05,25.5,217,0.0
3836,2021-10-29,Ashanti,Cocoa,33.83,0.0,9.71,28.0,338,0.0
3837,2021-10-29,Northern,Cassava,16.09,0.0,1.08,27.9,55,0.0
3838,2021-10-29,Northern,Cocoa,25.14,277.63,11.44,28.5,223,3176.0872
3839,2021-10-29,Western,Maize,53.28,0.0,2.24,28.0,371,0.0
3840,2021-10-29,Western,Cassava,23.06,0.0,1.25,24.1,450,0.0
3841,2021-10-29,Western,Cocoa,33.55,0.0,11.41,25.8,273,0.0
3842,2021-10-29,Eastern,Maize,28.87,3047.53,2.35,30.9,244,7161.695500000001
3843,2021-10-29,Eastern,Cassava,12.29,0.0,0.93,32.1,113,0.0
3844,2021-10-29,Eastern,Cocoa,39.44,0.0,13.23,33.6,308,0.0
3845,2021-10-30,Greater Accra,Maize,21.99,0.0,2.59,33.5,138,0.0
3846,2021-10-30,Greater Accra,Cassava,7.71,10323.88,1.06,32.5,95,10943.3128
3847,2021-10-30,Greater Accra,Cocoa,18.61,0.0,10.54,25.6,312,0.0
3848,2021-10-30,Ashanti,Maize,34.88,2549.64,2.06,32.0,54,5252.2584
3849,2021-10-30,Ashanti,Cassava,46.01,11975.56,1.18,28.4,349,14131.160799999998
3850,2021-10-30,Northern,Maize,11.81,0.0,2.21,29.9,77,0.0
3851,2021-10-30,Northern,Cassava,27.58,10232.28,1.03,32.9,129,10539.2484
3852,2021-10-30,Western,Maize,26.78,0.0,2.33,33.0,189,0.0
3853,2021-10-30,Western,Cassava,11.72,10466.03,1.23,26.4,72,12873.216900000001
3854,2021-10-30,Western,Cocoa,50.39,0.0,9.18,31.1,60,0.0
3855,2021-10-30,Eastern,Maize,30.2,0.0,2.23,31.5,97,0.0
3856,2021-10-30,Eastern,Cassava,8.67,8222.16,1.02,28.6,240,8386.6032
3857,2021-10-30,Eastern,Cocoa,26.89,0.0,11.79,26.8,483,0.0
3858,2021-10-31,Greater Accra,Maize,15.04,0.0,2.27,32.6,159,0.0
3859,2021-10-31,Greater Accra,Cassava,14.45,6770.48,1.06,25.9,78,7176.7088
3860,2021-10-31,Greater Accra,Cocoa,18.11,0.0,10.3,27.1,322,0.0
3861,2021-10-31,Ashanti,Maize,23.5,0.0,2.55,24.5,150,0.0
3862,2021-10-31,Ashanti,Cocoa,36.92,0.0,12.18,32.8,252,0.0
3863,2021-10-31,Northern,Maize,4.52,1331.88,2.29,25.8,314,3050.0052000000005
3864,2021-10-31,Northern,Cassava,21.66,0.0,1.08,30.5,363,0.0
3865,2021-10-31,Northern,Cocoa,20.76,0.0,12.0,27.7,191,0.0
3866,2021-10-31,Western,Maize,44.39,1468.58,2.52,32.4,411,3700.8215999999998
3867,2021-10-31,Western,Cassava,40.64,0.0,1.27,32.5,138,0.0
3868,2021-10-31,Western,Cocoa,53.13,0.0,10.91,29.4,198,0.0
3869,2021-10-31,Eastern,Maize,8.39,1830.71,1.93,30.7,330,3533.2703
3870,2021-10-31,Eastern,Cassava,16.84,0.0,1.06,33.6,455,0.0
3871,2021-10-31,Eastern,Cocoa,22.51,0.0,12.17,31.9,296,0.0
3872,2021-11-01,Greater Accra,Maize,2.0,1504.88,2.52,24.1,371,3792.2976000000003
3873,2021-11-01,Greater Accra,Cassava,0.0,0.0,1.03,33.3,163,0.0
3874,2021-11-01,Greater Accra,Cocoa,3.47,232.41,12.16,28.0,189,2826.1056
3875,2021-11-01,Ashanti,Maize,10.0,0.0,2.36,26.9,59,0.0
3876,2021-11-01,Ashanti,Cassava,13.04,0.0,1.27,27.9,286,0.0
3877,2021-11-01,Ashanti,Cocoa,6.43,0.0,10.65,25.8,405,0.0
3878,2021-11-01,Northern,Cassava,2.7,0.0,0.94,27.1,474,0.0
3879,2021-11-01,Northern,Cocoa,6.69,0.0,9.81,30.9,358,0.0
3880,2021-11-01,Western,Maize,7.28,0.0,1.99,31.8,108,0.0
3881,2021-11-01,Western,Cocoa,14.69,0.0,11.71,30.0,127,0.0
3882,2021-11-01,Eastern,Maize,0.0,1122.99,2.5,28.7,69,2807.475
3883,2021-11-01,Eastern,Cassava,1.24,0.0,0.98,33.0,472,0.0
3884,2021-11-01,Eastern,Cocoa,9.34,0.0,11.19,33.3,59,0.0
3885,2021-11-02,Greater Accra,Maize,0.0,0.0,2.38,24.7,237,0.0
3886,2021-11-02,Greater Accra,Cocoa,1.64,0.0,12.79,32.5,164,0.0
3887,2021-11-02,Ashanti,Maize,0.0,1410.57,2.06,30.6,426,2905.7742
3888,2021-11-02,Ashanti,Cocoa,1.15,0.0,10.53,32.2,143,0.0
3889,2021-11-02,Northern,Maize,2.65,0.0,2.46,29.7,305,0.0
3890,2021-11-02,Northern,Cocoa,4.14,0.0,10.18,30.5,401,0.0
3891,2021-11-02,Western,Maize,8.69,0.0,2.01,32.2,73,0.0
3892,2021-11-02,Western,Cassava,10.56,11061.86,1.1,31.4,328,12168.046000000002
3893,2021-11-02,Western,Cocoa,0.0,0.0,12.02,32.0,143,0.0
3894,2021-11-02,Eastern,Cassava,0.0,0.0,1.27,25.1,480,0.0
3895,2021-11-03,Greater Accra,Maize,1.43,1439.98,1.99,32.2,349,2865.5602
3896,2021-11-03,Greater Accra,Cassava,2.75,0.0,1.13,25.4,260,0.0
3897,2021-11-03,Ashanti,Maize,2.44,1771.27,2.42,24.8,477,4286.4734
3898,2021-11-03,Ashanti,Cassava,5.43,0.0,1.15,27.7,207,0.0
3899,2021-11-03,Ashanti,Cocoa,6.6,0.0,11.66,32.8,305,0.0
3900,2021-11-03,Northern,Maize,0.0,0.0,2.05,32.7,256,0.0
3901,2021-11-03,Northern,Cocoa,10.74,267.61,12.24,26.7,327,3275.5464
3902,2021-11-03,Western,Maize,10.48,0.0,2.38,28.5,280,0.0
3903,2021-11-03,Eastern,Maize,4.04,0.0,1.84,33.3,173,0.0
3904,2021-11-03,Eastern,Cassava,4.25,0.0,1.23,32.2,144,0.0
3905,2021-11-03,Eastern,Cocoa,7.6,310.68,10.96,32.9,406,3405.0528000000004
3906,2021-11-04,Greater Accra,Maize,4.96,1060.54,1.92,25.7,446,2036.2368
3907,2021-11-04,Greater Accra,Cocoa,0.67,0.0,11.12,29.7,240,0.0
3908,2021-11-04,Ashanti,Maize,0.35,0.0,2.31,31.1,161,0.0
3909,2021-11-04,Ashanti,Cassava,8.35,12490.74,0.94,24.5,128,11741.2956
3910,2021-11-04,Ashanti,Cocoa,3.29,311.37,9.87,25.8,450,3073.2219
3911,2021-11-04,Northern,Maize,4.2,1043.66,2.09,24.4,138,2181.2494
3912,2021-11-04,Northern,Cassava,1.93,0.0,1.09,25.4,259,0.0
3913,2021-11-04,Northern,Cocoa,3.94,188.45,11.83,28.4,459,2229.3635
3914,2021-11-04,Western,Maize,0.95,1338.07,2.47,26.9,204,3305.0329
3915,2021-11-04,Western,Cassava,0.0,6644.75,1.26,28.5,408,8372.385
3916,2021-11-04,Western,Cocoa,9.36,0.0,9.11,24.7,391,0.0
3917,2021-11-04,Eastern,Cassava,0.0,0.0,0.89,33.5,307,0.0
3918,2021-11-04,Eastern,Cocoa,6.99,0.0,10.22,32.4,141,0.0
3919,2021-11-05,Greater Accra,Maize,0.0,0.0,2.58,32.6,123,0.0
3920,2021-11-05,Greater Accra,Cassava,2.52,0.0,0.95,32.1,301,0.0
3921,2021-11-05,Greater Accra,Cocoa,0.0,0.0,9.07,29.8,316,0.0
3922,2021-11-05,Ashanti,Maize,4.14,0.0,2.28,32.9,126,0.0
3923,2021-11-05,Ashanti,Cassava,8.78,0.0,0.92,27.1,193,0.0
3924,2021-11-05,Ashanti,Cocoa,13.9,0.0,9.17,30.3,98,0.0
3925,2021-11-05,Northern,Maize,3.01,0.0,2.28,30.3,225,0.0
3926,2021-11-05,Northern,Cassava,0.27,0.0,0.87,27.1,293,0.0
3927,2021-11-05,Northern,Cocoa,11.36,260.32,12.74,31.7,107,3316.4768
3928,2021-11-05,Western,Maize,0.0,1419.47,2.61,29.6,434,3704.8167
3929,2021-11-05,Western,Cassava,12.2,0.0,0.94,27.2,173,0.0
3930,2021-11-05,Western,Cocoa,0.18,0.0,9.68,24.4,214,0.0
3931,2021-11-05,Eastern,Maize,6.92,0.0,2.42,26.6,244,0.0
3932,2021-11-05,Eastern,Cassava,0.0,6620.86,1.26,33.1,54,8342.283599999999
3933,2021-11-05,Eastern,Cocoa,10.99,0.0,13.24,32.1,140,0.0
3934,2021-11-06,Greater Accra,Maize,0.52,1302.15,2.22,34.0,478,2890.7730000000006
3935,2021-11-06,Greater Accra,Cassava,1.26,0.0,1.24,33.8,144,0.0
3936,2021-11-06,Greater Accra,Cocoa,9.32,346.73,10.01,26.1,235,3470.7673
3937,2021-11-06,Ashanti,Maize,12.32,2050.73,1.82,28.8,282,3732.3286000000003
3938,2021-11-06,Ashanti,Cassava,0.0,0.0,1.1,24.5,392,0.0
3939,2021-11-06,Ashanti,Cocoa,1.58,0.0,10.4,28.9,87,0.0
3940,2021-11-06,Northern,Maize,0.0,0.0,2.31,33.8,62,0.0
3941,2021-11-06,Northern,Cassava,0.79,6318.93,1.18,32.4,149,7456.3374
3942,2021-11-06,Northern,Cocoa,0.5,0.0,9.59,27.9,127,0.0
3943,2021-11-06,Western,Maize,0.0,1331.2,2.27,26.3,451,3021.824
3944,2021-11-06,Western,Cassava,9.99,0.0,0.93,27.5,490,0.0
3945,2021-11-06,Western,Cocoa,2.63,259.68,11.5,31.1,194,2986.32
3946,2021-11-06,Eastern,Cassava,12.81,0.0,1.26,32.4,494,0.0
3947,2021-11-06,Eastern,Cocoa,6.81,0.0,12.18,26.6,199,0.0
3948,2021-11-07,Greater Accra,Maize,3.6,0.0,2.41,26.6,201,0.0
3949,2021-11-07,Greater Accra,Cassava,1.65,0.0,0.88,26.4,82,0.0
3950,2021-11-07,Greater Accra,Cocoa,5.0,0.0,11.91,31.5,123,0.0
3951,2021-11-07,Ashanti,Maize,1.88,0.0,1.99,31.4,168,0.0
3952,2021-11-07,Ashanti,Cassava,8.77,0.0,0.99,25.6,439,0.0
3953,2021-11-07,Northern,Maize,2.03,979.64,1.89,29.1,204,1851.5195999999999
3954,2021-11-07,Western,Maize,1.71,1203.36,2.41,24.3,473,2900.0976
3955,2021-11-07,Western,Cassava,0.0,0.0,1.07,28.5,98,0.0
3956,2021-11-07,Western,Cocoa,7.37,0.0,10.13,30.4,98,0.0
3957,2021-11-07,Eastern,Maize,4.06,0.0,1.99,26.3,470,0.0
3958,2021-11-07,Eastern,Cassava,4.48,8435.43,0.9,27.8,382,7591.887000000001
3959,2021-11-08,Greater Accra,Maize,1.29,0.0,2.13,32.0,65,0.0
3960,2021-11-08,Greater Accra,Cassava,0.0,0.0,1.19,27.8,433,0.0
3961,2021-11-08,Greater Accra,Cocoa,9.56,346.92,12.43,32.7,328,4312.2156
3962,2021-11-08,Ashanti,Maize,1.84,1374.56,2.56,25.6,355,3518.8736
3963,2021-11-08,Ashanti,Cassava,12.01,0.0,0.95,27.3,411,0.0
3964,2021-11-08,Ashanti,Cocoa,0.46,0.0,13.08,27.4,109,0.0
3965,2021-11-08,Northern,Maize,6.62,0.0,2.11,29.2,269,0.0
3966,2021-11-08,Northern,Cassava,2.36,6407.53,1.2,27.9,324,7689.035999999999
3967,2021-11-08,Northern,Cocoa,5.19,0.0,10.1,33.9,397,0.0
3968,2021-11-08,Western,Maize,7.93,0.0,2.32,31.1,118,0.0
3969,2021-11-08,Western,Cassava,6.4,0.0,1.05,31.6,156,0.0
3970,2021-11-08,Western,Cocoa,2.86,0.0,11.58,28.7,297,0.0
3971,2021-11-08,Eastern,Cassava,5.23,0.0,1.1,29.0,341,0.0
3972,2021-11-08,Eastern,Cocoa,1.42,0.0,11.39,26.5,268,0.0
3973,2021-11-09,Greater Accra,Cassava,5.15,0.0,1.12,25.1,235,0.0
3974,2021-11-09,Greater Accra,Cocoa,6.28,0.0,0.0,30.1,486,0.0
3975,2021-11-09,Ashanti,Maize,8.49,1928.27,2.29,26.0,190,4415.7383
3976,2021-11-09,Northern,Maize,0.37,0.0,2.25,28.6,148,0.0
3977,2021-11-09,Northern,Cocoa,0.0,0.0,9.08,25.2,450,0.0
3978,2021-11-09,Western,Maize,13.08,0.0,2.36,28.2,257,0.0
3979,2021-11-09,Western,Cassava,0.0,0.0,0.89,33.2,417,0.0
3980,2021-11-09,Eastern,Maize,9.36,0.0,2.19,28.9,131,0.0
3981,2021-11-09,Eastern,Cassava,1.97,0.0,1.22,24.6,58,0.0
3982,2021-11-09,Eastern,Cocoa,0.0,0.0,9.94,30.1,380,0.0
3983,2021-11-10,Greater Accra,Maize,1.64,0.0,1.84,29.9,430,0.0
3984,2021-11-10,Greater Accra,Cassava,0.0,5463.56,1.06,26.8,478,5791.373600000001
3985,2021-11-10,Greater Accra,Cocoa,0.0,278.83,12.83,25.1,106,3577.3889
3986,2021-11-10,Ashanti,Maize,5.11,0.0,2.32,26.4,307,0.0
3987,2021-11-10,Ashanti,Cocoa,3.16,282.84,10.59,31.4,368,2995.2755999999995
3988,2021-11-10,Northern,Maize,0.0,0.0,1.88,26.9,385,0.0
3989,2021-11-10,Northern,Cassava,1.46,0.0,1.24,25.1,108,0.0
3990,2021-11-10,Western,Maize,8.61,0.0,2.42,29.3,368,0.0
3991,2021-11-10,Eastern,Maize,6.07,1164.37,1.88,33.8,51,2189.0155999999997
3992,2021-11-10,Eastern,Cassava,3.46,7165.77,1.06,25.1,301,7595.716200000001
3993,2021-11-10,Eastern,Cocoa,6.37,0.0,10.66,25.9,149,0.0
3994,2021-11-11,Greater Accra,Cassava,7.54,0.0,1.03,25.0,253,0.0
3995,2021-11-11,Greater Accra,Cocoa,3.45,0.0,12.87,24.3,441,0.0
3996,2021-11-11,Ashanti,Maize,8.66,0.0,2.05,25.6,400,0.0
3997,2021-11-11,Ashanti,Cassava,9.71,0.0,1.05,31.8,148,0.0
3998,2021-11-11,Ashanti,Cocoa,4.51,279.51,9.15,30.9,320,2557.5165
3999,2021-11-11,Northern,Maize,0.0,0.0,2.2,28.9,165,0.0
4000,2021-11-11,Northern,Cassava,3.44,0.0,0.94,31.6,69,0.0
4001,2021-11-11,Northern,Cocoa,0.0,185.4,0.0,28.2,252,0.0
4002,2021-11-11,Western,Maize,8.03,0.0,1.94,24.9,416,0.0
4003,2021-11-11,Western,Cassava,8.14,0.0,1.08,33.6,62,0.0
4004,2021-11-11,Western,Cocoa,0.0,0.0,11.3,27.9,457,0.0
4005,2021-11-11,Eastern,Cassava,4.28,0.0,1.04,24.7,428,0.0
4006,2021-11-11,Eastern,Cocoa,0.0,0.0,12.38,24.5,309,0.0
4007,2021-11-12,Greater Accra,Cassava,0.51,5529.84,0.96,30.6,349,5308.6464
4008,2021-11-12,Greater Accra,Cocoa,0.0,0.0,10.13,27.1,293,0.0
4009,2021-11-12,Ashanti,Cassava,7.66,11088.42,1.16,26.1,322,12862.5672
4010,2021-11-12,Northern,Maize,7.85,1706.56,2.28,33.4,87,3890.9567999999995
4011,2021-11-12,Northern,Cassava,5.32,0.0,1.23,27.1,99,0.0
4012,2021-11-12,Northern,Cocoa,0.0,0.0,12.54,27.4,255,0.0
4013,2021-11-12,Western,Maize,5.66,0.0,2.29,31.2,156,0.0
4014,2021-11-12,Western,Cassava,2.36,0.0,1.03,30.6,236,0.0
4015,2021-11-12,Western,Cocoa,1.93,0.0,9.91,32.7,360,0.0
4016,2021-11-12,Eastern,Maize,3.49,0.0,2.53,29.1,447,0.0
4017,2021-11-12,Eastern,Cassava,3.2,0.0,1.08,31.0,263,0.0
4018,2021-11-12,Eastern,Cocoa,7.83,339.66,11.99,30.8,148,4072.5234000000005
4019,2021-11-13,Greater Accra,Maize,4.0,0.0,2.41,25.5,413,0.0
4020,2021-11-13,Greater Accra,Cassava,3.46,7472.28,0.87,31.9,416,6500.8836
4021,2021-11-13,Greater Accra,Cocoa,3.56,0.0,11.34,24.1,157,0.0
4022,2021-11-13,Ashanti,Cassava,2.62,0.0,1.0,32.4,110,0.0
4023,2021-11-13,Ashanti,Cocoa,11.08,0.0,10.11,26.3,413,0.0
4024,2021-11-13,Northern,Maize,4.56,0.0,2.14,28.4,65,0.0
4025,2021-11-13,Northern,Cassava,4.81,0.0,1.27,24.7,75,0.0
4026,2021-11-13,Northern,Cocoa,0.24,252.34,11.49,33.6,439,2899.3866000000003
4027,2021-11-13,Western,Maize,1.06,0.0,1.88,31.3,156,0.0
4028,2021-11-13,Western,Cassava,5.34,9313.5,1.27,26.9,459,11828.145
4029,2021-11-13,Western,Cocoa,2.36,388.68,11.55,26.9,380,4489.254
4030,2021-11-13,Eastern,Cassava,1.42,0.0,1.18,29.0,457,0.0
4031,2021-11-13,Eastern,Cocoa,10.82,0.0,13.12,24.9,487,0.0
4032,2021-11-14,Greater Accra,Maize,0.0,0.0,1.87,29.0,137,0.0
4033,2021-11-14,Greater Accra,Cocoa,0.0,0.0,13.25,26.2,61,0.0
4034,2021-11-14,Ashanti,Cassava,1.32,0.0,0.97,30.2,452,0.0
4035,2021-11-14,Ashanti,Cocoa,11.98,0.0,9.29,33.3,404,0.0
4036,2021-11-14,Northern,Cassava,2.72,0.0,1.1,26.6,482,0.0
4037,2021-11-14,Northern,Cocoa,5.7,0.0,12.58,32.8,56,0.0
4038,2021-11-14,Western,Maize,8.19,0.0,2.16,33.2,470,0.0
4039,2021-11-14,Western,Cassava,15.18,10503.82,1.11,34.0,118,11659.2402
4040,2021-11-14,Eastern,Maize,3.74,1204.82,2.31,24.4,322,2783.1342
4041,2021-11-14,Eastern,Cassava,2.91,0.0,0.89,32.4,471,0.0
4042,2021-11-14,Eastern,Cocoa,0.0,0.0,13.1,29.8,458,0.0
4043,2021-11-15,Greater Accra,Maize,4.1,0.0,2.16,31.8,217,0.0
4044,2021-11-15,Greater Accra,Cassava,0.0,4862.19,1.02,30.9,71,4959.4338
4045,2021-11-15,Greater Accra,Cocoa,4.01,0.0,11.21,25.6,72,0.0
4046,2021-11-15,Ashanti,Maize,1.85,0.0,2.07,26.8,367,0.0
4047,2021-11-15,Ashanti,Cassava,6.88,0.0,1.22,29.3,126,0.0
4048,2021-11-15,Ashanti,Cocoa,7.09,0.0,11.69,26.6,191,0.0
4049,2021-11-15,Northern,Maize,0.77,0.0,2.13,30.3,145,0.0
4050,2021-11-15,Northern,Cassava,0.0,0.0,1.24,32.9,214,0.0
4051,2021-11-15,Northern,Cocoa,0.0,193.1,13.19,27.5,160,2546.989
4052,2021-11-15,Western,Cocoa,0.0,0.0,10.59,25.5,176,0.0
4053,2021-11-15,Eastern,Maize,7.77,1560.44,2.64,27.8,334,4119.5616
4054,2021-11-15,Eastern,Cassava,2.63,0.0,1.1,24.9,262,0.0
4055,2021-11-15,Eastern,Cocoa,1.2,0.0,12.18,25.3,416,0.0
4056,2021-11-16,Greater Accra,Maize,3.51,0.0,2.62,28.8,460,0.0
4057,2021-11-16,Greater Accra,Cassava,5.66,8249.08,1.03,30.8,201,8496.5524
4058,2021-11-16,Ashanti,Cassava,0.66,0.0,1.2,33.3,310,0.0
4059,2021-11-16,Ashanti,Cocoa,0.0,299.4,10.55,29.6,286,3158.67
4060,2021-11-16,Northern,Maize,2.93,0.0,2.3,33.2,425,0.0
4061,2021-11-16,Northern,Cassava,5.74,5633.92,1.07,30.5,197,6028.294400000001
4062,2021-11-16,Northern,Cocoa,0.0,0.0,10.05,31.6,452,0.0
4063,2021-11-16,Western,Maize,0.0,0.0,2.26,33.7,333,0.0
4064,2021-11-16,Western,Cassava,6.95,0.0,0.98,28.7,55,0.0
4065,2021-11-16,Eastern,Maize,0.0,0.0,2.21,27.3,131,0.0
4066,2021-11-16,Eastern,Cassava,9.28,0.0,1.19,24.2,181,0.0
4067,2021-11-16,Eastern,Cocoa,0.0,0.0,12.04,25.9,252,0.0
4068,2021-11-17,Greater Accra,Cassava,10.09,0.0,1.24,32.2,98,0.0
4069,2021-11-17,Greater Accra,Cocoa,5.08,0.0,12.07,31.2,220,0.0
4070,2021-11-17,Ashanti,Maize,3.11,0.0,2.33,30.1,445,0.0
4071,2021-11-17,Ashanti,Cassava,2.15,7910.81,1.1,24.8,144,8701.891000000001
4072,2021-11-17,Ashanti,Cocoa,9.89,0.0,10.4,24.1,363,0.0
4073,2021-11-17,Northern,Cassava,2.41,0.0,1.18,25.7,217,0.0
4074,2021-11-17,Northern,Cocoa,3.03,278.96,11.91,30.5,106,3322.4136
4075,2021-11-17,Western,Maize,5.7,0.0,2.26,24.4,429,0.0
4076,2021-11-17,Western,Cassava,1.63,0.0,0.98,30.1,300,0.0
4077,2021-11-17,Western,Cocoa,0.92,289.09,9.22,26.5,162,2665.4098
4078,2021-11-17,Eastern,Maize,9.21,0.0,2.0,27.6,392,0.0
4079,2021-11-17,Eastern,Cassava,0.0,0.0,1.02,29.8,309,0.0
4080,2021-11-17,Eastern,Cocoa,0.0,255.79,9.69,32.1,312,2478.6050999999998
4081,2021-11-18,Greater Accra,Maize,2.86,1585.26,2.53,28.9,339,4010.7077999999997
4082,2021-11-18,Greater Accra,Cassava,11.81,0.0,1.06,28.2,78,0.0
4083,2021-11-18,Ashanti,Maize,1.8,1118.94,1.81,26.1,342,2025.2814
4084,2021-11-18,Ashanti,Cassava,8.66,0.0,0.9,30.7,256,0.0
4085,2021-11-18,Ashanti,Cocoa,2.41,0.0,12.94,31.1,403,0.0
4086,2021-11-18,Northern,Maize,0.0,0.0,1.91,30.0,157,0.0
4087,2021-11-18,Northern,Cassava,0.0,0.0,1.17,28.4,56,0.0
4088,2021-11-18,Northern,Cocoa,3.33,265.07,12.56,32.0,158,3329.2792
4089,2021-11-18,Western,Maize,2.98,0.0,2.06,24.5,498,0.0
4090,2021-11-18,Western,Cassava,5.53,10422.39,1.22,28.1,229,12715.315799999998
4091,2021-11-18,Western,Cocoa,7.39,353.77,0.0,30.3,177,0.0
4092,2021-11-18,Eastern,Maize,8.36,0.0,2.34,33.5,276,0.0
4093,2021-11-18,Eastern,Cassava,7.72,10163.3,1.2,31.0,281,12195.96
4094,2021-11-18,Eastern,Cocoa,6.84,0.0,10.02,27.1,463,0.0
4095,2021-11-19,Greater Accra,Maize,6.11,1555.87,1.93,30.2,122,3002.8290999999995
4096,2021-11-19,Greater Accra,Cassava,1.41,8068.11,1.09,27.3,109,8794.2399
4097,2021-11-19,Greater Accra,Cocoa,0.1,238.06,9.14,24.7,346,2175.8684000000003
4098,2021-11-19,Ashanti,Maize,7.3,1587.11,2.24,30.4,144,3555.1264
4099,2021-11-19,Ashanti,Cassava,6.94,11026.9,1.03,33.6,432,11357.707
4100,2021-11-19,Ashanti,Cocoa,0.0,0.0,9.48,25.0,314,0.0
4101,2021-11-19,Northern,Maize,0.27,924.9,1.89,28.3,295,1748.061
4102,2021-11-19,Northern,Cassava,2.84,6778.89,1.03,25.0,418,6982.256700000001
4103,2021-11-19,Northern,Cocoa,8.21,267.17,9.96,30.7,93,2661.0132000000003
4104,2021-11-19,Western,Cassava,6.05,0.0,1.27,30.4,407,0.0
4105,2021-11-19,Western,Cocoa,10.37,0.0,11.85,26.5,273,0.0
4106,2021-11-19,Eastern,Maize,4.43,0.0,2.24,30.7,53,0.0
4107,2021-11-19,Eastern,Cocoa,0.29,326.8,10.29,28.1,163,3362.772
4108,2021-11-20,Greater Accra,Maize,0.0,1238.06,1.85,27.3,269,2290.411
4109,2021-11-20,Greater Accra,Cassava,0.0,7807.15,1.06,25.6,409,8275.579
4110,2021-11-20,Greater Accra,Cocoa,2.38,0.0,10.66,24.8,159,0.0
4111,2021-11-20,Ashanti,Maize,5.61,1894.42,2.25,30.7,313,4262.445
4112,2021-11-20,Ashanti,Cassava,7.95,0.0,0.9,29.3,218,0.0
4113,2021-11-20,Ashanti,Cocoa,12.17,0.0,10.73,32.4,360,0.0
4114,2021-11-20,Northern,Maize,8.28,0.0,2.58,26.8,66,0.0
4115,2021-11-20,Northern,Cassava,0.67,5863.11,1.16,29.5,84,6801.207599999999
4116,2021-11-20,Northern,Cocoa,2.11,281.64,11.16,29.0,466,3143.1023999999998
4117,2021-11-20,Western,Maize,9.0,0.0,2.43,33.1,334,0.0
4118,2021-11-20,Western,Cassava,3.32,9585.69,1.16,30.5,229,11119.4004
4119,2021-11-20,Western,Cocoa,2.01,0.0,12.15,24.2,438,0.0
4120,2021-11-20,Eastern,Maize,11.35,1714.69,2.52,27.3,68,4321.0188
4121,2021-11-20,Eastern,Cassava,9.05,11382.98,1.18,26.5,79,13431.916399999998
4122,2021-11-21,Greater Accra,Maize,3.05,0.0,2.29,28.6,173,0.0
4123,2021-11-21,Greater Accra,Cassava,4.65,0.0,1.23,25.1,150,0.0
4124,2021-11-21,Greater Accra,Cocoa,0.46,0.0,10.88,27.7,417,0.0
4125,2021-11-21,Ashanti,Maize,0.0,0.0,2.05,31.8,457,0.0
4126,2021-11-21,Ashanti,Cassava,6.13,0.0,0.9,31.0,143,0.0
4127,2021-11-21,Ashanti,Cocoa,7.92,319.28,12.07,24.5,214,3853.7095999999997
4128,2021-11-21,Northern,Maize,8.99,0.0,1.88,31.0,59,0.0
4129,2021-11-21,Northern,Cassava,1.55,5247.88,0.96,24.6,180,5037.9648
4130,2021-11-21,Northern,Cocoa,7.4,0.0,11.83,24.1,450,0.0
4131,2021-11-21,Western,Maize,0.64,0.0,2.62,32.1,161,0.0
4132,2021-11-21,Western,Cassava,14.43,13409.4,1.14,28.7,395,15286.715999999999
4133,2021-11-21,Eastern,Maize,1.53,0.0,2.55,29.5,345,0.0
4134,2021-11-21,Eastern,Cassava,0.04,0.0,1.04,28.8,341,0.0
4135,2021-11-22,Greater Accra,Cassava,4.13,7362.84,1.04,30.7,363,7657.3536
4136,2021-11-22,Greater Accra,Cocoa,1.64,0.0,12.64,28.0,290,0.0
4137,2021-11-22,Ashanti,Maize,5.48,2003.81,1.85,25.7,495,3707.0485
4138,2021-11-22,Ashanti,Cassava,10.91,0.0,1.17,31.5,93,0.0
4139,2021-11-22,Northern,Maize,1.29,0.0,2.08,28.5,404,0.0
4140,2021-11-22,Northern,Cassava,4.52,0.0,1.15,30.0,318,0.0
4141,2021-11-22,Northern,Cocoa,0.0,0.0,12.93,33.5,206,0.0
4142,2021-11-22,Western,Maize,1.33,0.0,1.96,28.7,185,0.0
4143,2021-11-22,Western,Cassava,8.7,0.0,1.2,30.1,443,0.0
4144,2021-11-22,Western,Cocoa,11.7,0.0,9.13,30.5,261,0.0
4145,2021-11-22,Eastern,Maize,6.35,0.0,2.08,31.3,286,0.0
4146,2021-11-22,Eastern,Cocoa,8.6,0.0,10.06,30.7,383,0.0
4147,2021-11-23,Greater Accra,Cassava,10.83,10289.02,0.93,24.0,91,9568.788600000002
4148,2021-11-23,Greater Accra,Cocoa,4.51,0.0,13.02,30.5,310,0.0
4149,2021-11-23,Ashanti,Maize,5.36,2002.45,2.04,32.5,371,4084.998
4150,2021-11-23,Ashanti,Cocoa,0.0,0.0,11.84,25.6,99,0.0
4151,2021-11-23,Northern,Maize,5.88,0.0,2.08,26.9,325,0.0
4152,2021-11-23,Northern,Cocoa,0.0,0.0,12.56,33.9,477,0.0
4153,2021-11-23,Western,Cassava,14.22,0.0,1.12,28.2,376,0.0
4154,2021-11-23,Western,Cocoa,0.0,0.0,9.14,30.6,343,0.0
4155,2021-11-23,Eastern,Maize,0.21,0.0,2.05,26.3,345,0.0
4156,2021-11-24,Greater Accra,Cassava,1.49,0.0,1.27,27.8,475,0.0
4157,2021-11-24,Greater Accra,Cocoa,3.54,0.0,13.21,25.2,279,0.0
4158,2021-11-24,Ashanti,Maize,11.68,2265.53,1.85,32.4,69,4191.230500000001
4159,2021-11-24,Ashanti,Cassava,0.0,0.0,1.14,26.1,464,0.0
4160,2021-11-24,Ashanti,Cocoa,3.92,229.96,11.13,31.2,259,2559.4548000000004
4161,2021-11-24,Northern,Maize,1.53,0.0,1.87,29.9,361,0.0
4162,2021-11-24,Northern,Cocoa,5.85,0.0,9.66,32.3,267,0.0
4163,2021-11-24,Western,Maize,11.02,1715.3,2.33,24.2,115,3996.649
4164,2021-11-24,Western,Cassava,7.2,0.0,1.08,26.6,286,0.0
4165,2021-11-24,Western,Cocoa,7.73,0.0,10.94,32.7,368,0.0
4166,2021-11-24,Eastern,Maize,3.53,0.0,1.95,26.5,83,0.0
4167,2021-11-24,Eastern,Cassava,1.47,0.0,1.23,32.3,373,0.0
4168,2021-11-24,Eastern,Cocoa,0.0,0.0,11.23,31.9,386,0.0
4169,2021-11-25,Greater Accra,Cassava,2.84,0.0,1.07,25.3,284,0.0
4170,2021-11-25,Greater Accra,Cocoa,4.36,0.0,10.72,26.7,499,0.0
4171,2021-11-25,Ashanti,Maize,1.09,0.0,2.5,28.7,266,0.0
4172,2021-11-25,Ashanti,Cassava,0.0,9944.46,0.96,25.6,202,9546.681599999998
4173,2021-11-25,Ashanti,Cocoa,2.53,0.0,13.02,28.8,117,0.0
4174,2021-11-25,Northern,Maize,1.8,0.0,1.83,24.1,322,0.0
4175,2021-11-25,Northern,Cassava,2.85,0.0,0.95,33.3,325,0.0
4176,2021-11-25,Northern,Cocoa,0.27,0.0,12.81,24.6,340,0.0
4177,2021-11-25,Western,Maize,10.96,0.0,2.1,32.8,105,0.0
4178,2021-11-25,Western,Cassava,3.69,0.0,0.91,32.5,144,0.0
4179,2021-11-25,Western,Cocoa,10.39,0.0,10.03,27.2,260,0.0
4180,2021-11-25,Eastern,Maize,8.13,0.0,2.11,29.2,374,0.0
4181,2021-11-25,Eastern,Cassava,0.0,0.0,1.17,33.2,393,0.0
4182,2021-11-25,Eastern,Cocoa,0.8,0.0,11.71,30.3,249,0.0
4183,2021-11-26,Greater Accra,Maize,3.24,0.0,2.06,27.3,400,0.0
4184,2021-11-26,Greater Accra,Cassava,7.75,10497.13,1.11,32.5,78,11651.8143
4185,2021-11-26,Greater Accra,Cocoa,2.81,188.58,10.08,33.8,255,1900.8864
4186,2021-11-26,Ashanti,Maize,2.08,0.0,2.45,24.4,377,0.0
4187,2021-11-26,Ashanti,Cassava,0.0,10143.89,1.21,26.5,73,12274.106899999999
4188,2021-11-26,Ashanti,Cocoa,0.0,0.0,10.76,28.6,390,0.0
4189,2021-11-26,Northern,Maize,2.72,0.0,2.43,31.4,371,0.0
4190,2021-11-26,Northern,Cassava,1.73,0.0,1.07,30.7,420,0.0
4191,2021-11-26,Northern,Cocoa,2.77,273.46,9.14,27.2,141,2499.4244
4192,2021-11-26,Western,Maize,0.0,1674.56,1.91,26.6,295,3198.4096
4193,2021-11-26,Western,Cassava,7.83,13160.78,1.12,31.3,269,14740.073600000002
4194,2021-11-26,Western,Cocoa,5.01,273.96,10.0,32.9,259,2739.6
4195,2021-11-26,Eastern,Maize,1.85,0.0,2.36,30.4,324,0.0
4196,2021-11-26,Eastern,Cassava,4.51,9492.29,0.0,31.3,141,0.0
4197,2021-11-26,Eastern,Cocoa,1.87,0.0,10.02,28.8,476,0.0
4198,2021-11-27,Greater Accra,Maize,2.41,0.0,2.47,29.8,319,0.0
4199,2021-11-27,Greater Accra,Cassava,0.0,0.0,0.97,26.3,181,0.0
4200,2021-11-27,Greater Accra,Cocoa,0.0,0.0,10.97,29.4,494,0.0
4201,2021-11-27,Ashanti,Maize,0.0,0.0,1.83,25.8,465,0.0
4202,2021-11-27,Ashanti,Cassava,3.85,0.0,1.09,32.8,203,0.0
4203,2021-11-27,Ashanti,Cocoa,0.0,0.0,11.89,31.9,77,0.0
4204,2021-11-27,Northern,Maize,7.15,0.0,2.26,28.6,445,0.0
4205,2021-11-27,Northern,Cassava,2.1,0.0,1.02,24.9,365,0.0
4206,2021-11-27,Northern,Cocoa,3.35,0.0,9.28,31.8,482,0.0
4207,2021-11-27,Western,Maize,4.34,1497.86,2.44,33.1,428,3654.7783999999997
4208,2021-11-27,Western,Cassava,3.66,0.0,1.18,25.3,92,0.0
4209,2021-11-27,Western,Cocoa,5.3,0.0,9.08,30.1,198,0.0
4210,2021-11-27,Eastern,Maize,3.25,1635.97,1.98,28.1,215,3239.2206
4211,2021-11-27,Eastern,Cassava,2.67,0.0,1.08,33.7,110,0.0
4212,2021-11-27,Eastern,Cocoa,7.96,210.84,9.09,27.2,485,1916.5356
4213,2021-11-28,Greater Accra,Maize,2.56,0.0,2.18,30.7,392,0.0
4214,2021-11-28,Greater Accra,Cassava,3.34,5125.13,1.23,24.8,312,6303.9099
4215,2021-11-28,Greater Accra,Cocoa,0.0,0.0,11.84,31.3,251,0.0
4216,2021-11-28,Ashanti,Maize,0.0,1094.56,2.58,25.8,455,2823.9647999999997
4217,2021-11-28,Ashanti,Cassava,2.11,8437.21,0.92,26.4,193,7762.2332
4218,2021-11-28,Ashanti,Cocoa,5.88,0.0,9.14,26.1,456,0.0
4219,2021-11-28,Northern,Maize,9.15,0.0,2.37,33.0,264,0.0
4220,2021-11-28,Northern,Cocoa,0.0,0.0,11.21,24.4,193,0.0
4221,2021-11-28,Western,Cocoa,0.0,287.32,10.09,26.7,438,2899.0588
4222,2021-11-28,Eastern,Maize,0.0,1355.46,2.62,28.7,328,3551.3052000000002
4223,2021-11-28,Eastern,Cassava,3.77,9853.5,0.98,30.6,151,9656.43
4224,2021-11-28,Eastern,Cocoa,7.76,0.0,9.99,28.9,92,0.0
4225,2021-11-29,Greater Accra,Maize,0.0,0.0,2.05,29.0,69,0.0
4226,2021-11-29,Greater Accra,Cassava,3.7,0.0,1.13,30.0,353,0.0
4227,2021-11-29,Greater Accra,Cocoa,2.63,234.89,12.42,29.6,346,2917.3338
4228,2021-11-29,Ashanti,Maize,0.87,0.0,2.32,32.1,498,0.0
4229,2021-11-29,Ashanti,Cassava,0.0,0.0,1.16,31.3,271,0.0
4230,2021-11-29,Ashanti,Cocoa,6.1,0.0,12.11,29.8,252,0.0
4231,2021-11-29,Northern,Maize,3.03,0.0,2.42,26.8,445,0.0
4232,2021-11-29,Northern,Cassava,4.93,0.0,1.23,31.4,298,0.0
4233,2021-11-29,Northern,Cocoa,8.71,0.0,11.2,26.4,210,0.0
4234,2021-11-29,Western,Cassava,6.23,0.0,0.97,28.3,194,0.0
4235,2021-11-29,Western,Cocoa,5.18,0.0,11.85,33.1,281,0.0
4236,2021-11-29,Eastern,Maize,7.67,0.0,2.29,25.8,295,0.0
4237,2021-11-29,Eastern,Cocoa,4.53,0.0,11.41,31.5,273,0.0
4238,2021-11-30,Greater Accra,Maize,6.5,1639.23,2.25,27.7,237,3688.2675
4239,2021-11-30,Greater Accra,Cassava,1.87,0.0,1.06,30.8,331,0.0
4240,2021-11-30,Greater Accra,Cocoa,5.0,217.66,0.0,25.4,450,0.0
4241,2021-11-30,Ashanti,Maize,0.0,0.0,2.45,30.0,377,0.0
4242,2021-11-30,Ashanti,Cassava,8.61,0.0,1.24,27.0,314,0.0
4243,2021-11-30,Ashanti,Cocoa,9.33,0.0,9.43,31.6,210,0.0
4244,2021-11-30,Northern,Maize,4.97,0.0,2.54,27.2,311,0.0
4245,2021-11-30,Northern,Cassava,7.66,8306.53,1.11,25.5,150,9220.248300000001
4246,2021-11-30,Northern,Cocoa,7.93,258.09,9.05,31.1,196,2335.7145
4247,2021-11-30,Western,Cassava,1.84,8565.28,0.89,26.9,54,7623.099200000001
4248,2021-11-30,Western,Cocoa,11.43,0.0,11.63,29.2,199,0.0
4249,2021-11-30,Eastern,Maize,2.66,0.0,2.1,33.8,136,0.0
4250,2021-11-30,Eastern,Cocoa,0.0,0.0,11.59,33.4,342,0.0
4251,2021-12-01,Greater Accra,Maize,1.63,0.0,2.42,32.3,289,0.0
4252,2021-12-01,Greater Accra,Cocoa,0.0,0.0,9.44,28.1,170,0.0
4253,2021-12-01,Ashanti,Maize,7.06,0.0,2.58,29.0,71,0.0
4254,2021-12-01,Ashanti,Cassava,4.75,9821.09,1.26,27.6,325,12374.573400000001
4255,2021-12-01,Northern,Maize,0.16,0.0,2.42,28.8,362,0.0
4256,2021-12-01,Northern,Cassava,0.0,0.0,1.09,29.8,279,0.0
4257,2021-12-01,Northern,Cocoa,6.85,273.42,9.47,31.3,64,2589.2874
4258,2021-12-01,Western,Maize,5.46,0.0,2.38,27.9,325,0.0
4259,2021-12-01,Western,Cassava,4.97,0.0,1.04,32.8,121,0.0
4260,2021-12-01,Western,Cocoa,1.29,316.24,12.98,32.8,58,4104.7952000000005
4261,2021-12-01,Eastern,Maize,2.44,0.0,2.07,30.9,188,0.0
4262,2021-12-01,Eastern,Cassava,6.76,0.0,1.15,30.6,218,0.0
4263,2021-12-01,Eastern,Cocoa,5.85,337.0,13.11,28.1,461,4418.07
4264,2021-12-02,Greater Accra,Maize,6.89,0.0,2.44,28.8,188,0.0
4265,2021-12-02,Greater Accra,Cassava,5.45,0.0,1.21,28.5,54,0.0
4266,2021-12-02,Greater Accra,Cocoa,0.0,0.0,10.83,31.1,160,0.0
4267,2021-12-02,Ashanti,Maize,4.45,1674.63,2.08,28.2,73,3483.2304000000004
4268,2021-12-02,Ashanti,Cassava,8.27,0.0,0.9,29.8,293,0.0
4269,2021-12-02,Ashanti,Cocoa,7.02,0.0,10.62,27.7,149,0.0
4270,2021-12-02,Northern,Maize,1.25,0.0,1.82,32.3,252,0.0
4271,2021-12-02,Northern,Cassava,2.38,0.0,1.16,24.6,363,0.0
4272,2021-12-02,Northern,Cocoa,2.18,0.0,13.23,30.8,184,0.0
4273,2021-12-02,Western,Maize,3.39,0.0,1.85,26.7,234,0.0
4274,2021-12-02,Western,Cassava,5.36,0.0,0.99,30.9,451,0.0
4275,2021-12-02,Western,Cocoa,0.0,0.0,10.81,26.1,426,0.0
4276,2021-12-02,Eastern,Maize,2.73,1530.5,2.57,27.5,139,3933.3849999999998
4277,2021-12-02,Eastern,Cassava,5.05,0.0,1.0,27.1,72,0.0
4278,2021-12-02,Eastern,Cocoa,3.6,218.45,11.66,30.6,443,2547.127
4279,2021-12-03,Greater Accra,Maize,0.6,1288.08,2.27,24.3,488,2923.9415999999997
4280,2021-12-03,Greater Accra,Cassava,8.28,0.0,1.2,30.9,485,0.0
4281,2021-12-03,Greater Accra,Cocoa,7.07,0.0,10.26,32.1,226,0.0
4282,2021-12-03,Ashanti,Maize,9.09,1691.1,0.0,27.3,419,0.0
4283,2021-12-03,Ashanti,Cassava,3.61,0.0,1.09,28.4,443,0.0
4284,2021-12-03,Ashanti,Cocoa,8.74,0.0,12.53,24.8,232,0.0
4285,2021-12-03,Northern,Maize,8.78,0.0,1.98,28.2,388,0.0
4286,2021-12-03,Northern,Cassava,0.0,5728.39,0.88,32.3,375,5040.983200000001
4287,2021-12-03,Northern,Cocoa,6.34,0.0,12.1,33.7,295,0.0
4288,2021-12-03,Western,Cassava,7.39,0.0,1.2,29.0,286,0.0
4289,2021-12-03,Western,Cocoa,7.3,0.0,10.84,32.1,232,0.0
4290,2021-12-03,Eastern,Maize,1.97,0.0,2.65,26.7,401,0.0
4291,2021-12-03,Eastern,Cassava,9.96,0.0,1.13,32.3,219,0.0
4292,2021-12-03,Eastern,Cocoa,2.7,188.72,10.67,29.1,179,2013.6424
4293,2021-12-04,Greater Accra,Maize,5.63,0.0,2.5,28.2,270,0.0
4294,2021-12-04,Greater Accra,Cassava,2.95,0.0,1.0,25.7,374,0.0
4295,2021-12-04,Greater Accra,Cocoa,1.97,0.0,12.32,27.0,385,0.0
4296,2021-12-04,Ashanti,Maize,10.41,0.0,2.32,30.3,308,0.0
4297,2021-12-04,Ashanti,Cassava,0.0,7836.84,0.99,24.9,218,7758.4716
4298,2021-12-04,Ashanti,Cocoa,0.63,313.59,12.06,30.4,400,3781.8954
4299,2021-12-04,Northern,Maize,3.51,1194.89,2.15,32.3,105,2569.0135
4300,2021-12-04,Northern,Cassava,3.04,0.0,1.12,28.4,407,0.0
4301,2021-12-04,Western,Maize,0.61,0.0,1.9,31.8,456,0.0
4302,2021-12-04,Western,Cassava,3.99,0.0,1.08,25.7,221,0.0
4303,2021-12-04,Western,Cocoa,4.82,275.04,9.42,29.0,92,2590.8768
4304,2021-12-04,Eastern,Maize,0.0,0.0,2.05,25.0,407,0.0
4305,2021-12-04,Eastern,Cassava,6.12,0.0,1.27,24.7,320,0.0
4306,2021-12-05,Greater Accra,Maize,2.57,0.0,2.48,27.8,467,0.0
4307,2021-12-05,Greater Accra,Cassava,0.0,0.0,1.07,24.2,485,0.0
4308,2021-12-05,Greater Accra,Cocoa,0.0,0.0,10.77,33.8,103,0.0
4309,2021-12-05,Ashanti,Cassava,3.63,0.0,1.09,26.2,377,0.0
4310,2021-12-05,Ashanti,Cocoa,8.41,0.0,9.34,31.6,122,0.0
4311,2021-12-05,Northern,Maize,1.44,1395.72,2.43,26.7,89,3391.5996000000005
4312,2021-12-05,Northern,Cassava,5.49,5606.94,1.07,27.3,151,5999.4258
4313,2021-12-05,Northern,Cocoa,2.12,239.31,10.84,24.2,113,2594.1204
4314,2021-12-05,Western,Maize,4.82,0.0,2.22,29.4,128,0.0
4315,2021-12-05,Western,Cassava,8.39,0.0,0.95,32.3,289,0.0
4316,2021-12-05,Western,Cocoa,13.67,0.0,12.31,28.1,439,0.0
4317,2021-12-05,Eastern,Maize,2.96,0.0,2.51,28.6,117,0.0
4318,2021-12-05,Eastern,Cassava,1.7,0.0,0.0,32.0,54,0.0
4319,2021-12-05,Eastern,Cocoa,7.39,314.06,12.0,27.5,166,3768.7200000000003
4320,2021-12-06,Greater Accra,Maize,1.48,0.0,2.13,26.2,429,0.0
4321,2021-12-06,Greater Accra,Cassava,2.77,0.0,1.24,27.4,367,0.0
4322,2021-12-06,Greater Accra,Cocoa,0.12,266.24,9.12,30.8,477,2428.1088
4323,2021-12-06,Ashanti,Maize,7.91,0.0,2.14,30.3,475,0.0
4324,2021-12-06,Ashanti,Cassava,1.73,0.0,1.23,25.0,124,0.0
4325,2021-12-06,Ashanti,Cocoa,5.14,0.0,10.05,28.7,489,0.0
4326,2021-12-06,Northern,Maize,1.89,951.76,1.97,31.5,98,1874.9672
4327,2021-12-06,Northern,Cassava,2.45,8075.56,0.88,25.0,207,7106.4928
4328,2021-12-06,Northern,Cocoa,0.0,0.0,12.88,29.1,117,0.0
4329,2021-12-06,Western,Maize,6.82,0.0,1.88,33.9,341,0.0
4330,2021-12-06,Western,Cassava,6.47,0.0,1.21,33.2,173,0.0
4331,2021-12-06,Eastern,Maize,5.3,1825.68,1.91,25.6,377,3487.0488
4332,2021-12-07,Greater Accra,Maize,3.81,1668.22,2.22,28.8,433,3703.4484
4333,2021-12-07,Greater Accra,Cocoa,0.0,271.94,10.42,30.8,177,2833.6148
4334,2021-12-07,Ashanti,Maize,0.0,0.0,2.28,31.0,162,0.0
4335,2021-12-07,Ashanti,Cassava,5.53,9969.29,1.04,24.1,257,10368.0616
4336,2021-12-07,Northern,Maize,3.48,0.0,2.56,24.8,474,0.0
4337,2021-12-07,Northern,Cassava,0.0,4654.42,0.88,28.3,193,4095.8896
4338,2021-12-07,Northern,Cocoa,2.02,284.45,13.26,31.5,124,3771.807
4339,2021-12-07,Western,Maize,0.0,0.0,2.22,25.3,96,0.0
4340,2021-12-07,Western,Cassava,9.86,0.0,1.14,27.7,67,0.0
4341,2021-12-07,Western,Cocoa,2.56,0.0,13.09,32.4,460,0.0
4342,2021-12-07,Eastern,Maize,0.83,1456.3,2.62,27.1,442,3815.506
4343,2021-12-07,Eastern,Cassava,4.5,0.0,0.92,26.0,101,0.0
4344,2021-12-07,Eastern,Cocoa,6.4,0.0,9.49,30.3,474,0.0
4345,2021-12-08,Greater Accra,Maize,5.68,1400.66,2.29,29.8,261,3207.5114000000003
4346,2021-12-08,Greater Accra,Cassava,0.11,0.0,1.23,32.9,64,0.0
4347,2021-12-08,Ashanti,Maize,6.89,0.0,2.55,32.0,256,0.0
4348,2021-12-08,Ashanti,Cocoa,5.03,0.0,9.63,28.3,138,0.0
4349,2021-12-08,Northern,Maize,7.26,0.0,1.82,25.6,115,0.0
4350,2021-12-08,Northern,Cassava,1.11,6714.28,1.06,27.3,109,7117.1368
4351,2021-12-08,Northern,Cocoa,0.0,195.95,11.23,24.1,163,2200.5185
4352,2021-12-08,Western,Maize,5.67,0.0,1.89,32.3,396,0.0
4353,2021-12-08,Western,Cassava,1.94,7500.21,0.98,29.1,431,7350.2058
4354,2021-12-08,Western,Cocoa,2.17,0.0,11.25,27.2,400,0.0
4355,2021-12-08,Eastern,Maize,4.96,1660.77,2.52,26.9,469,4185.1404
4356,2021-12-08,Eastern,Cassava,0.0,0.0,1.12,27.2,174,0.0
4357,2021-12-08,Eastern,Cocoa,0.0,228.01,11.12,24.9,343,2535.4711999999995
4358,2021-12-09,Greater Accra,Cassava,7.34,0.0,1.27,32.9,407,0.0
4359,2021-12-09,Greater Accra,Cocoa,0.0,209.19,0.0,27.4,298,0.0
4360,2021-12-09,Ashanti,Maize,8.71,0.0,2.44,25.0,456,0.0
4361,2021-12-09,Ashanti,Cassava,3.28,9444.84,1.11,27.8,155,10483.772400000002
4362,2021-12-09,Northern,Maize,6.0,0.0,2.43,32.6,274,0.0
4363,2021-12-09,Northern,Cassava,4.03,6360.13,0.92,32.4,129,5851.319600000001
4364,2021-12-09,Northern,Cocoa,2.86,0.0,9.92,29.5,192,0.0
4365,2021-12-09,Western,Maize,2.77,0.0,2.17,33.2,378,0.0
4366,2021-12-09,Western,Cassava,9.52,0.0,0.94,26.9,490,0.0
4367,2021-12-09,Western,Cocoa,3.56,0.0,9.9,26.5,68,0.0
4368,2021-12-09,Eastern,Maize,2.73,980.96,2.39,31.8,117,2344.4944
4369,2021-12-09,Eastern,Cassava,1.9,0.0,0.98,26.7,147,0.0
4370,2021-12-09,Eastern,Cocoa,2.71,0.0,13.19,33.3,66,0.0
4371,2021-12-10,Greater Accra,Maize,3.16,0.0,2.42,24.3,327,0.0
4372,2021-12-10,Greater Accra,Cassava,2.45,5038.69,1.23,27.0,437,6197.588699999999
4373,2021-12-10,Greater Accra,Cocoa,3.79,183.9,9.04,24.0,263,1662.456
4374,2021-12-10,Ashanti,Maize,7.8,0.0,2.58,24.4,112,0.0
4375,2021-12-10,Ashanti,Cassava,0.05,0.0,1.13,30.4,358,0.0
4376,2021-12-10,Ashanti,Cocoa,3.9,311.01,12.54,27.6,399,3900.0653999999995
4377,2021-12-10,Northern,Maize,0.07,0.0,2.36,29.4,187,0.0
4378,2021-12-10,Northern,Cassava,4.31,7078.96,0.93,27.3,94,6583.4328000000005
4379,2021-12-10,Northern,Cocoa,5.69,0.0,12.57,33.2,55,0.0
4380,2021-12-10,Western,Maize,7.39,0.0,2.07,28.3,317,0.0
4381,2021-12-10,Western,Cassava,5.61,0.0,1.03,24.9,249,0.0
4382,2021-12-10,Western,Cocoa,8.34,282.99,9.94,27.5,153,2812.9206
4383,2021-12-10,Eastern,Maize,8.94,0.0,1.96,28.6,134,0.0
4384,2021-12-10,Eastern,Cassava,3.5,0.0,0.92,24.3,289,0.0
4385,2021-12-10,Eastern,Cocoa,2.43,0.0,11.45,28.5,271,0.0
4386,2021-12-11,Greater Accra,Maize,2.04,1120.52,2.53,30.9,101,2834.9156
4387,2021-12-11,Greater Accra,Cassava,5.82,5700.76,1.03,25.4,112,5871.7828
4388,2021-12-11,Greater Accra,Cocoa,3.05,281.62,11.14,27.9,62,3137.2468000000003
4389,2021-12-11,Ashanti,Maize,6.86,1632.55,2.18,24.4,269,3558.9590000000003
4390,2021-12-11,Ashanti,Cassava,8.41,7701.51,1.09,26.0,423,8394.645900000001
4391,2021-12-11,Ashanti,Cocoa,1.17,0.0,11.12,27.7,487,0.0
4392,2021-12-11,Northern,Maize,1.89,0.0,2.23,28.8,453,0.0
4393,2021-12-11,Northern,Cassava,0.0,6899.16,1.01,24.5,470,6968.1516
4394,2021-12-11,Northern,Cocoa,10.5,0.0,9.78,25.5,203,0.0
4395,2021-12-11,Western,Maize,10.27,2112.3,2.38,27.7,76,5027.274
4396,2021-12-11,Western,Cassava,5.94,0.0,1.21,28.1,328,0.0
4397,2021-12-11,Western,Cocoa,4.0,0.0,10.9,26.7,368,0.0
4398,2021-12-11,Eastern,Maize,8.36,0.0,2.12,24.4,368,0.0
4399,2021-12-11,Eastern,Cassava,2.65,0.0,1.22,32.3,230,0.0
4400,2021-12-11,Eastern,Cocoa,3.48,0.0,11.1,25.7,249,0.0
4401,2021-12-12,Greater Accra,Cassava,6.02,0.0,0.95,24.9,310,0.0
4402,2021-12-12,Greater Accra,Cocoa,0.0,0.0,11.47,24.3,273,0.0
4403,2021-12-12,Ashanti,Maize,3.31,1191.73,2.43,27.7,317,2895.9039000000002
4404,2021-12-12,Ashanti,Cassava,9.19,0.0,1.2,28.2,121,0.0
4405,2021-12-12,Ashanti,Cocoa,0.58,0.0,12.03,29.2,379,0.0
4406,2021-12-12,Northern,Maize,2.27,1387.52,2.44,27.8,129,3385.5488
4407,2021-12-12,Northern,Cassava,1.42,4928.34,1.11,26.8,137,5470.4574
4408,2021-12-12,Northern,Cocoa,7.94,260.02,11.37,30.1,449,2956.4273999999996
4409,2021-12-12,Western,Cocoa,8.03,0.0,10.84,28.8,237,0.0
4410,2021-12-12,Eastern,Maize,10.71,0.0,1.98,29.8,51,0.0
4411,2021-12-13,Greater Accra,Maize,7.51,0.0,2.49,25.0,77,0.0
4412,2021-12-13,Greater Accra,Cassava,0.0,0.0,1.13,30.6,410,0.0
4413,2021-12-13,Greater Accra,Cocoa,5.46,0.0,11.08,29.7,96,0.0
4414,2021-12-13,Ashanti,Cassava,0.65,6917.08,1.23,32.7,288,8508.0084
4415,2021-12-13,Northern,Maize,1.0,1323.86,2.47,31.6,389,3269.9342
4416,2021-12-13,Northern,Cassava,0.75,0.0,0.9,29.6,371,0.0
4417,2021-12-13,Northern,Cocoa,5.66,280.51,11.04,28.8,322,3096.8304
4418,2021-12-13,Western,Maize,2.26,1102.59,2.55,29.4,108,2811.6044999999995
4419,2021-12-13,Western,Cassava,0.16,0.0,1.01,30.4,422,0.0
4420,2021-12-13,Western,Cocoa,7.6,0.0,9.85,24.9,461,0.0
4421,2021-12-13,Eastern,Maize,1.76,0.0,2.65,28.1,144,0.0
4422,2021-12-13,Eastern,Cassava,0.0,0.0,0.93,33.7,493,0.0
4423,2021-12-13,Eastern,Cocoa,6.74,0.0,9.3,32.9,288,0.0
4424,2021-12-14,Greater Accra,Maize,2.89,0.0,1.89,26.8,298,0.0
4425,2021-12-14,Greater Accra,Cassava,6.12,0.0,0.96,27.7,70,0.0
4426,2021-12-14,Greater Accra,Cocoa,6.31,0.0,10.62,26.2,351,0.0
4427,2021-12-14,Ashanti,Maize,5.03,0.0,2.36,30.7,368,0.0
4428,2021-12-14,Ashanti,Cassava,10.33,7961.75,0.98,29.9,242,7802.514999999999
4429,2021-12-14,Ashanti,Cocoa,8.7,0.0,11.43,32.9,455,0.0
4430,2021-12-14,Northern,Maize,1.23,0.0,2.14,32.2,366,0.0
4431,2021-12-14,Northern,Cassava,7.37,0.0,1.05,27.8,323,0.0
4432,2021-12-14,Northern,Cocoa,1.85,243.85,9.64,25.2,146,2350.714
4433,2021-12-14,Western,Cassava,5.98,0.0,1.13,24.4,415,0.0
4434,2021-12-14,Western,Cocoa,0.0,0.0,12.77,27.4,164,0.0
4435,2021-12-14,Eastern,Maize,5.65,0.0,2.14,26.4,251,0.0
4436,2021-12-14,Eastern,Cassava,10.29,0.0,1.12,32.9,411,0.0
4437,2021-12-14,Eastern,Cocoa,2.59,0.0,9.27,28.3,429,0.0
4438,2021-12-15,Greater Accra,Maize,1.25,0.0,2.14,33.4,311,0.0
4439,2021-12-15,Greater Accra,Cassava,8.24,7912.85,1.23,31.6,431,9732.8055
4440,2021-12-15,Greater Accra,Cocoa,0.94,0.0,10.72,31.2,443,0.0
4441,2021-12-15,Ashanti,Maize,1.98,1671.9,1.93,26.9,120,3226.7670000000003
4442,2021-12-15,Ashanti,Cassava,2.86,0.0,1.14,29.5,440,0.0
4443,2021-12-15,Ashanti,Cocoa,7.77,0.0,13.22,31.4,222,0.0
4444,2021-12-15,Northern,Maize,5.4,0.0,2.51,31.2,396,0.0
4445,2021-12-15,Northern,Cassava,3.65,8589.68,1.22,31.8,156,10479.4096
4446,2021-12-15,Western,Maize,0.0,0.0,2.27,32.0,314,0.0
4447,2021-12-15,Western,Cassava,9.86,12868.51,0.96,30.8,259,12353.7696
4448,2021-12-15,Western,Cocoa,4.0,0.0,11.24,25.6,138,0.0
4449,2021-12-15,Eastern,Maize,1.34,0.0,2.27,32.8,416,0.0
4450,2021-12-15,Eastern,Cassava,0.0,0.0,0.96,26.5,53,0.0
4451,2021-12-15,Eastern,Cocoa,0.0,188.21,12.09,31.0,366,2275.4589
4452,2021-12-16,Greater Accra,Maize,5.12,0.0,2.6,30.6,224,0.0
4453,2021-12-16,Greater Accra,Cassava,6.65,0.0,1.2,24.3,407,0.0
4454,2021-12-16,Ashanti,Maize,7.04,1825.61,2.08,29.6,75,3797.2688
4455,2021-12-16,Ashanti,Cassava,3.84,0.0,0.91,27.9,294,0.0
4456,2021-12-16,Ashanti,Cocoa,0.0,308.29,11.87,26.5,291,3659.4023
4457,2021-12-16,Northern,Maize,1.24,1427.56,1.82,31.3,50,2598.1592
4458,2021-12-16,Northern,Cassava,3.89,8996.51,1.2,24.7,417,10795.812
4459,2021-12-16,Northern,Cocoa,4.87,0.0,9.67,32.9,97,0.0
4460,2021-12-16,Western,Maize,6.58,2198.55,2.39,27.5,110,5254.534500000001
4461,2021-12-16,Western,Cassava,13.03,0.0,1.02,28.7,66,0.0
4462,2021-12-16,Western,Cocoa,0.0,0.0,12.35,30.5,171,0.0
4463,2021-12-16,Eastern,Maize,8.37,1324.3,2.06,26.5,212,2728.058
4464,2021-12-16,Eastern,Cassava,0.0,7223.49,0.95,27.9,445,6862.3155
4465,2021-12-16,Eastern,Cocoa,4.64,0.0,9.93,32.6,279,0.0
4466,2021-12-17,Greater Accra,Cassava,7.15,7708.5,0.0,33.6,182,0.0
4467,2021-12-17,Greater Accra,Cocoa,0.0,286.09,10.77,32.8,455,3081.1892999999995
4468,2021-12-17,Ashanti,Maize,6.23,0.0,2.17,33.3,66,0.0
4469,2021-12-17,Ashanti,Cassava,3.31,10682.52,1.2,31.2,97,12819.024
4470,2021-12-17,Ashanti,Cocoa,2.47,0.0,11.61,31.6,59,0.0
4471,2021-12-17,Northern,Cassava,2.82,4912.78,1.17,26.6,167,5747.9526
4472,2021-12-17,Northern,Cocoa,4.02,0.0,10.39,28.9,499,0.0
4473,2021-12-17,Western,Maize,3.87,0.0,1.94,24.7,474,0.0
4474,2021-12-17,Western,Cassava,12.96,0.0,1.14,32.3,260,0.0
4475,2021-12-17,Western,Cocoa,14.04,0.0,13.24,26.0,276,0.0
4476,2021-12-17,Eastern,Maize,0.0,0.0,2.25,30.4,133,0.0
4477,2021-12-17,Eastern,Cassava,2.19,0.0,0.99,33.3,75,0.0
4478,2021-12-17,Eastern,Cocoa,6.76,223.81,11.04,27.7,204,2470.8624
4479,2021-12-18,Greater Accra,Maize,0.0,0.0,2.11,28.6,114,0.0
4480,2021-12-18,Greater Accra,Cassava,5.72,6454.53,0.88,32.4,277,5679.9864
4481,2021-12-18,Greater Accra,Cocoa,0.58,166.65,9.54,28.7,120,1589.841
4482,2021-12-18,Ashanti,Maize,0.0,0.0,2.0,32.3,489,0.0
4483,2021-12-18,Ashanti,Cocoa,5.16,0.0,12.43,25.8,95,0.0
4484,2021-12-18,Northern,Cassava,0.0,0.0,0.87,24.6,449,0.0
4485,2021-12-18,Northern,Cocoa,1.08,0.0,10.83,26.5,405,0.0
4486,2021-12-18,Western,Cassava,0.0,0.0,0.95,24.9,168,0.0
4487,2021-12-18,Western,Cocoa,9.53,297.88,10.6,30.3,298,3157.528
4488,2021-12-18,Eastern,Maize,0.0,1263.16,2.14,28.8,339,2703.1624
4489,2021-12-18,Eastern,Cassava,8.29,0.0,1.01,30.8,391,0.0
4490,2021-12-18,Eastern,Cocoa,0.0,0.0,10.62,33.1,279,0.0
4491,2021-12-19,Greater Accra,Maize,4.51,0.0,2.63,32.4,305,0.0
4492,2021-12-19,Greater Accra,Cassava,0.28,4856.89,0.88,24.3,264,4274.0632000000005
4493,2021-12-19,Greater Accra,Cocoa,2.54,0.0,10.92,29.3,487,0.0
4494,2021-12-19,Ashanti,Maize,9.04,0.0,2.33,26.7,276,0.0
4495,2021-12-19,Ashanti,Cocoa,0.0,0.0,9.09,27.9,101,0.0
4496,2021-12-19,Northern,Cassava,4.06,0.0,0.88,30.6,431,0.0
4497,2021-12-19,Northern,Cocoa,0.0,218.2,10.42,32.6,169,2273.644
4498,2021-12-19,Western,Maize,11.25,2062.07,2.36,29.6,491,4866.4852
4499,2021-12-19,Western,Cassava,7.72,0.0,1.01,29.4,139,0.0
4500,2021-12-19,Western,Cocoa,1.63,0.0,11.61,27.6,202,0.0
4501,2021-12-19,Eastern,Maize,0.0,1255.15,2.18,27.5,366,2736.2270000000003
4502,2021-12-19,Eastern,Cassava,1.77,0.0,1.0,33.1,382,0.0
4503,2021-12-19,Eastern,Cocoa,11.24,364.42,9.39,26.7,183,3421.9038000000005
4504,2021-12-20,Greater Accra,Maize,0.0,0.0,2.3,33.4,443,0.0
4505,2021-12-20,Greater Accra,Cocoa,2.79,0.0,10.94,27.6,428,0.0
4506,2021-12-20,Ashanti,Maize,5.79,0.0,1.82,24.6,67,0.0
4507,2021-12-20,Ashanti,Cassava,5.69,7902.19,1.13,25.3,127,8929.474699999999
4508,2021-12-20,Ashanti,Cocoa,6.71,0.0,9.06,31.4,375,0.0
4509,2021-12-20,Northern,Maize,3.1,0.0,2.01,27.1,490,0.0
4510,2021-12-20,Northern,Cassava,7.56,0.0,1.19,24.5,390,0.0
4511,2021-12-20,Northern,Cocoa,3.34,0.0,13.19,29.3,155,0.0
4512,2021-12-20,Western,Maize,2.82,1387.76,2.28,29.7,246,3164.0928
4513,2021-12-20,Western,Cocoa,1.66,0.0,9.05,27.3,334,0.0
4514,2021-12-20,Eastern,Maize,3.59,0.0,2.26,32.7,272,0.0
4515,2021-12-20,Eastern,Cocoa,5.56,330.24,9.06,29.3,262,2991.9744
4516,2021-12-21,Greater Accra,Maize,2.71,0.0,2.08,27.8,351,0.0
4517,2021-12-21,Greater Accra,Cassava,0.0,0.0,1.19,28.7,98,0.0
4518,2021-12-21,Ashanti,Maize,0.0,1176.52,2.38,30.0,353,2800.1176
4519,2021-12-21,Ashanti,Cassava,5.08,0.0,1.01,25.6,393,0.0
4520,2021-12-21,Northern,Maize,0.0,0.0,2.38,25.5,491,0.0
4521,2021-12-21,Northern,Cassava,0.33,0.0,1.11,32.2,487,0.0
4522,2021-12-21,Northern,Cocoa,10.89,215.02,11.36,30.8,296,2442.6272
4523,2021-12-21,Western,Maize,0.0,0.0,2.03,28.8,241,0.0
4524,2021-12-21,Western,Cassava,5.04,8789.3,1.08,25.7,139,9492.444
4525,2021-12-21,Western,Cocoa,4.96,0.0,9.6,25.1,281,0.0
4526,2021-12-21,Eastern,Maize,4.7,0.0,1.82,32.8,287,0.0
4527,2021-12-21,Eastern,Cassava,1.87,0.0,1.07,28.7,295,0.0
4528,2021-12-21,Eastern,Cocoa,8.89,0.0,9.93,28.7,268,0.0
4529,2021-12-22,Greater Accra,Maize,0.0,1289.2,2.16,29.3,468,2784.6720000000005
4530,2021-12-22,Greater Accra,Cassava,10.75,0.0,1.15,28.9,409,0.0
4531,2021-12-22,Greater Accra,Cocoa,8.13,0.0,12.68,32.9,160,0.0
4532,2021-12-22,Ashanti,Cassava,0.79,0.0,0.92,33.8,240,0.0
4533,2021-12-22,Ashanti,Cocoa,2.46,254.26,10.3,29.6,274,2618.878
4534,2021-12-22,Northern,Maize,3.77,1119.56,2.12,25.2,296,2373.4672
4535,2021-12-22,Northern,Cassava,12.24,0.0,1.14,33.6,229,0.0
4536,2021-12-22,Northern,Cocoa,5.23,0.0,10.58,33.8,332,0.0
4537,2021-12-22,Western,Cocoa,0.91,0.0,9.39,32.2,138,0.0
4538,2021-12-22,Eastern,Maize,0.0,1344.7,2.3,27.2,75,3092.81
4539,2021-12-22,Eastern,Cocoa,0.0,0.0,12.69,28.1,390,0.0
4540,2021-12-23,Greater Accra,Maize,0.0,0.0,2.27,29.4,234,0.0
4541,2021-12-23,Greater Accra,Cassava,0.0,0.0,1.01,29.4,54,0.0
4542,2021-12-23,Greater Accra,Cocoa,2.5,0.0,12.48,33.9,255,0.0
4543,2021-12-23,Ashanti,Maize,9.67,0.0,2.36,31.7,321,0.0
4544,2021-12-23,Ashanti,Cassava,7.07,0.0,0.91,32.3,197,0.0
4545,2021-12-23,Ashanti,Cocoa,7.69,377.55,13.27,31.9,349,5010.0885
4546,2021-12-23,Northern,Maize,0.0,1316.85,1.82,33.0,428,2396.667
4547,2021-12-23,Northern,Cassava,0.0,0.0,1.2,32.2,71,0.0
4548,2021-12-23,Northern,Cocoa,4.23,0.0,12.94,27.6,73,0.0
4549,2021-12-23,Western,Maize,5.86,0.0,2.66,28.1,425,0.0
4550,2021-12-23,Western,Cassava,3.22,7940.07,1.1,29.8,279,8734.077000000001
4551,2021-12-23,Western,Cocoa,12.94,404.37,12.0,25.3,281,4852.4400000000005
4552,2021-12-23,Eastern,Maize,0.0,0.0,2.52,27.0,370,0.0
4553,2021-12-23,Eastern,Cocoa,1.09,0.0,13.23,29.9,484,0.0
4554,2021-12-24,Greater Accra,Maize,1.21,1343.76,1.92,32.4,361,2580.0191999999997
4555,2021-12-24,Greater Accra,Cassava,7.66,6499.82,1.01,32.5,218,6564.8182
4556,2021-12-24,Greater Accra,Cocoa,2.48,0.0,12.46,31.9,453,0.0
4557,2021-12-24,Ashanti,Maize,6.61,0.0,2.18,30.3,385,0.0
4558,2021-12-24,Ashanti,Cassava,4.99,0.0,0.0,28.9,402,0.0
4559,2021-12-24,Ashanti,Cocoa,2.62,0.0,10.91,24.5,183,0.0
4560,2021-12-24,Northern,Maize,0.85,0.0,1.83,33.2,118,0.0
4561,2021-12-24,Northern,Cassava,5.06,0.0,1.2,31.8,420,0.0
4562,2021-12-24,Northern,Cocoa,10.64,0.0,12.75,30.6,257,0.0
4563,2021-12-24,Western,Maize,7.91,0.0,2.36,25.9,435,0.0
4564,2021-12-24,Western,Cassava,3.25,0.0,1.18,29.3,137,0.0
4565,2021-12-24,Western,Cocoa,8.63,0.0,9.2,32.3,468,0.0
4566,2021-12-24,Eastern,Maize,1.19,0.0,2.58,27.0,188,0.0
4567,2021-12-24,Eastern,Cassava,9.01,0.0,1.08,33.6,133,0.0
4568,2021-12-24,Eastern,Cocoa,0.0,214.21,10.41,32.5,290,2229.9261
4569,2021-12-25,Greater Accra,Maize,2.85,1588.52,2.07,25.6,388,3288.2364
4570,2021-12-25,Greater Accra,Cassava,4.29,0.0,0.98,26.4,398,0.0
4571,2021-12-25,Ashanti,Maize,5.27,1561.06,2.17,30.7,319,3387.5002
4572,2021-12-25,Ashanti,Cassava,7.76,8701.22,1.22,31.7,55,10615.488399999998
4573,2021-12-25,Ashanti,Cocoa,3.96,0.0,11.14,24.6,343,0.0
4574,2021-12-25,Northern,Maize,0.55,0.0,2.46,33.8,164,0.0
4575,2021-12-25,Northern,Cassava,2.14,0.0,0.0,27.2,366,0.0
4576,2021-12-25,Northern,Cocoa,3.85,0.0,12.58,24.2,215,0.0
4577,2021-12-25,Western,Maize,7.85,0.0,2.02,25.5,186,0.0
4578,2021-12-25,Western,Cassava,8.99,0.0,1.01,24.1,245,0.0
4579,2021-12-25,Western,Cocoa,14.31,0.0,9.71,32.9,170,0.0
4580,2021-12-25,Eastern,Maize,4.25,0.0,2.27,28.7,133,0.0
4581,2021-12-25,Eastern,Cassava,4.97,8424.11,1.0,30.6,256,8424.11
4582,2021-12-25,Eastern,Cocoa,7.46,0.0,10.81,25.8,216,0.0
4583,2021-12-26,Greater Accra,Maize,8.82,0.0,2.5,32.9,354,0.0
4584,2021-12-26,Greater Accra,Cassava,0.0,0.0,0.98,29.3,252,0.0
4585,2021-12-26,Greater Accra,Cocoa,2.56,251.44,12.31,25.7,227,3095.2264
4586,2021-12-26,Ashanti,Maize,5.51,0.0,2.37,24.1,409,0.0
4587,2021-12-26,Ashanti,Cassava,3.98,0.0,0.89,27.8,119,0.0
4588,2021-12-26,Northern,Cocoa,5.3,210.16,10.52,32.1,215,2210.8831999999998
4589,2021-12-26,Western,Maize,10.14,2004.32,2.23,32.2,468,4469.6336
4590,2021-12-26,Western,Cassava,4.52,8404.39,1.21,25.0,209,10169.311899999999
4591,2021-12-26,Western,Cocoa,7.22,0.0,10.75,33.3,480,0.0
4592,2021-12-26,Eastern,Maize,1.48,0.0,2.0,27.9,220,0.0
4593,2021-12-26,Eastern,Cassava,5.73,0.0,1.17,30.1,80,0.0
4594,2021-12-26,Eastern,Cocoa,0.0,193.5,10.18,33.5,128,1969.83
4595,2021-12-27,Greater Accra,Maize,4.6,0.0,1.95,29.5,94,0.0
4596,2021-12-27,Greater Accra,Cassava,0.0,0.0,0.99,28.4,434,0.0
4597,2021-12-27,Greater Accra,Cocoa,7.44,197.24,11.84,26.9,76,2335.3216
4598,2021-12-27,Ashanti,Maize,4.66,0.0,2.03,29.2,80,0.0
4599,2021-12-27,Ashanti,Cassava,4.56,0.0,0.9,33.7,444,0.0
4600,2021-12-27,Northern,Maize,0.55,871.7,2.56,30.5,379,2231.552
4601,2021-12-27,Northern,Cassava,8.91,0.0,1.2,31.6,401,0.0
4602,2021-12-27,Northern,Cocoa,2.33,0.0,11.48,33.7,164,0.0
4603,2021-12-27,Western,Maize,4.62,0.0,2.34,24.2,207,0.0
4604,2021-12-27,Western,Cassava,3.08,0.0,0.88,25.4,423,0.0
4605,2021-12-27,Western,Cocoa,5.35,332.38,12.34,33.3,67,4101.5692
4606,2021-12-27,Eastern,Maize,0.05,0.0,2.09,32.0,211,0.0
4607,2021-12-27,Eastern,Cassava,7.63,0.0,1.24,33.9,221,0.0
4608,2021-12-27,Eastern,Cocoa,11.89,0.0,12.93,31.2,303,0.0
4609,2021-12-28,Greater Accra,Maize,2.44,1211.9,2.21,30.2,457,2678.299
4610,2021-12-28,Greater Accra,Cocoa,1.96,169.93,9.84,30.8,124,1672.1112
4611,2021-12-28,Ashanti,Maize,0.09,1109.12,2.1,27.3,437,2329.152
4612,2021-12-28,Ashanti,Cassava,0.0,0.0,1.06,29.5,297,0.0
4613,2021-12-28,Ashanti,Cocoa,1.26,0.0,0.0,33.1,289,0.0
4614,2021-12-28,Northern,Maize,2.21,0.0,1.96,28.4,171,0.0
4615,2021-12-28,Northern,Cocoa,6.95,0.0,13.02,29.8,181,0.0
4616,2021-12-28,Western,Maize,5.42,1993.63,2.02,28.7,323,4027.1326000000004
4617,2021-12-28,Western,Cassava,1.97,9453.77,1.26,32.6,282,11911.7502
4618,2021-12-28,Western,Cocoa,5.11,0.0,11.63,26.2,228,0.0
4619,2021-12-28,Eastern,Maize,0.0,0.0,2.28,28.6,245,0.0
4620,2021-12-28,Eastern,Cocoa,0.83,190.68,10.92,30.8,312,2082.2256
4621,2021-12-29,Greater Accra,Maize,0.01,0.0,2.56,30.5,438,0.0
4622,2021-12-29,Greater Accra,Cassava,1.71,0.0,1.01,32.0,271,0.0
4623,2021-12-29,Greater Accra,Cocoa,7.91,285.83,12.64,25.7,120,3612.8912
4624,2021-12-29,Ashanti,Maize,5.21,1560.24,2.0,30.5,90,3120.48
4625,2021-12-29,Northern,Maize,3.0,0.0,1.87,28.9,246,0.0
4626,2021-12-29,Northern,Cassava,6.2,0.0,1.27,32.9,427,0.0
4627,2021-12-29,Northern,Cocoa,14.63,303.4,10.19,24.2,216,3091.6459999999997
4628,2021-12-29,Western,Cassava,7.9,0.0,1.26,33.8,244,0.0
4629,2021-12-29,Western,Cocoa,4.66,0.0,9.45,30.8,75,0.0
4630,2021-12-29,Eastern,Maize,1.89,0.0,2.18,28.6,97,0.0
4631,2021-12-29,Eastern,Cocoa,0.15,210.69,10.49,32.7,420,2210.1381
4632,2021-12-30,Greater Accra,Maize,0.0,0.0,2.2,24.2,253,0.0
4633,2021-12-30,Greater Accra,Cassava,0.43,4906.43,1.11,27.1,264,5446.137300000001
4634,2021-12-30,Greater Accra,Cocoa,2.95,0.0,9.75,25.5,373,0.0
4635,2021-12-30,Ashanti,Maize,1.23,0.0,2.59,29.5,471,0.0
4636,2021-12-30,Ashanti,Cassava,2.57,10630.76,0.87,24.8,163,9248.7612
4637,2021-12-30,Ashanti,Cocoa,0.0,0.0,12.44,24.7,210,0.0
4638,2021-12-30,Northern,Cassava,0.13,0.0,1.26,24.4,149,0.0
4639,2021-12-30,Northern,Cocoa,7.32,0.0,13.2,25.6,166,0.0
4640,2021-12-30,Western,Maize,10.77,0.0,2.36,32.1,231,0.0
4641,2021-12-30,Western,Cassava,0.0,0.0,1.05,32.9,445,0.0
4642,2021-12-30,Eastern,Maize,7.98,0.0,2.22,29.1,331,0.0
4643,2021-12-30,Eastern,Cassava,5.86,0.0,0.94,32.9,445,0.0
4644,2021-12-30,Eastern,Cocoa,0.0,0.0,9.79,24.2,475,0.0
4645,2021-12-31,Greater Accra,Maize,2.31,0.0,2.39,29.2,495,0.0
4646,2021-12-31,Greater Accra,Cassava,7.7,0.0,1.06,31.2,485,0.0
4647,2021-12-31,Greater Accra,Cocoa,0.0,0.0,11.12,24.1,236,0.0
4648,2021-12-31,Ashanti,Maize,2.71,1811.37,1.98,33.2,420,3586.5125999999996
4649,2021-12-31,Ashanti,Cassava,10.08,9919.93,1.13,29.5,264,11209.5209
4650,2021-12-31,Ashanti,Cocoa,2.63,351.89,9.39,26.1,428,3304.2471
4651,2021-12-31,Northern,Maize,0.27,0.0,1.83,32.5,440,0.0
4652,2021-12-31,Northern,Cocoa,4.01,0.0,12.09,32.9,308,0.0
4653,2021-12-31,Western,Maize,3.42,0.0,2.08,30.8,385,0.0
4654,2021-12-31,Western,Cassava,3.9,11812.63,1.23,26.2,304,14529.534899999999
4655,2021-12-31,Western,Cocoa,0.0,0.0,11.12,33.3,385,0.0
4656,2021-12-31,Eastern,Maize,11.91,0.0,1.87,30.0,106,0.0
4657,2021-12-31,Eastern,Cassava,2.13,7270.24,1.25,29.3,440,9087.8
4658,2021-12-31,Eastern,Cocoa,5.16,218.08,11.17,31.3,409,2435.9536000000003
4659,2022-01-01,Greater Accra,Maize,1.59,0.0,2.48,28.4,133,0.0
4660,2022-01-01,Greater Accra,Cocoa,0.32,0.0,12.06,25.7,141,0.0
4661,2022-01-01,Ashanti,Maize,0.0,0.0,2.56,25.7,409,0.0
4662,2022-01-01,Ashanti,Cassava,0.0,6579.82,1.27,28.4,416,8356.3714
4663,2022-01-01,Northern,Maize,4.4,0.0,2.8,31.8,69,0.0
4664,2022-01-01,Northern,Cocoa,7.17,181.52,11.17,30.2,277,2027.5784
4665,2022-01-01,Western,Maize,0.38,1529.19,2.57,30.3,58,3930.0182999999997
4666,2022-01-01,Eastern,Cassava,4.81,0.0,1.15,27.5,483,0.0
4667,2022-01-02,Greater Accra,Maize,3.3,0.0,2.39,24.5,425,0.0
4668,2022-01-02,Greater Accra,Cocoa,4.71,0.0,10.73,33.3,427,0.0
4669,2022-01-02,Ashanti,Maize,11.09,0.0,2.55,27.4,127,0.0
4670,2022-01-02,Ashanti,Cassava,1.45,0.0,1.17,31.6,275,0.0
4671,2022-01-02,Ashanti,Cocoa,5.48,0.0,11.68,25.0,99,0.0
4672,2022-01-02,Northern,Maize,2.61,0.0,2.43,28.1,476,0.0
4673,2022-01-02,Northern,Cassava,7.15,0.0,0.96,29.3,369,0.0
4674,2022-01-02,Northern,Cocoa,3.95,209.24,11.44,31.5,171,2393.7056
4675,2022-01-02,Western,Maize,11.51,0.0,2.57,32.1,173,0.0
4676,2022-01-02,Western,Cassava,12.83,11749.86,1.37,29.0,462,16097.308200000001
4677,2022-01-02,Western,Cocoa,9.03,0.0,13.95,31.9,472,0.0
4678,2022-01-02,Eastern,Maize,6.38,0.0,2.56,32.3,307,0.0
4679,2022-01-02,Eastern,Cocoa,4.1,0.0,12.78,30.2,240,0.0
4680,2022-01-03,Greater Accra,Maize,3.79,0.0,2.29,31.1,419,0.0
4681,2022-01-03,Greater Accra,Cassava,10.38,0.0,1.32,28.4,331,0.0
4682,2022-01-03,Greater Accra,Cocoa,1.52,0.0,12.28,33.0,450,0.0
4683,2022-01-03,Ashanti,Maize,1.84,1253.68,2.49,32.1,55,3121.6632000000004
4684,2022-01-03,Ashanti,Cassava,6.09,0.0,0.98,24.7,490,0.0
4685,2022-01-03,Northern,Maize,3.58,0.0,2.1,31.0,207,0.0
4686,2022-01-03,Northern,Cassava,0.0,6481.73,1.3,26.5,412,8426.249
4687,2022-01-03,Western,Maize,0.62,0.0,1.98,27.8,209,0.0
4688,2022-01-03,Western,Cocoa,0.46,0.0,12.68,33.8,216,0.0
4689,2022-01-03,Eastern,Cassava,3.89,9468.37,1.08,27.9,281,10225.839600000001
4690,2022-01-03,Eastern,Cocoa,7.44,0.0,14.29,25.2,484,0.0
4691,2022-01-04,Greater Accra,Cassava,10.32,0.0,1.37,24.6,398,0.0
4692,2022-01-04,Greater Accra,Cocoa,10.29,323.88,14.15,30.2,275,4582.902
4693,2022-01-04,Ashanti,Maize,4.34,0.0,2.7,26.4,346,0.0
4694,2022-01-04,Ashanti,Cassava,2.95,8420.54,1.05,29.5,340,8841.567000000001
4695,2022-01-04,Ashanti,Cocoa,4.66,0.0,10.49,32.3,54,0.0
4696,2022-01-04,Northern,Maize,2.7,1259.44,2.82,24.8,87,3551.6208
4697,2022-01-04,Northern,Cassava,6.29,7473.67,1.16,30.3,241,8669.457199999999
4698,2022-01-04,Northern,Cocoa,2.54,0.0,10.14,33.6,403,0.0
4699,2022-01-04,Western,Maize,13.85,0.0,2.63,24.2,465,0.0
4700,2022-01-04,Western,Cassava,4.67,0.0,1.14,29.4,234,0.0
4701,2022-01-04,Western,Cocoa,4.51,0.0,10.23,25.6,293,0.0
4702,2022-01-04,Eastern,Maize,5.21,1930.24,2.22,33.0,219,4285.1328
4703,2022-01-04,Eastern,Cassava,1.63,0.0,1.01,24.7,451,0.0
4704,2022-01-04,Eastern,Cocoa,8.08,0.0,9.88,25.8,470,0.0
4705,2022-01-05,Greater Accra,Maize,4.2,0.0,2.78,25.5,363,0.0
4706,2022-01-05,Greater Accra,Cassava,9.91,0.0,1.18,27.4,273,0.0
4707,2022-01-05,Greater Accra,Cocoa,0.0,0.0,12.01,27.9,303,0.0
4708,2022-01-05,Ashanti,Maize,2.56,0.0,2.17,33.8,432,0.0
4709,2022-01-05,Ashanti,Cassava,0.0,0.0,1.31,26.7,461,0.0
4710,2022-01-05,Ashanti,Cocoa,4.05,0.0,11.62,25.4,140,0.0
4711,2022-01-05,Northern,Maize,2.65,0.0,2.4,24.0,484,0.0
4712,2022-01-05,Northern,Cassava,1.49,6461.54,1.24,28.6,313,8012.3096
4713,2022-01-05,Northern,Cocoa,3.12,0.0,11.33,25.3,496,0.0
4714,2022-01-05,Western,Maize,0.0,0.0,2.24,26.9,74,0.0
4715,2022-01-05,Western,Cassava,3.64,0.0,1.36,29.5,228,0.0
4716,2022-01-05,Western,Cocoa,3.46,351.97,12.09,25.1,431,4255.317300000001
4717,2022-01-05,Eastern,Maize,4.07,0.0,2.76,31.9,258,0.0
4718,2022-01-05,Eastern,Cassava,0.0,0.0,1.17,24.7,393,0.0
4719,2022-01-05,Eastern,Cocoa,5.33,0.0,10.22,32.9,487,0.0
4720,2022-01-06,Greater Accra,Maize,5.39,0.0,2.59,25.8,52,0.0
4721,2022-01-06,Greater Accra,Cassava,7.01,0.0,1.28,31.5,141,0.0
4722,2022-01-06,Greater Accra,Cocoa,6.76,0.0,12.14,30.2,378,0.0
4723,2022-01-06,Ashanti,Maize,9.12,0.0,1.95,33.0,86,0.0
4724,2022-01-06,Northern,Maize,1.74,0.0,2.43,33.9,365,0.0
4725,2022-01-06,Western,Maize,0.0,0.0,2.23,28.9,344,0.0
4726,2022-01-06,Western,Cassava,7.54,0.0,1.22,31.9,96,0.0
4727,2022-01-06,Western,Cocoa,6.53,0.0,10.42,26.0,165,0.0
4728,2022-01-06,Eastern,Maize,3.51,0.0,2.04,31.7,257,0.0
4729,2022-01-06,Eastern,Cassava,8.63,0.0,1.36,26.3,288,0.0
4730,2022-01-06,Eastern,Cocoa,2.92,0.0,12.24,30.7,153,0.0
4731,2022-01-07,Greater Accra,Maize,3.41,0.0,2.42,33.3,343,0.0
4732,2022-01-07,Greater Accra,Cocoa,5.62,215.67,11.37,27.2,144,2452.1678999999995
4733,2022-01-07,Ashanti,Maize,3.97,1720.58,2.51,26.8,417,4318.6557999999995
4734,2022-01-07,Ashanti,Cassava,0.0,0.0,0.96,27.6,398,0.0
4735,2022-01-07,Ashanti,Cocoa,5.91,321.98,11.27,30.4,194,3628.7146000000002
4736,2022-01-07,Northern,Maize,0.61,0.0,2.34,28.3,393,0.0
4737,2022-01-07,Northern,Cassava,0.6,8314.47,1.09,33.2,428,9062.7723
4738,2022-01-07,Northern,Cocoa,0.0,216.01,12.29,25.9,246,2654.7628999999997
4739,2022-01-07,Western,Maize,3.77,0.0,2.18,28.7,177,0.0
4740,2022-01-07,Western,Cassava,0.92,0.0,1.13,29.8,486,0.0
4741,2022-01-07,Western,Cocoa,0.0,0.0,12.03,24.5,349,0.0
4742,2022-01-07,Eastern,Maize,9.48,0.0,2.12,29.4,150,0.0
4743,2022-01-07,Eastern,Cassava,1.34,0.0,1.18,33.9,61,0.0
4744,2022-01-07,Eastern,Cocoa,6.05,0.0,11.75,28.2,382,0.0
4745,2022-01-08,Greater Accra,Maize,0.51,0.0,2.25,26.9,177,0.0
4746,2022-01-08,Greater Accra,Cassava,0.0,0.0,1.29,28.8,77,0.0
4747,2022-01-08,Greater Accra,Cocoa,1.09,0.0,10.38,32.0,272,0.0
4748,2022-01-08,Ashanti,Maize,3.67,0.0,2.02,31.7,311,0.0
4749,2022-01-08,Ashanti,Cassava,7.75,0.0,1.24,25.9,329,0.0
4750,2022-01-08,Ashanti,Cocoa,1.5,352.93,11.7,33.6,247,4129.281
4751,2022-01-08,Northern,Maize,1.43,0.0,2.24,26.7,251,0.0
4752,2022-01-08,Northern,Cassava,8.2,0.0,1.3,32.3,336,0.0
4753,2022-01-08,Northern,Cocoa,3.93,0.0,9.89,28.8,412,0.0
4754,2022-01-08,Western,Maize,0.0,1020.03,2.52,29.6,68,2570.4755999999998
4755,2022-01-08,Western,Cassava,6.16,0.0,0.94,24.4,285,0.0
4756,2022-01-08,Western,Cocoa,6.74,421.47,12.9,27.7,62,5436.963000000001
4757,2022-01-08,Eastern,Maize,7.9,0.0,2.7,33.4,59,0.0
4758,2022-01-08,Eastern,Cocoa,10.93,0.0,13.59,33.8,281,0.0
4759,2022-01-09,Greater Accra,Maize,2.06,1283.95,2.11,30.9,106,2709.1345
4760,2022-01-09,Greater Accra,Cassava,0.0,8723.54,1.36,29.7,316,11864.014400000002
4761,2022-01-09,Greater Accra,Cocoa,5.81,180.43,12.86,31.3,114,2320.3298
4762,2022-01-09,Ashanti,Cassava,2.91,0.0,1.05,27.4,396,0.0
4763,2022-01-09,Ashanti,Cocoa,4.56,363.71,14.34,27.4,389,5215.6014
4764,2022-01-09,Northern,Maize,4.66,0.0,2.08,33.4,126,0.0
4765,2022-01-09,Northern,Cocoa,2.83,0.0,12.64,24.1,67,0.0
4766,2022-01-09,Western,Maize,0.44,1833.63,2.69,30.9,216,4932.4647
4767,2022-01-09,Western,Cassava,0.0,0.0,0.96,32.6,352,0.0
4768,2022-01-09,Western,Cocoa,6.22,355.96,12.93,30.8,99,4602.5628
4769,2022-01-09,Eastern,Maize,5.04,0.0,2.16,26.9,408,0.0
4770,2022-01-09,Eastern,Cassava,0.0,0.0,1.38,27.2,105,0.0
4771,2022-01-09,Eastern,Cocoa,5.73,298.28,13.23,26.7,106,3946.2443999999996
4772,2022-01-10,Greater Accra,Maize,5.45,0.0,2.15,29.4,315,0.0
4773,2022-01-10,Greater Accra,Cassava,2.29,0.0,1.33,28.5,230,0.0
4774,2022-01-10,Greater Accra,Cocoa,8.63,0.0,11.21,28.4,367,0.0
4775,2022-01-10,Ashanti,Maize,1.32,1584.86,2.06,31.5,113,3264.8116
4776,2022-01-10,Ashanti,Cocoa,3.42,0.0,10.48,32.5,333,0.0
4777,2022-01-10,Northern,Maize,0.0,0.0,0.0,32.6,331,0.0
4778,2022-01-10,Northern,Cassava,0.0,0.0,1.34,27.0,64,0.0
4779,2022-01-10,Northern,Cocoa,1.96,0.0,13.13,30.7,183,0.0
4780,2022-01-10,Western,Maize,10.61,0.0,2.83,31.2,449,0.0
4781,2022-01-10,Western,Cassava,7.17,10197.53,1.33,32.5,496,13562.7149
4782,2022-01-10,Western,Cocoa,11.48,0.0,14.18,33.8,183,0.0
4783,2022-01-10,Eastern,Maize,5.43,1560.02,2.01,29.8,93,3135.6402
4784,2022-01-10,Eastern,Cassava,3.54,9120.7,1.3,32.1,143,11856.910000000002
4785,2022-01-10,Eastern,Cocoa,0.48,302.87,13.25,32.2,271,4013.0275
4786,2022-01-11,Greater Accra,Maize,4.4,1602.05,2.43,33.8,316,3892.9815000000003
4787,2022-01-11,Greater Accra,Cassava,4.57,0.0,1.16,32.4,239,0.0
4788,2022-01-11,Greater Accra,Cocoa,2.49,0.0,14.32,26.6,306,0.0
4789,2022-01-11,Ashanti,Maize,6.19,0.0,2.36,32.2,446,0.0
4790,2022-01-11,Ashanti,Cassava,0.99,7334.47,1.25,28.1,430,9168.0875
4791,2022-01-11,Ashanti,Cocoa,8.77,259.35,12.02,24.5,402,3117.387
4792,2022-01-11,Northern,Maize,1.55,0.0,2.76,24.1,459,0.0
4793,2022-01-11,Northern,Cassava,5.88,0.0,1.11,25.4,431,0.0
4794,2022-01-11,Northern,Cocoa,2.45,0.0,13.93,33.2,443,0.0
4795,2022-01-11,Western,Maize,5.57,1778.74,2.61,28.0,93,4642.511399999999
4796,2022-01-11,Western,Cassava,5.17,8016.66,1.12,24.4,115,8978.6592
4797,2022-01-11,Western,Cocoa,8.54,0.0,12.04,32.2,89,0.0
4798,2022-01-11,Eastern,Maize,0.0,1584.93,2.23,24.3,361,3534.3939
4799,2022-01-11,Eastern,Cassava,7.71,9071.73,1.05,34.0,110,9525.3165
4800,2022-01-12,Greater Accra,Maize,8.18,0.0,2.41,33.8,130,0.0
4801,2022-01-12,Greater Accra,Cassava,0.0,8603.79,1.1,24.5,111,9464.169000000002
4802,2022-01-12,Greater Accra,Cocoa,4.06,0.0,9.99,29.8,110,0.0
4803,2022-01-12,Ashanti,Maize,2.88,0.0,2.28,28.3,452,0.0
4804,2022-01-12,Ashanti,Cassava,7.71,0.0,1.12,31.4,220,0.0
4805,2022-01-12,Ashanti,Cocoa,4.06,0.0,12.45,32.6,369,0.0
4806,2022-01-12,Northern,Maize,0.04,0.0,2.77,24.3,174,0.0
4807,2022-01-12,Northern,Cassava,3.16,0.0,1.34,24.7,88,0.0
4808,2022-01-12,Northern,Cocoa,0.0,232.0,11.53,29.3,300,2674.96
4809,2022-01-12,Western,Maize,2.3,0.0,2.29,25.5,304,0.0
4810,2022-01-12,Western,Cassava,0.0,0.0,1.07,32.6,256,0.0
4811,2022-01-12,Eastern,Maize,0.9,0.0,2.67,31.0,312,0.0
4812,2022-01-12,Eastern,Cassava,2.08,0.0,1.29,33.5,439,0.0
4813,2022-01-12,Eastern,Cocoa,3.08,0.0,13.33,25.9,330,0.0
4814,2022-01-13,Greater Accra,Maize,5.54,0.0,2.03,26.4,58,0.0
4815,2022-01-13,Greater Accra,Cassava,0.31,8187.75,1.25,29.6,236,10234.6875
4816,2022-01-13,Greater Accra,Cocoa,0.91,0.0,12.81,27.6,185,0.0
4817,2022-01-13,Ashanti,Maize,4.55,1135.6,2.65,25.5,322,3009.3399999999997
4818,2022-01-13,Ashanti,Cassava,3.52,0.0,1.34,27.7,373,0.0
4819,2022-01-13,Ashanti,Cocoa,9.66,0.0,10.67,25.8,406,0.0
4820,2022-01-13,Northern,Maize,9.27,0.0,2.08,31.1,353,0.0
4821,2022-01-13,Northern,Cassava,5.33,0.0,1.05,25.6,189,0.0
4822,2022-01-13,Northern,Cocoa,3.35,0.0,13.79,25.2,459,0.0
4823,2022-01-13,Western,Maize,2.73,0.0,2.64,30.6,111,0.0
4824,2022-01-13,Western,Cocoa,0.0,0.0,13.75,27.9,423,0.0
4825,2022-01-13,Eastern,Maize,0.0,1020.55,2.29,28.1,245,2337.0595
4826,2022-01-13,Eastern,Cassava,0.88,0.0,1.0,30.8,71,0.0
4827,2022-01-13,Eastern,Cocoa,6.96,224.65,9.95,28.7,371,2235.2675
4828,2022-01-14,Greater Accra,Maize,0.0,0.0,2.22,30.4,188,0.0
4829,2022-01-14,Greater Accra,Cassava,8.45,0.0,1.18,29.9,114,0.0
4830,2022-01-14,Greater Accra,Cocoa,0.0,0.0,14.29,24.3,328,0.0
4831,2022-01-14,Ashanti,Maize,5.42,1931.63,2.18,27.8,233,4210.9534
4832,2022-01-14,Ashanti,Cassava,0.0,7250.75,1.3,25.3,303,9425.975
4833,2022-01-14,Northern,Maize,4.17,0.0,2.57,27.8,59,0.0
4834,2022-01-14,Northern,Cassava,4.03,0.0,1.14,25.0,419,0.0
4835,2022-01-14,Northern,Cocoa,0.92,0.0,13.28,31.4,404,0.0
4836,2022-01-14,Western,Cassava,15.73,0.0,1.11,32.1,464,0.0
4837,2022-01-14,Western,Cocoa,5.83,325.69,12.41,29.1,174,4041.8129
4838,2022-01-14,Eastern,Maize,9.42,1810.08,1.97,31.1,252,3565.8576
4839,2022-01-14,Eastern,Cassava,3.99,0.0,1.11,29.5,341,0.0
4840,2022-01-14,Eastern,Cocoa,8.36,0.0,13.13,26.8,233,0.0
4841,2022-01-15,Greater Accra,Cassava,1.77,0.0,1.23,27.7,189,0.0
4842,2022-01-15,Greater Accra,Cocoa,0.68,184.01,13.69,32.7,294,2519.0969
4843,2022-01-15,Ashanti,Cassava,4.66,0.0,0.98,25.9,294,0.0
4844,2022-01-15,Ashanti,Cocoa,3.35,0.0,12.41,27.0,69,0.0
4845,2022-01-15,Northern,Maize,0.0,1720.57,2.61,25.7,485,4490.6876999999995
4846,2022-01-15,Northern,Cassava,5.95,0.0,1.26,31.8,294,0.0
4847,2022-01-15,Western,Maize,2.41,0.0,2.68,28.8,158,0.0
4848,2022-01-15,Western,Cassava,8.04,0.0,1.32,31.4,495,0.0
4849,2022-01-15,Western,Cocoa,0.0,0.0,0.0,24.5,313,0.0
4850,2022-01-15,Eastern,Maize,7.36,1517.43,2.79,26.0,219,4233.6297
4851,2022-01-15,Eastern,Cassava,0.0,0.0,1.05,29.3,279,0.0
4852,2022-01-15,Eastern,Cocoa,3.33,0.0,11.96,32.2,172,0.0
4853,2022-01-16,Greater Accra,Maize,4.25,0.0,2.84,25.8,342,0.0
4854,2022-01-16,Greater Accra,Cocoa,0.0,0.0,13.86,30.5,360,0.0
4855,2022-01-16,Ashanti,Maize,0.16,0.0,2.44,33.1,221,0.0
4856,2022-01-16,Ashanti,Cassava,7.07,0.0,1.02,29.7,415,0.0
4857,2022-01-16,Ashanti,Cocoa,1.75,0.0,10.15,30.4,144,0.0
4858,2022-01-16,Northern,Maize,7.12,1306.82,2.12,25.4,147,2770.4584
4859,2022-01-16,Northern,Cassava,2.1,0.0,1.22,32.3,309,0.0
4860,2022-01-16,Northern,Cocoa,2.83,0.0,10.05,32.8,113,0.0
4861,2022-01-16,Western,Maize,12.78,0.0,2.52,31.4,266,0.0
4862,2022-01-16,Western,Cassava,1.71,0.0,1.01,30.2,263,0.0
4863,2022-01-16,Western,Cocoa,8.6,0.0,10.32,28.4,421,0.0
4864,2022-01-16,Eastern,Maize,13.91,1415.19,2.55,29.0,386,3608.7345
4865,2022-01-16,Eastern,Cassava,6.01,0.0,1.15,31.4,144,0.0
4866,2022-01-16,Eastern,Cocoa,6.83,0.0,14.33,25.0,84,0.0
4867,2022-01-17,Greater Accra,Maize,3.36,1346.52,2.74,31.4,328,3689.4648
4868,2022-01-17,Greater Accra,Cassava,0.0,0.0,1.21,31.7,261,0.0
4869,2022-01-17,Greater Accra,Cocoa,7.23,0.0,12.64,27.4,383,0.0
4870,2022-01-17,Ashanti,Maize,0.0,0.0,2.51,27.5,383,0.0
4871,2022-01-17,Northern,Maize,4.46,0.0,2.6,33.5,371,0.0
4872,2022-01-17,Northern,Cassava,2.56,0.0,0.95,33.6,231,0.0
4873,2022-01-17,Northern,Cocoa,7.47,0.0,11.66,33.7,239,0.0
4874,2022-01-17,Western,Maize,2.81,0.0,2.86,27.1,465,0.0
4875,2022-01-17,Western,Cassava,0.0,0.0,1.12,31.1,386,0.0
4876,2022-01-17,Western,Cocoa,14.33,0.0,10.62,31.0,374,0.0
4877,2022-01-17,Eastern,Maize,6.6,1278.67,2.37,30.7,367,3030.4479
4878,2022-01-17,Eastern,Cassava,1.83,0.0,1.19,28.7,60,0.0
4879,2022-01-17,Eastern,Cocoa,1.68,0.0,11.07,28.9,176,0.0
4880,2022-01-18,Greater Accra,Maize,0.0,1072.64,2.54,25.9,63,2724.5056000000004
4881,2022-01-18,Greater Accra,Cassava,5.77,0.0,1.3,28.2,395,0.0
4882,2022-01-18,Greater Accra,Cocoa,0.0,0.0,10.63,26.8,429,0.0
4883,2022-01-18,Ashanti,Maize,0.0,0.0,2.54,29.3,266,0.0
4884,2022-01-18,Ashanti,Cassava,4.38,11158.37,1.12,28.7,481,12497.374400000002
4885,2022-01-18,Northern,Maize,2.32,0.0,2.37,27.5,111,0.0
4886,2022-01-18,Northern,Cassava,2.14,0.0,1.31,31.1,109,0.0
4887,2022-01-18,Northern,Cocoa,0.0,203.15,10.76,27.6,285,2185.8940000000002
4888,2022-01-18,Western,Cassava,6.84,0.0,1.2,25.2,338,0.0
4889,2022-01-18,Western,Cocoa,5.42,413.39,9.85,26.2,216,4071.8914999999997
4890,2022-01-18,Eastern,Maize,2.49,0.0,2.13,27.4,286,0.0
4891,2022-01-18,Eastern,Cassava,3.52,0.0,1.14,29.7,290,0.0
4892,2022-01-19,Greater Accra,Maize,0.0,0.0,2.03,30.7,147,0.0
4893,2022-01-19,Greater Accra,Cassava,0.0,7391.48,1.11,32.7,200,8204.542800000001
4894,2022-01-19,Greater Accra,Cocoa,0.0,0.0,9.76,27.3,181,0.0
4895,2022-01-19,Ashanti,Maize,4.09,0.0,2.28,30.1,454,0.0
4896,2022-01-19,Ashanti,Cassava,1.4,9079.43,0.94,31.1,190,8534.6642
4897,2022-01-19,Ashanti,Cocoa,6.94,299.63,11.17,28.0,169,3346.8671
4898,2022-01-19,Northern,Cassava,5.57,8748.6,1.24,24.1,361,10848.264000000001
4899,2022-01-19,Northern,Cocoa,1.14,0.0,10.81,28.4,386,0.0
4900,2022-01-19,Western,Maize,5.71,1440.31,2.13,25.1,456,3067.8603
4901,2022-01-19,Western,Cassava,7.81,13178.65,1.01,30.7,329,13310.4365
4902,2022-01-19,Western,Cocoa,11.97,406.77,13.62,33.0,225,5540.207399999999
4903,2022-01-19,Eastern,Maize,1.81,1214.04,2.54,29.0,397,3083.6616
4904,2022-01-19,Eastern,Cassava,8.72,0.0,1.03,31.0,266,0.0
4905,2022-01-19,Eastern,Cocoa,12.84,0.0,14.2,26.2,66,0.0
4906,2022-01-20,Greater Accra,Maize,0.0,0.0,2.03,26.0,252,0.0
4907,2022-01-20,Greater Accra,Cassava,2.22,6071.33,0.94,31.1,289,5707.0502
4908,2022-01-20,Greater Accra,Cocoa,3.17,0.0,11.92,26.8,360,0.0
4909,2022-01-20,Ashanti,Maize,0.0,1146.78,2.21,24.1,492,2534.3838
4910,2022-01-20,Ashanti,Cassava,7.98,0.0,1.22,29.6,332,0.0
4911,2022-01-20,Ashanti,Cocoa,9.75,0.0,13.9,24.1,145,0.0
4912,2022-01-20,Northern,Maize,0.0,985.25,2.15,28.9,408,2118.2875
4913,2022-01-20,Northern,Cassava,5.24,0.0,0.97,32.5,197,0.0
4914,2022-01-20,Northern,Cocoa,0.0,186.35,13.91,25.7,416,2592.1285
4915,2022-01-20,Western,Maize,5.45,0.0,2.61,26.8,299,0.0
4916,2022-01-20,Western,Cassava,0.62,0.0,1.08,33.1,256,0.0
4917,2022-01-20,Western,Cocoa,8.39,255.34,12.47,31.4,276,3184.0898
4918,2022-01-20,Eastern,Maize,7.1,0.0,2.67,30.7,152,0.0
4919,2022-01-20,Eastern,Cassava,1.75,0.0,0.99,32.9,226,0.0
4920,2022-01-20,Eastern,Cocoa,0.0,252.4,11.7,28.5,264,2953.08
4921,2022-01-21,Greater Accra,Maize,5.06,1494.7,2.37,30.9,269,3542.4390000000003
4922,2022-01-21,Greater Accra,Cassava,1.66,0.0,1.02,33.4,295,0.0
4923,2022-01-21,Greater Accra,Cocoa,6.44,303.6,10.74,24.3,454,3260.664
4924,2022-01-21,Ashanti,Maize,9.62,0.0,2.73,27.5,130,0.0
4925,2022-01-21,Ashanti,Cassava,7.52,0.0,1.37,29.4,164,0.0
4926,2022-01-21,Ashanti,Cocoa,14.77,322.36,11.5,31.3,168,3707.1400000000003
4927,2022-01-21,Northern,Maize,4.43,0.0,2.55,32.4,76,0.0
4928,2022-01-21,Northern,Cassava,2.47,0.0,1.24,25.3,131,0.0
4929,2022-01-21,Northern,Cocoa,1.65,206.26,13.58,33.2,186,2801.0108
4930,2022-01-21,Western,Maize,1.08,0.0,2.32,24.7,141,0.0
4931,2022-01-21,Western,Cassava,4.47,11222.26,1.31,31.7,415,14701.160600000001
4932,2022-01-21,Eastern,Cassava,0.73,0.0,1.26,25.9,101,0.0
4933,2022-01-21,Eastern,Cocoa,0.0,284.29,10.86,32.4,60,3087.3894
4934,2022-01-22,Greater Accra,Maize,0.0,0.0,2.45,28.8,399,0.0
4935,2022-01-22,Greater Accra,Cassava,0.96,0.0,0.97,26.4,375,0.0
4936,2022-01-22,Greater Accra,Cocoa,7.03,313.18,10.65,32.6,95,3335.367
4937,2022-01-22,Ashanti,Cassava,3.55,0.0,1.07,24.9,494,0.0
4938,2022-01-22,Northern,Maize,3.45,0.0,2.03,24.6,167,0.0
4939,2022-01-22,Northern,Cassava,7.46,0.0,1.12,27.9,247,0.0
4940,2022-01-22,Northern,Cocoa,1.89,0.0,10.86,27.1,293,0.0
4941,2022-01-22,Western,Maize,4.83,1660.15,2.86,31.2,306,4748.029
4942,2022-01-22,Western,Cocoa,7.03,0.0,13.17,32.4,370,0.0
4943,2022-01-22,Eastern,Maize,0.0,0.0,2.45,24.2,303,0.0
4944,2022-01-22,Eastern,Cassava,0.41,0.0,1.34,25.0,188,0.0
4945,2022-01-22,Eastern,Cocoa,2.28,0.0,11.05,33.9,125,0.0
4946,2022-01-23,Greater Accra,Maize,3.05,892.83,2.61,32.5,275,2330.2863
4947,2022-01-23,Greater Accra,Cassava,1.55,0.0,0.94,24.1,241,0.0
4948,2022-01-23,Greater Accra,Cocoa,4.33,0.0,13.62,30.5,130,0.0
4949,2022-01-23,Ashanti,Maize,10.13,1350.01,2.39,25.3,117,3226.5239
4950,2022-01-23,Ashanti,Cocoa,0.0,339.17,14.2,31.0,435,4816.214
4951,2022-01-23,Northern,Maize,3.24,985.19,2.32,33.4,449,2285.6408
4952,2022-01-23,Northern,Cassava,2.92,0.0,1.08,30.7,287,0.0
4953,2022-01-23,Northern,Cocoa,2.93,0.0,13.86,25.3,175,0.0
4954,2022-01-23,Western,Maize,8.64,2413.0,2.79,24.4,190,6732.27
4955,2022-01-23,Western,Cassava,10.76,8037.11,1.32,26.2,107,10608.9852
4956,2022-01-23,Western,Cocoa,11.75,0.0,13.87,28.6,146,0.0
4957,2022-01-23,Eastern,Maize,2.27,0.0,2.16,27.6,384,0.0
4958,2022-01-23,Eastern,Cassava,7.14,0.0,1.15,30.0,355,0.0
4959,2022-01-23,Eastern,Cocoa,10.6,0.0,10.01,24.4,265,0.0
4960,2022-01-24,Greater Accra,Maize,0.0,0.0,2.57,30.5,350,0.0
4961,2022-01-24,Greater Accra,Cassava,5.01,5456.13,1.36,33.8,128,7420.336800000001
4962,2022-01-24,Ashanti,Maize,7.57,0.0,2.62,32.3,237,0.0
4963,2022-01-24,Ashanti,Cassava,7.24,0.0,1.0,30.0,270,0.0
4964,2022-01-24,Ashanti,Cocoa,9.92,0.0,13.34,30.7,417,0.0
4965,2022-01-24,Northern,Maize,3.47,0.0,2.34,27.2,354,0.0
4966,2022-01-24,Northern,Cassava,5.26,0.0,1.36,32.0,491,0.0
4967,2022-01-24,Northern,Cocoa,2.47,0.0,13.24,28.1,76,0.0
4968,2022-01-24,Western,Cassava,0.0,0.0,1.16,28.9,308,0.0
4969,2022-01-24,Western,Cocoa,2.23,248.27,13.43,33.5,133,3334.2661000000003
4970,2022-01-24,Eastern,Maize,2.22,0.0,2.63,32.5,135,0.0
4971,2022-01-24,Eastern,Cassava,0.11,7549.67,1.01,32.9,473,7625.1667
4972,2022-01-24,Eastern,Cocoa,1.6,0.0,11.44,30.6,270,0.0
4973,2022-01-25,Greater Accra,Maize,0.0,0.0,2.18,28.8,264,0.0
4974,2022-01-25,Greater Accra,Cassava,3.8,7885.95,0.98,31.0,160,7728.231
4975,2022-01-25,Greater Accra,Cocoa,3.51,0.0,12.07,32.5,163,0.0
4976,2022-01-25,Ashanti,Maize,5.51,0.0,2.46,28.5,216,0.0
4977,2022-01-25,Ashanti,Cocoa,1.38,263.51,13.81,28.1,123,3639.0731
4978,2022-01-25,Northern,Maize,3.45,927.81,2.8,30.6,238,2597.8679999999995
4979,2022-01-25,Northern,Cassava,0.0,0.0,1.19,25.9,91,0.0
4980,2022-01-25,Northern,Cocoa,0.0,191.53,13.41,25.8,166,2568.4173
4981,2022-01-25,Western,Maize,2.53,1374.92,2.59,24.0,384,3561.0428
4982,2022-01-25,Western,Cassava,0.0,0.0,1.31,24.0,306,0.0
4983,2022-01-25,Western,Cocoa,4.62,331.32,13.04,27.7,129,4320.4128
4984,2022-01-25,Eastern,Maize,12.87,2202.59,2.76,31.0,202,6079.1484
4985,2022-01-25,Eastern,Cassava,1.22,0.0,1.33,29.2,140,0.0
4986,2022-01-25,Eastern,Cocoa,3.61,0.0,13.89,24.6,210,0.0
4987,2022-01-26,Greater Accra,Maize,6.27,0.0,2.38,29.1,468,0.0
4988,2022-01-26,Greater Accra,Cassava,0.0,0.0,1.33,24.6,372,0.0
4989,2022-01-26,Greater Accra,Cocoa,2.27,0.0,13.98,28.0,101,0.0
4990,2022-01-26,Ashanti,Cocoa,0.0,304.42,10.74,30.7,254,3269.4708
4991,2022-01-26,Northern,Maize,0.52,0.0,2.35,24.1,273,0.0
4992,2022-01-26,Northern,Cassava,5.51,0.0,1.09,30.0,373,0.0
4993,2022-01-26,Northern,Cocoa,1.91,181.34,10.1,31.4,351,1831.5339999999999
4994,2022-01-26,Western,Maize,11.76,1683.45,2.18,24.6,169,3669.9210000000003
4995,2022-01-26,Western,Cassava,8.15,0.0,0.98,29.9,411,0.0
4996,2022-01-26,Western,Cocoa,10.19,0.0,12.68,28.4,72,0.0
4997,2022-01-26,Eastern,Maize,6.03,0.0,2.73,28.6,461,0.0
4998,2022-01-26,Eastern,Cassava,8.26,0.0,1.3,24.3,498,0.0
4999,2022-01-26,Eastern,Cocoa,4.39,0.0,11.78,33.5,134,0.0
5000,2022-01-27,Greater Accra,Maize,5.16,0.0,1.97,31.2,163,0.0
5001,2022-01-27,Greater Accra,Cassava,4.57,8077.49,0.0,31.4,404,0.0
5002,2022-01-27,Greater Accra,Cocoa,4.46,0.0,11.26,26.5,130,0.0
5003,2022-01-27,Ashanti,Maize,4.52,0.0,2.29,27.0,456,0.0
5004,2022-01-27,Ashanti,Cassava,10.87,0.0,1.02,26.8,160,0.0
5005,2022-01-27,Ashanti,Cocoa,5.95,0.0,12.18,24.3,121,0.0
5006,2022-01-27,Northern,Maize,0.0,0.0,2.23,33.3,109,0.0
5007,2022-01-27,Northern,Cassava,6.41,0.0,1.03,26.4,472,0.0
5008,2022-01-27,Northern,Cocoa,10.55,0.0,12.55,28.2,479,0.0
5009,2022-01-27,Western,Maize,2.65,0.0,2.62,29.7,357,0.0
5010,2022-01-27,Western,Cassava,8.19,0.0,1.14,27.4,199,0.0
5011,2022-01-27,Eastern,Maize,4.13,0.0,2.64,29.7,111,0.0
5012,2022-01-27,Eastern,Cassava,1.91,0.0,0.97,31.0,304,0.0
5013,2022-01-28,Greater Accra,Maize,3.41,0.0,1.96,27.3,195,0.0
5014,2022-01-28,Greater Accra,Cassava,2.77,7723.24,0.99,29.0,328,7646.0076
5015,2022-01-28,Greater Accra,Cocoa,8.61,0.0,14.1,26.6,445,0.0
5016,2022-01-28,Ashanti,Maize,5.98,0.0,2.51,32.5,159,0.0
5017,2022-01-28,Ashanti,Cassava,3.11,0.0,0.99,25.3,361,0.0
5018,2022-01-28,Ashanti,Cocoa,0.0,0.0,13.79,31.3,123,0.0
5019,2022-01-28,Northern,Maize,7.89,0.0,2.86,25.4,157,0.0
5020,2022-01-28,Northern,Cassava,0.0,0.0,1.36,24.5,435,0.0
5021,2022-01-28,Northern,Cocoa,0.21,0.0,14.21,29.6,321,0.0
5022,2022-01-28,Western,Maize,0.0,1413.84,2.75,25.2,391,3888.06
5023,2022-01-28,Western,Cassava,8.69,11137.17,0.98,31.7,430,10914.4266
5024,2022-01-28,Western,Cocoa,1.28,285.08,10.17,32.9,310,2899.2635999999998
5025,2022-01-28,Eastern,Maize,5.06,0.0,1.96,28.0,368,0.0
5026,2022-01-28,Eastern,Cocoa,3.46,0.0,12.21,26.0,349,0.0
5027,2022-01-29,Greater Accra,Maize,10.46,1344.21,2.81,26.9,318,3777.2301
5028,2022-01-29,Greater Accra,Cassava,7.62,0.0,1.32,29.9,168,0.0
5029,2022-01-29,Greater Accra,Cocoa,0.0,0.0,11.49,28.9,350,0.0
5030,2022-01-29,Ashanti,Maize,8.44,0.0,2.12,25.7,312,0.0
5031,2022-01-29,Ashanti,Cassava,1.25,0.0,0.94,31.8,438,0.0
5032,2022-01-29,Ashanti,Cocoa,8.1,0.0,10.2,30.4,496,0.0
5033,2022-01-29,Northern,Maize,7.89,1305.38,2.06,31.6,103,2689.0828
5034,2022-01-29,Northern,Cassava,10.21,0.0,1.07,27.5,457,0.0
5035,2022-01-29,Northern,Cocoa,4.07,0.0,13.93,24.1,82,0.0
5036,2022-01-29,Western,Maize,5.24,0.0,2.74,27.4,169,0.0
5037,2022-01-29,Western,Cassava,11.09,0.0,1.1,24.4,135,0.0
5038,2022-01-29,Western,Cocoa,9.58,302.07,10.72,24.0,180,3238.1904
5039,2022-01-29,Eastern,Maize,1.62,1000.97,2.6,27.9,222,2602.522
5040,2022-01-29,Eastern,Cassava,8.78,0.0,1.07,29.4,61,0.0
5041,2022-01-29,Eastern,Cocoa,4.47,239.17,11.72,33.6,433,2803.0724
5042,2022-01-30,Greater Accra,Cassava,0.0,0.0,1.08,31.9,452,0.0
5043,2022-01-30,Greater Accra,Cocoa,7.77,325.77,10.67,31.4,78,3475.9658999999997
5044,2022-01-30,Ashanti,Maize,12.64,2222.27,2.81,31.5,437,6244.5787
5045,2022-01-30,Ashanti,Cocoa,8.61,0.0,13.19,33.4,447,0.0
5046,2022-01-30,Northern,Cocoa,2.65,0.0,14.13,29.1,413,0.0
5047,2022-01-30,Western,Maize,1.36,0.0,2.79,28.5,323,0.0
5048,2022-01-30,Western,Cassava,6.41,11811.7,1.2,32.9,131,14174.04
5049,2022-01-30,Eastern,Maize,13.73,0.0,2.42,32.4,248,0.0
5050,2022-01-30,Eastern,Cassava,2.14,6017.33,1.03,24.4,236,6197.8499
5051,2022-01-30,Eastern,Cocoa,5.76,218.75,12.11,33.9,383,2649.0625
5052,2022-01-31,Greater Accra,Maize,8.35,1510.27,2.23,33.3,60,3367.9021
5053,2022-01-31,Greater Accra,Cocoa,2.89,0.0,10.05,26.3,340,0.0
5054,2022-01-31,Ashanti,Maize,6.89,0.0,2.4,30.5,333,0.0
5055,2022-01-31,Ashanti,Cassava,2.95,0.0,1.07,24.4,132,0.0
5056,2022-01-31,Ashanti,Cocoa,10.81,341.21,13.13,32.7,94,4480.0873
5057,2022-01-31,Northern,Maize,6.58,0.0,2.07,30.1,72,0.0
5058,2022-01-31,Northern,Cassava,5.23,8543.74,1.06,27.6,108,9056.3644
5059,2022-01-31,Northern,Cocoa,11.27,327.25,13.55,27.9,208,4434.2375
5060,2022-01-31,Western,Maize,0.0,0.0,2.61,31.2,418,0.0
5061,2022-01-31,Western,Cassava,11.66,0.0,0.95,25.6,296,0.0
5062,2022-01-31,Western,Cocoa,3.04,0.0,11.66,27.8,457,0.0
5063,2022-01-31,Eastern,Maize,2.01,1737.25,1.97,33.3,482,3422.3825
5064,2022-01-31,Eastern,Cocoa,4.73,0.0,11.75,29.2,386,0.0
5065,2022-02-01,Greater Accra,Maize,6.85,1485.25,2.87,31.9,259,4262.6675000000005
5066,2022-02-01,Greater Accra,Cassava,2.4,0.0,1.36,29.7,398,0.0
5067,2022-02-01,Greater Accra,Cocoa,5.16,0.0,14.2,24.9,155,0.0
5068,2022-02-01,Ashanti,Cassava,3.89,0.0,1.0,29.4,314,0.0
5069,2022-02-01,Northern,Maize,0.67,0.0,2.38,30.4,192,0.0
5070,2022-02-01,Northern,Cassava,0.0,5403.02,1.19,32.8,81,6429.593800000001
5071,2022-02-01,Northern,Cocoa,4.85,0.0,9.89,30.3,396,0.0
5072,2022-02-01,Western,Cocoa,2.44,0.0,11.56,33.2,331,0.0
5073,2022-02-01,Eastern,Maize,5.25,1205.43,2.27,33.5,303,2736.3261
5074,2022-02-01,Eastern,Cassava,2.98,0.0,1.0,26.9,409,0.0
5075,2022-02-01,Eastern,Cocoa,7.39,0.0,14.18,31.9,165,0.0
5076,2022-02-02,Greater Accra,Maize,0.41,0.0,2.33,29.1,406,0.0
5077,2022-02-02,Greater Accra,Cassava,4.49,0.0,1.24,26.0,144,0.0
5078,2022-02-02,Greater Accra,Cocoa,0.0,282.57,14.25,28.6,419,4026.6225
5079,2022-02-02,Ashanti,Maize,0.0,0.0,2.68,27.2,314,0.0
5080,2022-02-02,Ashanti,Cassava,7.34,0.0,1.04,26.8,360,0.0
5081,2022-02-02,Ashanti,Cocoa,3.87,0.0,13.67,31.3,410,0.0
5082,2022-02-02,Northern,Maize,2.23,0.0,2.5,29.5,281,0.0
5083,2022-02-02,Northern,Cassava,2.47,6747.23,1.08,29.1,366,7287.0084
5084,2022-02-02,Northern,Cocoa,1.21,0.0,10.43,27.6,291,0.0
5085,2022-02-02,Western,Maize,11.01,2510.64,2.49,32.5,182,6251.4936
5086,2022-02-02,Western,Cassava,11.28,0.0,1.03,24.2,185,0.0
5087,2022-02-02,Western,Cocoa,0.0,0.0,13.14,24.8,437,0.0
5088,2022-02-02,Eastern,Maize,2.65,0.0,2.17,25.1,306,0.0
5089,2022-02-02,Eastern,Cocoa,8.96,313.45,14.12,33.8,250,4425.914
5090,2022-02-03,Greater Accra,Maize,5.2,0.0,2.52,32.5,60,0.0
5091,2022-02-03,Greater Accra,Cassava,5.46,0.0,1.33,33.6,119,0.0
5092,2022-02-03,Greater Accra,Cocoa,0.0,0.0,10.93,26.0,354,0.0
5093,2022-02-03,Ashanti,Cassava,5.01,0.0,1.09,30.7,484,0.0
5094,2022-02-03,Ashanti,Cocoa,0.0,0.0,10.54,27.9,188,0.0
5095,2022-02-03,Northern,Maize,1.23,0.0,2.65,30.4,258,0.0
5096,2022-02-03,Northern,Cassava,3.81,0.0,1.25,30.9,173,0.0
5097,2022-02-03,Western,Maize,7.34,0.0,2.24,28.3,251,0.0
5098,2022-02-03,Western,Cassava,7.82,0.0,1.32,27.4,319,0.0
5099,2022-02-03,Eastern,Maize,7.14,0.0,2.78,29.1,363,0.0
5100,2022-02-03,Eastern,Cassava,1.3,0.0,1.27,29.4,197,0.0
5101,2022-02-03,Eastern,Cocoa,6.44,0.0,13.06,32.1,285,0.0
5102,2022-02-04,Greater Accra,Maize,0.67,1290.61,0.0,33.0,71,0.0
5103,2022-02-04,Greater Accra,Cassava,3.94,7502.66,1.01,32.9,213,7577.6866
5104,2022-02-04,Greater Accra,Cocoa,2.98,0.0,13.43,31.6,245,0.0
5105,2022-02-04,Ashanti,Maize,3.6,1547.01,2.1,30.9,214,3248.721
5106,2022-02-04,Ashanti,Cassava,2.73,0.0,0.94,27.3,479,0.0
5107,2022-02-04,Ashanti,Cocoa,0.49,0.0,10.87,26.0,149,0.0
5108,2022-02-04,Northern,Maize,3.25,0.0,2.37,30.8,371,0.0
5109,2022-02-04,Northern,Cassava,3.88,0.0,1.09,27.0,227,0.0
5110,2022-02-04,Northern,Cocoa,1.69,0.0,11.08,25.4,185,0.0
5111,2022-02-04,Western,Maize,7.62,0.0,2.24,26.3,336,0.0
5112,2022-02-04,Western,Cassava,0.0,0.0,1.09,26.4,420,0.0
5113,2022-02-04,Western,Cocoa,2.75,243.55,10.01,30.2,366,2437.9355
5114,2022-02-04,Eastern,Maize,7.99,0.0,2.42,25.4,149,0.0
5115,2022-02-04,Eastern,Cassava,8.85,0.0,1.29,31.7,370,0.0
5116,2022-02-04,Eastern,Cocoa,0.0,0.0,9.84,31.3,262,0.0
5117,2022-02-05,Greater Accra,Maize,4.37,1301.95,2.41,26.9,94,3137.6995
5118,2022-02-05,Greater Accra,Cassava,3.13,0.0,1.23,28.2,57,0.0
5119,2022-02-05,Ashanti,Maize,4.94,2060.15,2.36,33.9,447,4861.954
5120,2022-02-05,Ashanti,Cassava,2.83,0.0,1.24,25.1,341,0.0
5121,2022-02-05,Ashanti,Cocoa,4.25,239.72,11.94,28.5,295,2862.2567999999997
5122,2022-02-05,Northern,Maize,4.48,941.4,2.48,32.6,124,2334.672
5123,2022-02-05,Northern,Cassava,2.25,0.0,1.08,24.9,115,0.0
5124,2022-02-05,Northern,Cocoa,7.43,0.0,14.27,28.3,423,0.0
5125,2022-02-05,Western,Cassava,2.19,6533.0,1.12,24.3,432,7316.960000000001
5126,2022-02-05,Western,Cocoa,1.58,0.0,9.86,31.9,257,0.0
5127,2022-02-05,Eastern,Maize,1.66,0.0,2.37,26.3,350,0.0
5128,2022-02-05,Eastern,Cassava,0.0,0.0,1.2,29.9,239,0.0
5129,2022-02-05,Eastern,Cocoa,7.05,0.0,10.86,32.4,493,0.0
5130,2022-02-06,Greater Accra,Maize,2.71,0.0,2.67,32.3,376,0.0
5131,2022-02-06,Greater Accra,Cassava,2.77,0.0,1.05,33.8,172,0.0
5132,2022-02-06,Greater Accra,Cocoa,3.79,0.0,12.21,26.4,108,0.0
5133,2022-02-06,Ashanti,Maize,6.03,2104.46,2.1,31.0,424,4419.366
5134,2022-02-06,Ashanti,Cassava,9.21,0.0,1.06,29.7,50,0.0
5135,2022-02-06,Ashanti,Cocoa,12.44,0.0,13.12,33.6,491,0.0
5136,2022-02-06,Northern,Maize,4.42,0.0,2.47,27.2,423,0.0
5137,2022-02-06,Northern,Cassava,1.82,0.0,1.12,32.5,67,0.0
5138,2022-02-06,Northern,Cocoa,3.69,190.93,13.83,26.8,164,2640.5619
5139,2022-02-06,Western,Maize,12.02,0.0,2.3,28.6,458,0.0
5140,2022-02-06,Western,Cassava,4.11,8253.95,1.28,28.2,419,10565.056
5141,2022-02-06,Eastern,Maize,2.12,0.0,2.39,30.0,65,0.0
5142,2022-02-07,Greater Accra,Maize,2.96,1036.03,2.03,32.8,439,2103.1409
5143,2022-02-07,Greater Accra,Cocoa,3.66,0.0,12.06,33.1,481,0.0
5144,2022-02-07,Ashanti,Maize,7.25,0.0,2.64,27.2,393,0.0
5145,2022-02-07,Ashanti,Cassava,0.68,6044.36,0.99,30.9,159,5983.9164
5146,2022-02-07,Ashanti,Cocoa,0.56,284.39,13.04,30.6,189,3708.4455999999996
5147,2022-02-07,Northern,Maize,3.49,0.0,2.66,32.4,305,0.0
5148,2022-02-07,Northern,Cassava,2.1,0.0,0.99,28.0,275,0.0
5149,2022-02-07,Northern,Cocoa,0.0,185.03,11.5,24.9,74,2127.845
5150,2022-02-07,Western,Maize,0.09,0.0,2.69,27.7,436,0.0
5151,2022-02-07,Western,Cassava,10.68,7796.92,1.23,33.6,452,9590.2116
5152,2022-02-07,Western,Cocoa,17.06,0.0,14.13,27.3,94,0.0
5153,2022-02-07,Eastern,Maize,4.72,0.0,2.75,25.1,454,0.0
5154,2022-02-07,Eastern,Cassava,4.43,0.0,0.95,31.3,385,0.0
5155,2022-02-07,Eastern,Cocoa,4.29,0.0,13.77,30.8,348,0.0
5156,2022-02-08,Greater Accra,Maize,0.0,0.0,2.33,29.7,413,0.0
5157,2022-02-08,Greater Accra,Cassava,6.08,8093.43,1.02,31.1,428,8255.2986
5158,2022-02-08,Greater Accra,Cocoa,6.68,0.0,13.4,32.1,443,0.0
5159,2022-02-08,Ashanti,Cassava,5.77,0.0,1.1,24.1,331,0.0
5160,2022-02-08,Ashanti,Cocoa,5.4,0.0,10.15,30.1,139,0.0
5161,2022-02-08,Northern,Cassava,0.0,0.0,1.37,31.7,355,0.0
5162,2022-02-08,Northern,Cocoa,0.0,0.0,10.36,27.9,378,0.0
5163,2022-02-08,Western,Maize,10.17,0.0,1.96,25.1,51,0.0
5164,2022-02-08,Western,Cassava,1.09,7090.4,1.02,28.2,243,7232.208
5165,2022-02-08,Western,Cocoa,15.38,396.57,11.13,28.9,389,4413.8241
5166,2022-02-08,Eastern,Maize,4.14,0.0,2.4,29.9,84,0.0
5167,2022-02-08,Eastern,Cocoa,4.67,223.74,11.08,31.0,210,2479.0392
5168,2022-02-09,Greater Accra,Maize,5.51,0.0,2.07,28.4,359,0.0
5169,2022-02-09,Greater Accra,Cassava,7.07,0.0,1.23,27.1,313,0.0
5170,2022-02-09,Ashanti,Maize,5.09,0.0,2.4,33.3,350,0.0
5171,2022-02-09,Ashanti,Cassava,9.56,0.0,1.02,32.8,423,0.0
5172,2022-02-09,Northern,Maize,3.74,0.0,2.22,25.3,408,0.0
5173,2022-02-09,Northern,Cassava,7.65,8494.89,1.26,26.7,431,10703.561399999999
5174,2022-02-09,Northern,Cocoa,0.86,180.12,11.51,29.4,300,2073.1812
5175,2022-02-09,Western,Maize,1.69,0.0,2.67,28.1,372,0.0
5176,2022-02-09,Western,Cassava,14.74,11802.89,0.95,26.8,179,11212.745499999999
5177,2022-02-09,Western,Cocoa,13.84,341.25,11.1,27.9,168,3787.875
5178,2022-02-09,Eastern,Cocoa,1.27,0.0,10.36,33.8,85,0.0
5179,2022-02-10,Greater Accra,Maize,1.85,0.0,2.17,32.6,155,0.0
5180,2022-02-10,Greater Accra,Cassava,11.9,0.0,1.04,24.2,162,0.0
5181,2022-02-10,Ashanti,Maize,1.84,0.0,2.8,26.6,146,0.0
5182,2022-02-10,Ashanti,Cassava,4.54,9116.95,1.03,30.5,415,9390.4585
5183,2022-02-10,Ashanti,Cocoa,2.81,0.0,13.88,32.3,142,0.0
5184,2022-02-10,Northern,Cassava,2.15,0.0,1.08,32.0,404,0.0
5185,2022-02-10,Northern,Cocoa,2.3,0.0,12.67,29.2,295,0.0
5186,2022-02-10,Western,Maize,2.94,0.0,2.71,27.7,499,0.0
5187,2022-02-10,Western,Cassava,12.75,0.0,1.01,28.6,349,0.0
5188,2022-02-10,Western,Cocoa,14.41,282.68,11.19,28.7,482,3163.1892
5189,2022-02-10,Eastern,Maize,0.0,0.0,2.8,32.2,317,0.0
5190,2022-02-10,Eastern,Cassava,5.46,0.0,0.97,28.1,52,0.0
5191,2022-02-10,Eastern,Cocoa,0.0,0.0,14.16,25.7,376,0.0
5192,2022-02-11,Greater Accra,Maize,7.79,0.0,2.63,26.3,57,0.0
5193,2022-02-11,Greater Accra,Cassava,2.56,0.0,0.98,24.9,205,0.0
5194,2022-02-11,Greater Accra,Cocoa,4.05,0.0,13.84,28.4,405,0.0
5195,2022-02-11,Ashanti,Cassava,2.3,0.0,1.05,25.2,126,0.0
5196,2022-02-11,Ashanti,Cocoa,4.18,0.0,10.94,26.3,58,0.0
5197,2022-02-11,Northern,Maize,7.6,0.0,2.3,32.5,361,0.0
5198,2022-02-11,Northern,Cocoa,5.63,0.0,14.21,32.2,413,0.0
5199,2022-02-11,Western,Maize,16.36,0.0,2.61,29.0,119,0.0
5200,2022-02-11,Western,Cocoa,4.86,0.0,10.46,32.5,256,0.0
5201,2022-02-11,Eastern,Maize,6.91,0.0,2.31,28.8,360,0.0
5202,2022-02-11,Eastern,Cassava,6.06,0.0,1.13,26.4,198,0.0
5203,2022-02-11,Eastern,Cocoa,2.39,0.0,10.47,32.6,452,0.0
5204,2022-02-12,Greater Accra,Maize,0.0,0.0,2.46,32.4,252,0.0
5205,2022-02-12,Greater Accra,Cocoa,1.02,185.18,12.34,25.1,410,2285.1212
5206,2022-02-12,Ashanti,Cassava,7.56,0.0,1.31,24.8,99,0.0
5207,2022-02-12,Ashanti,Cocoa,3.27,0.0,12.34,27.0,134,0.0
5208,2022-02-12,Northern,Maize,4.27,0.0,2.52,26.3,300,0.0
5209,2022-02-12,Northern,Cassava,0.35,0.0,1.23,25.5,355,0.0
5210,2022-02-12,Western,Cassava,9.32,0.0,1.12,30.0,355,0.0
5211,2022-02-12,Western,Cocoa,2.0,382.48,14.25,28.3,366,5450.34
5212,2022-02-12,Eastern,Maize,2.74,0.0,2.26,28.5,121,0.0
5213,2022-02-12,Eastern,Cassava,8.74,0.0,1.29,27.3,309,0.0
5214,2022-02-12,Eastern,Cocoa,1.53,0.0,12.1,25.7,195,0.0
5215,2022-02-13,Greater Accra,Maize,0.84,0.0,2.27,30.3,162,0.0
5216,2022-02-13,Greater Accra,Cassava,9.36,0.0,1.38,33.6,176,0.0
5217,2022-02-13,Greater Accra,Cocoa,0.0,0.0,12.46,27.9,450,0.0
5218,2022-02-13,Ashanti,Maize,11.03,0.0,2.39,33.3,289,0.0
5219,2022-02-13,Northern,Cassava,2.54,6089.61,1.1,31.5,50,6698.571
5220,2022-02-13,Northern,Cocoa,0.0,194.15,13.36,33.9,263,2593.844
5221,2022-02-13,Western,Maize,8.43,0.0,1.96,31.9,97,0.0
5222,2022-02-13,Western,Cassava,5.29,10498.26,1.18,28.3,93,12387.9468
5223,2022-02-13,Western,Cocoa,5.01,243.87,11.43,26.7,412,2787.4341
5224,2022-02-13,Eastern,Maize,5.99,0.0,2.66,24.9,476,0.0
5225,2022-02-13,Eastern,Cassava,2.66,0.0,1.12,33.0,451,0.0
5226,2022-02-14,Greater Accra,Maize,0.0,1234.73,2.57,33.3,134,3173.2561
5227,2022-02-14,Greater Accra,Cassava,1.54,0.0,1.12,27.3,376,0.0
5228,2022-02-14,Greater Accra,Cocoa,10.96,0.0,11.26,28.8,424,0.0
5229,2022-02-14,Ashanti,Maize,0.0,0.0,2.72,34.0,130,0.0
5230,2022-02-14,Ashanti,Cocoa,11.69,0.0,12.89,32.4,416,0.0
5231,2022-02-14,Northern,Maize,6.82,0.0,2.15,31.3,498,0.0
5232,2022-02-14,Northern,Cassava,2.97,0.0,0.98,25.8,72,0.0
5233,2022-02-14,Northern,Cocoa,0.0,0.0,13.71,32.2,334,0.0
5234,2022-02-14,Western,Maize,5.08,1578.35,2.19,25.5,241,3456.5865
5235,2022-02-14,Western,Cassava,8.48,11158.4,1.03,32.5,317,11493.152
5236,2022-02-14,Western,Cocoa,9.92,0.0,11.73,24.2,477,0.0
5237,2022-02-14,Eastern,Maize,7.75,0.0,2.77,32.6,468,0.0
5238,2022-02-15,Greater Accra,Maize,1.25,0.0,2.72,25.9,105,0.0
5239,2022-02-15,Greater Accra,Cassava,10.08,0.0,1.16,28.7,306,0.0
5240,2022-02-15,Ashanti,Maize,10.03,1886.87,2.1,31.4,373,3962.427
5241,2022-02-15,Ashanti,Cassava,2.87,0.0,1.13,25.3,391,0.0
5242,2022-02-15,Ashanti,Cocoa,4.05,319.53,11.77,32.1,405,3760.8680999999997
5243,2022-02-15,Northern,Maize,9.54,1149.41,2.47,26.4,337,2839.0427000000004
5244,2022-02-15,Northern,Cassava,0.08,4982.94,1.19,28.9,213,5929.698599999999
5245,2022-02-15,Northern,Cocoa,2.48,0.0,13.91,25.8,128,0.0
5246,2022-02-15,Western,Maize,6.36,0.0,2.55,24.7,372,0.0
5247,2022-02-15,Western,Cassava,9.24,0.0,1.29,26.6,199,0.0
5248,2022-02-15,Eastern,Cocoa,1.23,0.0,11.21,31.4,91,0.0
5249,2022-02-16,Greater Accra,Maize,2.82,1200.91,2.22,26.2,446,2666.0202000000004
5250,2022-02-16,Greater Accra,Cassava,5.32,0.0,1.09,24.1,431,0.0
5251,2022-02-16,Greater Accra,Cocoa,1.58,0.0,10.84,24.3,416,0.0
5252,2022-02-16,Ashanti,Maize,0.0,1374.74,2.79,25.3,145,3835.5246
5253,2022-02-16,Ashanti,Cassava,0.89,6987.78,0.94,24.7,427,6568.513199999999
5254,2022-02-16,Northern,Maize,2.54,1510.69,2.62,27.9,377,3958.0078000000003
5255,2022-02-16,Northern,Cassava,8.88,0.0,1.17,29.0,106,0.0
5256,2022-02-16,Western,Maize,13.19,0.0,2.77,33.4,271,0.0
5257,2022-02-16,Western,Cassava,7.88,0.0,1.33,24.1,310,0.0
5258,2022-02-16,Western,Cocoa,11.06,0.0,10.6,25.4,332,0.0
5259,2022-02-16,Eastern,Maize,9.92,1979.24,2.14,29.5,436,4235.573600000001
5260,2022-02-16,Eastern,Cassava,3.73,9398.68,1.37,26.0,334,12876.191600000002
5261,2022-02-16,Eastern,Cocoa,7.0,0.0,12.3,25.0,242,0.0
5262,2022-02-17,Greater Accra,Maize,2.57,0.0,1.95,30.3,78,0.0
5263,2022-02-17,Greater Accra,Cassava,3.98,5677.83,1.06,26.2,453,6018.4998000000005
5264,2022-02-17,Greater Accra,Cocoa,8.44,0.0,12.1,31.1,156,0.0
5265,2022-02-17,Ashanti,Maize,1.95,0.0,2.66,30.2,282,0.0
5266,2022-02-17,Ashanti,Cassava,0.0,0.0,1.13,31.1,432,0.0
5267,2022-02-17,Ashanti,Cocoa,0.0,0.0,12.97,28.6,329,0.0
5268,2022-02-17,Northern,Maize,0.0,1141.15,2.38,30.3,439,2715.937
5269,2022-02-17,Northern,Cassava,2.44,0.0,1.37,26.8,176,0.0
5270,2022-02-17,Northern,Cocoa,8.15,313.31,9.87,27.3,472,3092.3696999999997
5271,2022-02-17,Western,Maize,10.01,0.0,0.0,31.3,222,0.0
5272,2022-02-17,Western,Cassava,11.6,12334.09,1.25,28.3,469,15417.6125
5273,2022-02-17,Western,Cocoa,6.36,0.0,12.6,29.0,119,0.0
5274,2022-02-17,Eastern,Cassava,3.82,0.0,1.26,28.9,65,0.0
5275,2022-02-17,Eastern,Cocoa,0.23,0.0,12.83,33.6,323,0.0
5276,2022-02-18,Greater Accra,Maize,1.97,0.0,2.59,27.8,172,0.0
5277,2022-02-18,Greater Accra,Cassava,0.0,0.0,1.28,32.7,116,0.0
5278,2022-02-18,Greater Accra,Cocoa,0.0,0.0,12.7,29.9,164,0.0
5279,2022-02-18,Ashanti,Maize,1.31,0.0,2.29,28.6,344,0.0
5280,2022-02-18,Ashanti,Cassava,6.24,0.0,1.33,28.8,389,0.0
5281,2022-02-18,Ashanti,Cocoa,9.95,352.72,10.17,31.1,289,3587.1624
5282,2022-02-18,Northern,Maize,7.88,0.0,2.28,27.8,100,0.0
5283,2022-02-18,Northern,Cassava,2.28,0.0,1.03,25.4,153,0.0
5284,2022-02-18,Western,Maize,0.0,0.0,2.37,29.3,353,0.0
5285,2022-02-18,Western,Cassava,1.52,0.0,1.3,24.8,183,0.0
5286,2022-02-18,Western,Cocoa,11.54,0.0,13.81,25.7,487,0.0
5287,2022-02-18,Eastern,Maize,7.23,0.0,2.76,25.4,234,0.0
5288,2022-02-18,Eastern,Cassava,5.21,0.0,1.03,27.6,477,0.0
5289,2022-02-18,Eastern,Cocoa,2.94,0.0,10.72,24.8,155,0.0
5290,2022-02-19,Ashanti,Cassava,7.63,7595.62,1.06,30.5,57,8051.3572
5291,2022-02-19,Ashanti,Cocoa,1.21,0.0,12.57,24.8,195,0.0
5292,2022-02-19,Northern,Cassava,0.0,0.0,0.95,27.1,428,0.0
5293,2022-02-19,Northern,Cocoa,1.78,274.22,12.54,29.9,71,3438.7188
5294,2022-02-19,Western,Maize,3.04,0.0,2.28,26.5,491,0.0
5295,2022-02-19,Western,Cassava,1.76,8386.73,1.08,32.7,328,9057.6684
5296,2022-02-19,Western,Cocoa,2.46,0.0,14.31,27.6,277,0.0
5297,2022-02-19,Eastern,Cassava,5.36,0.0,1.04,28.8,349,0.0
5298,2022-02-19,Eastern,Cocoa,1.92,0.0,12.29,30.1,451,0.0
5299,2022-02-20,Greater Accra,Maize,0.0,1863.77,2.66,29.9,289,4957.6282
5300,2022-02-20,Greater Accra,Cassava,8.1,7167.98,1.33,30.5,95,9533.4134
5301,2022-02-20,Ashanti,Maize,0.0,1703.56,2.64,27.4,167,4497.3984
5302,2022-02-20,Ashanti,Cassava,12.56,0.0,1.22,26.3,233,0.0
5303,2022-02-20,Northern,Maize,6.86,0.0,2.16,31.0,391,0.0
5304,2022-02-20,Northern,Cassava,2.77,6592.82,1.21,33.2,113,7977.312199999999
5305,2022-02-20,Northern,Cocoa,5.19,0.0,9.77,31.4,85,0.0
5306,2022-02-20,Western,Maize,10.2,0.0,2.15,27.6,105,0.0
5307,2022-02-20,Western,Cassava,0.0,0.0,1.13,27.0,457,0.0
5308,2022-02-20,Western,Cocoa,5.56,270.4,10.48,30.2,489,2833.792
5309,2022-02-20,Eastern,Maize,0.0,0.0,2.53,25.1,142,0.0
5310,2022-02-20,Eastern,Cassava,3.34,0.0,0.99,32.7,196,0.0
5311,2022-02-20,Eastern,Cocoa,5.6,0.0,11.72,32.1,468,0.0
5312,2022-02-21,Greater Accra,Maize,7.81,0.0,2.44,27.7,118,0.0
5313,2022-02-21,Greater Accra,Cassava,0.76,0.0,1.27,25.6,431,0.0
5314,2022-02-21,Greater Accra,Cocoa,4.66,246.28,12.37,27.9,128,3046.4836
5315,2022-02-21,Ashanti,Maize,1.6,0.0,2.76,24.2,232,0.0
5316,2022-02-21,Ashanti,Cassava,11.83,7580.08,0.96,28.7,229,7276.8768
5317,2022-02-21,Northern,Maize,0.0,0.0,2.03,34.0,151,0.0
5318,2022-02-21,Northern,Cassava,6.27,0.0,1.05,26.3,221,0.0
5319,2022-02-21,Northern,Cocoa,10.99,280.6,13.94,30.2,494,3911.5640000000003
5320,2022-02-21,Western,Maize,8.64,0.0,2.57,26.0,89,0.0
5321,2022-02-21,Western,Cassava,0.84,0.0,1.22,24.3,313,0.0
5322,2022-02-21,Western,Cocoa,9.42,0.0,10.66,27.8,322,0.0
5323,2022-02-21,Eastern,Maize,6.44,1610.26,2.39,26.2,211,3848.5214
5324,2022-02-21,Eastern,Cassava,5.83,7755.21,1.05,31.9,355,8142.9705
5325,2022-02-21,Eastern,Cocoa,4.36,0.0,12.85,32.1,335,0.0
5326,2022-02-22,Greater Accra,Maize,2.67,1012.24,2.77,31.0,210,2803.9048000000003
5327,2022-02-22,Ashanti,Cassava,2.77,0.0,1.02,30.4,277,0.0
5328,2022-02-22,Ashanti,Cocoa,13.85,0.0,14.06,25.0,196,0.0
5329,2022-02-22,Northern,Maize,0.0,0.0,2.67,32.5,164,0.0
5330,2022-02-22,Northern,Cassava,4.74,0.0,1.33,31.2,133,0.0
5331,2022-02-22,Western,Maize,13.08,2145.45,2.62,25.9,160,5621.079
5332,2022-02-22,Western,Cocoa,10.98,0.0,11.91,29.9,256,0.0
5333,2022-02-22,Eastern,Maize,2.21,0.0,2.34,24.0,307,0.0
5334,2022-02-22,Eastern,Cassava,5.64,0.0,1.34,33.4,192,0.0
5335,2022-02-22,Eastern,Cocoa,3.74,0.0,10.5,30.6,260,0.0
5336,2022-02-23,Greater Accra,Maize,7.01,1405.65,2.31,28.9,57,3247.0515000000005
5337,2022-02-23,Greater Accra,Cocoa,9.29,0.0,12.3,29.1,349,0.0
5338,2022-02-23,Ashanti,Cassava,6.51,11490.79,1.21,30.5,117,13903.8559
5339,2022-02-23,Ashanti,Cocoa,2.64,0.0,11.83,30.1,184,0.0
5340,2022-02-23,Northern,Maize,0.0,0.0,2.03,29.9,451,0.0
5341,2022-02-23,Northern,Cassava,7.87,0.0,1.27,25.4,71,0.0
5342,2022-02-23,Northern,Cocoa,1.08,0.0,12.92,26.1,334,0.0
5343,2022-02-23,Western,Maize,13.24,0.0,2.38,32.8,320,0.0
5344,2022-02-23,Western,Cassava,5.24,0.0,1.37,31.6,441,0.0
5345,2022-02-23,Western,Cocoa,4.85,0.0,11.67,29.5,105,0.0
5346,2022-02-23,Eastern,Cassava,7.67,7691.62,1.35,30.6,185,10383.687
5347,2022-02-23,Eastern,Cocoa,6.42,0.0,13.52,28.6,428,0.0
5348,2022-02-24,Greater Accra,Maize,0.0,0.0,2.43,33.3,240,0.0
5349,2022-02-24,Greater Accra,Cassava,5.39,7872.37,1.06,31.3,110,8344.7122
5350,2022-02-24,Greater Accra,Cocoa,2.36,0.0,13.51,29.5,62,0.0
5351,2022-02-24,Ashanti,Maize,3.4,0.0,2.05,29.6,231,0.0
5352,2022-02-24,Ashanti,Cassava,0.0,0.0,1.05,33.1,141,0.0
5353,2022-02-24,Ashanti,Cocoa,8.18,0.0,14.17,28.2,450,0.0
5354,2022-02-24,Northern,Maize,8.66,1161.19,2.66,28.1,478,3088.7654
5355,2022-02-24,Northern,Cassava,2.79,0.0,0.0,31.0,50,0.0
5356,2022-02-24,Northern,Cocoa,1.85,0.0,12.03,24.1,440,0.0
5357,2022-02-24,Western,Maize,4.42,1897.94,2.33,24.6,470,4422.2002
5358,2022-02-24,Western,Cassava,7.66,0.0,1.28,24.3,278,0.0
5359,2022-02-24,Western,Cocoa,2.52,0.0,11.81,30.4,359,0.0
5360,2022-02-24,Eastern,Maize,0.64,1555.84,2.7,31.9,250,4200.768
5361,2022-02-24,Eastern,Cassava,6.58,9565.37,1.07,29.6,279,10234.9459
5362,2022-02-24,Eastern,Cocoa,2.61,0.0,12.1,33.2,422,0.0
5363,2022-02-25,Greater Accra,Cassava,0.0,0.0,1.11,32.0,124,0.0
5364,2022-02-25,Greater Accra,Cocoa,0.0,194.24,10.22,33.3,93,1985.1328000000003
5365,2022-02-25,Ashanti,Maize,0.0,1485.21,2.61,29.8,462,3876.3981
5366,2022-02-25,Ashanti,Cassava,0.0,0.0,1.28,32.4,423,0.0
5367,2022-02-25,Ashanti,Cocoa,7.3,0.0,11.48,33.2,110,0.0
5368,2022-02-25,Northern,Maize,3.96,0.0,2.67,30.6,269,0.0
5369,2022-02-25,Northern,Cassava,4.27,0.0,1.1,28.8,354,0.0
5370,2022-02-25,Northern,Cocoa,3.48,0.0,11.5,29.3,406,0.0
5371,2022-02-25,Western,Maize,12.18,0.0,2.12,33.4,282,0.0
5372,2022-02-25,Western,Cassava,3.14,0.0,1.23,28.5,91,0.0
5373,2022-02-25,Western,Cocoa,7.21,0.0,10.61,24.1,170,0.0
5374,2022-02-25,Eastern,Maize,0.0,0.0,2.07,27.3,58,0.0
5375,2022-02-25,Eastern,Cassava,4.17,0.0,1.13,28.2,348,0.0
5376,2022-02-25,Eastern,Cocoa,1.99,0.0,11.88,27.1,244,0.0
5377,2022-02-26,Greater Accra,Maize,4.38,0.0,2.17,24.3,390,0.0
5378,2022-02-26,Greater Accra,Cassava,2.4,0.0,1.33,31.2,347,0.0
5379,2022-02-26,Ashanti,Maize,5.88,0.0,2.2,33.8,246,0.0
5380,2022-02-26,Ashanti,Cassava,3.95,0.0,1.34,24.3,92,0.0
5381,2022-02-26,Ashanti,Cocoa,0.61,0.0,11.32,26.5,113,0.0
5382,2022-02-26,Northern,Maize,5.47,1065.77,2.46,30.6,327,2621.7942
5383,2022-02-26,Northern,Cassava,5.41,0.0,0.94,32.7,146,0.0
5384,2022-02-26,Western,Cassava,10.18,0.0,1.02,28.0,177,0.0
5385,2022-02-26,Western,Cocoa,9.0,0.0,11.51,28.1,333,0.0
5386,2022-02-26,Eastern,Cassava,6.14,6206.92,1.03,28.4,493,6393.1276
5387,2022-02-26,Eastern,Cocoa,8.51,338.99,10.34,31.0,125,3505.1566000000003
5388,2022-02-27,Greater Accra,Maize,0.0,872.91,2.83,24.6,168,2470.3353
5389,2022-02-27,Greater Accra,Cassava,0.0,0.0,1.28,24.6,109,0.0
5390,2022-02-27,Ashanti,Maize,0.18,0.0,2.39,34.0,214,0.0
5391,2022-02-27,Ashanti,Cocoa,3.85,0.0,10.74,25.2,384,0.0
5392,2022-02-27,Northern,Maize,4.33,0.0,2.7,33.9,485,0.0
5393,2022-02-27,Northern,Cassava,2.61,0.0,1.24,33.6,238,0.0
5394,2022-02-27,Northern,Cocoa,1.13,152.54,12.93,29.9,390,1972.3421999999998
5395,2022-02-27,Western,Maize,7.33,0.0,2.06,26.6,411,0.0
5396,2022-02-27,Western,Cocoa,8.14,321.8,11.04,24.7,442,3552.672
5397,2022-02-27,Eastern,Maize,6.34,0.0,2.85,33.5,219,0.0
5398,2022-02-27,Eastern,Cassava,2.33,0.0,1.37,27.2,235,0.0
5399,2022-02-28,Greater Accra,Maize,0.56,0.0,2.08,32.2,102,0.0
5400,2022-02-28,Greater Accra,Cassava,0.0,0.0,1.06,29.4,127,0.0
5401,2022-02-28,Greater Accra,Cocoa,3.13,0.0,12.07,27.2,170,0.0
5402,2022-02-28,Ashanti,Cassava,1.35,6983.07,1.07,24.6,267,7471.8849
5403,2022-02-28,Ashanti,Cocoa,0.0,293.23,10.82,31.5,179,3172.7486000000004
5404,2022-02-28,Northern,Maize,4.35,1150.98,2.42,33.6,144,2785.3716
5405,2022-02-28,Northern,Cassava,4.94,7715.67,1.3,27.6,144,10030.371000000001
5406,2022-02-28,Northern,Cocoa,2.71,263.13,12.73,32.2,330,3349.6449000000002
5407,2022-02-28,Western,Maize,2.9,1721.5,2.72,27.1,309,4682.4800000000005
5408,2022-02-28,Western,Cassava,9.9,0.0,1.31,27.8,276,0.0
5409,2022-02-28,Western,Cocoa,8.73,0.0,10.11,24.0,320,0.0
5410,2022-02-28,Eastern,Maize,0.0,0.0,2.01,25.7,411,0.0
5411,2022-02-28,Eastern,Cassava,0.54,0.0,1.2,29.2,73,0.0
5412,2022-02-28,Eastern,Cocoa,2.92,0.0,11.47,25.5,406,0.0
5413,2022-03-01,Greater Accra,Maize,3.5,0.0,3.31,27.8,154,0.0
5414,2022-03-01,Greater Accra,Cassava,0.0,0.0,1.55,25.9,257,0.0
5415,2022-03-01,Greater Accra,Cocoa,3.54,0.0,15.99,33.2,357,0.0
5416,2022-03-01,Ashanti,Maize,2.27,0.0,3.12,28.9,57,0.0
5417,2022-03-01,Ashanti,Cassava,9.47,0.0,1.24,27.6,338,0.0
5418,2022-03-01,Ashanti,Cocoa,1.58,0.0,12.77,24.3,328,0.0
5419,2022-03-01,Northern,Maize,7.01,0.0,2.83,25.6,463,0.0
5420,2022-03-01,Northern,Cassava,1.41,0.0,1.52,32.5,491,0.0
5421,2022-03-01,Northern,Cocoa,0.0,0.0,16.32,25.4,151,0.0
5422,2022-03-01,Western,Maize,6.78,0.0,2.41,26.5,165,0.0
5423,2022-03-01,Western,Cassava,1.68,0.0,1.37,32.9,106,0.0
5424,2022-03-01,Eastern,Maize,8.92,0.0,2.91,24.0,316,0.0
5425,2022-03-01,Eastern,Cassava,3.63,0.0,1.34,31.1,319,0.0
5426,2022-03-01,Eastern,Cocoa,3.69,0.0,12.87,25.0,315,0.0
5427,2022-03-02,Greater Accra,Maize,1.56,0.0,3.1,32.9,261,0.0
5428,2022-03-02,Greater Accra,Cassava,1.32,0.0,1.33,33.6,335,0.0
5429,2022-03-02,Greater Accra,Cocoa,4.76,0.0,14.89,30.4,75,0.0
5430,2022-03-02,Ashanti,Maize,3.67,0.0,2.98,32.1,409,0.0
5431,2022-03-02,Ashanti,Cassava,6.66,0.0,1.18,29.8,493,0.0
5432,2022-03-02,Ashanti,Cocoa,2.18,0.0,14.84,28.5,56,0.0
5433,2022-03-02,Northern,Maize,3.7,0.0,2.59,25.0,185,0.0
5434,2022-03-02,Northern,Cassava,6.84,0.0,1.53,29.5,457,0.0
5435,2022-03-02,Northern,Cocoa,4.25,0.0,13.96,27.9,283,0.0
5436,2022-03-02,Western,Maize,12.33,0.0,2.77,29.5,390,0.0
5437,2022-03-02,Western,Cassava,4.77,0.0,1.32,33.1,407,0.0
5438,2022-03-02,Western,Cocoa,1.16,0.0,15.9,28.1,274,0.0
5439,2022-03-02,Eastern,Maize,1.71,0.0,2.46,33.9,318,0.0
5440,2022-03-02,Eastern,Cocoa,8.71,0.0,16.71,27.0,192,0.0
5441,2022-03-03,Greater Accra,Maize,3.67,0.0,3.25,24.4,395,0.0
5442,2022-03-03,Greater Accra,Cassava,7.37,0.0,1.29,25.8,275,0.0
5443,2022-03-03,Greater Accra,Cocoa,3.66,0.0,11.94,33.9,378,0.0
5444,2022-03-03,Ashanti,Maize,0.43,0.0,2.82,29.0,485,0.0
5445,2022-03-03,Ashanti,Cocoa,6.32,0.0,16.58,24.2,491,0.0
5446,2022-03-03,Northern,Maize,0.0,0.0,2.91,32.2,155,0.0
5447,2022-03-03,Northern,Cassava,4.17,0.0,1.13,27.3,311,0.0
5448,2022-03-03,Northern,Cocoa,1.16,0.0,16.72,32.6,404,0.0
5449,2022-03-03,Western,Maize,9.1,0.0,3.01,33.8,218,0.0
5450,2022-03-03,Western,Cocoa,12.08,0.0,16.02,27.9,250,0.0
5451,2022-03-03,Eastern,Maize,4.8,0.0,0.0,29.6,375,0.0
5452,2022-03-03,Eastern,Cassava,2.7,0.0,1.26,32.1,334,0.0
5453,2022-03-03,Eastern,Cocoa,0.0,0.0,12.34,32.6,96,0.0
5454,2022-03-04,Greater Accra,Maize,1.3,0.0,2.51,29.1,57,0.0
5455,2022-03-04,Greater Accra,Cassava,0.65,0.0,1.28,24.4,365,0.0
5456,2022-03-04,Greater Accra,Cocoa,2.5,0.0,16.7,33.2,134,0.0
5457,2022-03-04,Ashanti,Maize,4.1,0.0,2.52,25.3,433,0.0
5458,2022-03-04,Ashanti,Cassava,3.42,0.0,1.44,32.9,73,0.0
5459,2022-03-04,Ashanti,Cocoa,9.26,0.0,12.87,25.5,171,0.0
5460,2022-03-04,Northern,Maize,7.44,0.0,2.92,33.1,55,0.0
5461,2022-03-04,Northern,Cassava,5.63,0.0,1.22,33.5,173,0.0
5462,2022-03-04,Northern,Cocoa,0.0,0.0,15.98,32.0,114,0.0
5463,2022-03-04,Western,Maize,6.19,0.0,2.68,34.0,492,0.0
5464,2022-03-04,Western,Cassava,7.66,0.0,1.53,32.7,416,0.0
5465,2022-03-04,Eastern,Maize,0.0,0.0,2.48,29.6,228,0.0
5466,2022-03-04,Eastern,Cassava,6.41,0.0,1.4,25.1,134,0.0
5467,2022-03-04,Eastern,Cocoa,4.9,0.0,14.04,31.8,146,0.0
5468,2022-03-05,Greater Accra,Maize,0.0,0.0,3.01,29.9,370,0.0
5469,2022-03-05,Greater Accra,Cassava,2.96,0.0,1.28,30.7,229,0.0
5470,2022-03-05,Greater Accra,Cocoa,2.03,0.0,12.67,25.2,184,0.0
5471,2022-03-05,Ashanti,Cassava,9.5,0.0,1.27,30.5,154,0.0
5472,2022-03-05,Northern,Maize,6.47,0.0,3.33,25.3,189,0.0
5473,2022-03-05,Northern,Cassava,3.21,0.0,1.29,24.5,477,0.0
5474,2022-03-05,Northern,Cocoa,4.08,0.0,12.81,33.8,195,0.0
5475,2022-03-05,Western,Cassava,6.81,0.0,1.29,28.0,336,0.0
5476,2022-03-05,Western,Cocoa,3.88,0.0,12.99,28.0,297,0.0
5477,2022-03-05,Eastern,Cassava,0.0,0.0,1.33,24.8,229,0.0
5478,2022-03-05,Eastern,Cocoa,1.63,0.0,12.3,30.6,144,0.0
5479,2022-03-06,Greater Accra,Maize,1.85,0.0,2.5,28.3,177,0.0
5480,2022-03-06,Greater Accra,Cassava,4.09,0.0,1.43,32.6,474,0.0
5481,2022-03-06,Ashanti,Maize,10.98,0.0,3.11,24.3,273,0.0
5482,2022-03-06,Ashanti,Cocoa,2.85,0.0,12.83,29.0,416,0.0
5483,2022-03-06,Northern,Maize,2.59,0.0,2.55,25.7,199,0.0
5484,2022-03-06,Northern,Cassava,0.0,0.0,1.57,25.7,495,0.0
5485,2022-03-06,Western,Cassava,6.44,0.0,1.52,28.8,352,0.0
5486,2022-03-06,Western,Cocoa,2.9,0.0,12.26,28.2,155,0.0
5487,2022-03-06,Eastern,Cassava,1.31,0.0,1.44,27.6,212,0.0
5488,2022-03-06,Eastern,Cocoa,1.56,0.0,15.33,30.2,423,0.0
5489,2022-03-07,Greater Accra,Cassava,2.29,0.0,1.55,29.5,275,0.0
5490,2022-03-07,Greater Accra,Cocoa,10.16,0.0,13.83,24.5,336,0.0
5491,2022-03-07,Ashanti,Cocoa,3.0,0.0,14.57,28.9,425,0.0
5492,2022-03-07,Northern,Maize,6.06,0.0,2.87,27.9,239,0.0
5493,2022-03-07,Northern,Cassava,0.44,0.0,0.0,29.0,323,0.0
5494,2022-03-07,Northern,Cocoa,6.52,0.0,15.32,31.9,288,0.0
5495,2022-03-07,Western,Maize,0.87,0.0,3.09,32.2,171,0.0
5496,2022-03-07,Western,Cassava,8.1,0.0,1.43,26.9,435,0.0
5497,2022-03-07,Western,Cocoa,0.22,0.0,15.9,30.6,165,0.0
5498,2022-03-07,Eastern,Maize,4.72,0.0,3.14,24.6,126,0.0
5499,2022-03-07,Eastern,Cassava,0.0,0.0,1.47,27.0,399,0.0
5500,2022-03-07,Eastern,Cocoa,0.0,0.0,12.71,28.1,374,0.0
5501,2022-03-08,Greater Accra,Maize,3.89,0.0,3.37,27.1,203,0.0
5502,2022-03-08,Greater Accra,Cassava,0.0,0.0,1.28,30.8,455,0.0
5503,2022-03-08,Greater Accra,Cocoa,6.08,0.0,12.27,33.3,128,0.0
5504,2022-03-08,Ashanti,Maize,0.82,0.0,2.42,32.6,336,0.0
5505,2022-03-08,Ashanti,Cassava,2.1,0.0,1.12,31.9,416,0.0
5506,2022-03-08,Ashanti,Cocoa,0.0,0.0,14.27,25.8,461,0.0
5507,2022-03-08,Northern,Maize,0.0,0.0,3.31,30.8,313,0.0
5508,2022-03-08,Northern,Cassava,0.0,0.0,1.12,30.9,360,0.0
5509,2022-03-08,Northern,Cocoa,7.0,0.0,13.03,28.8,76,0.0
5510,2022-03-08,Western,Maize,1.9,0.0,3.34,33.1,320,0.0
5511,2022-03-08,Western,Cassava,5.71,0.0,1.46,30.0,207,0.0
5512,2022-03-08,Western,Cocoa,13.31,0.0,15.43,28.7,292,0.0
5513,2022-03-08,Eastern,Maize,7.09,0.0,2.64,27.6,324,0.0
5514,2022-03-08,Eastern,Cassava,0.0,0.0,1.36,33.5,388,0.0
5515,2022-03-08,Eastern,Cocoa,0.0,0.0,14.08,33.5,381,0.0
5516,2022-03-09,Greater Accra,Maize,0.0,0.0,2.76,26.5,238,0.0
5517,2022-03-09,Greater Accra,Cassava,8.79,0.0,1.21,30.0,372,0.0
5518,2022-03-09,Greater Accra,Cocoa,0.37,0.0,13.34,31.4,168,0.0
5519,2022-03-09,Ashanti,Maize,4.27,0.0,3.32,28.8,471,0.0
5520,2022-03-09,Ashanti,Cassava,8.31,0.0,1.44,29.5,398,0.0
5521,2022-03-09,Ashanti,Cocoa,4.63,0.0,14.0,28.5,239,0.0
5522,2022-03-09,Northern,Maize,1.36,0.0,2.41,27.3,259,0.0
5523,2022-03-09,Northern,Cassava,3.86,0.0,1.33,31.1,311,0.0
5524,2022-03-09,Northern,Cocoa,7.38,0.0,16.27,28.2,256,0.0
5525,2022-03-09,Western,Maize,2.07,0.0,3.18,24.5,276,0.0
5526,2022-03-09,Western,Cocoa,3.88,0.0,14.18,24.3,470,0.0
5527,2022-03-09,Eastern,Cassava,3.88,0.0,1.44,27.9,445,0.0
5528,2022-03-09,Eastern,Cocoa,0.03,0.0,12.73,31.0,161,0.0
5529,2022-03-10,Greater Accra,Maize,5.86,0.0,3.05,29.4,412,0.0
5530,2022-03-10,Greater Accra,Cocoa,4.98,0.0,12.73,33.3,156,0.0
5531,2022-03-10,Ashanti,Cassava,0.0,0.0,1.1,24.6,495,0.0
5532,2022-03-10,Ashanti,Cocoa,4.4,0.0,12.74,25.4,449,0.0
5533,2022-03-10,Northern,Maize,0.0,0.0,2.47,27.6,388,0.0
5534,2022-03-10,Northern,Cassava,3.34,0.0,1.47,31.5,78,0.0
5535,2022-03-10,Northern,Cocoa,0.83,0.0,14.41,24.9,414,0.0
5536,2022-03-10,Western,Maize,3.46,0.0,2.52,33.9,363,0.0
5537,2022-03-10,Western,Cassava,3.91,0.0,1.36,32.7,245,0.0
5538,2022-03-10,Western,Cocoa,4.92,0.0,16.85,24.3,446,0.0
5539,2022-03-10,Eastern,Maize,1.02,0.0,2.75,30.2,359,0.0
5540,2022-03-10,Eastern,Cassava,4.1,0.0,1.19,25.4,190,0.0
5541,2022-03-10,Eastern,Cocoa,5.68,0.0,13.17,33.8,378,0.0
5542,2022-03-11,Greater Accra,Cocoa,2.06,0.0,13.67,33.2,279,0.0
5543,2022-03-11,Ashanti,Maize,7.19,0.0,2.63,32.8,257,0.0
5544,2022-03-11,Ashanti,Cassava,0.0,0.0,1.24,25.8,203,0.0
5545,2022-03-11,Northern,Maize,1.8,0.0,3.26,24.7,400,0.0
5546,2022-03-11,Northern,Cassava,1.48,0.0,1.2,33.8,61,0.0
5547,2022-03-11,Northern,Cocoa,5.47,0.0,15.27,31.8,142,0.0
5548,2022-03-11,Western,Maize,0.19,0.0,2.76,32.1,111,0.0
5549,2022-03-11,Western,Cassava,0.0,0.0,1.58,33.6,345,0.0
5550,2022-03-11,Western,Cocoa,8.71,0.0,16.23,28.3,373,0.0
5551,2022-03-11,Eastern,Cassava,2.98,0.0,1.56,30.6,418,0.0
5552,2022-03-11,Eastern,Cocoa,0.79,0.0,14.93,31.7,349,0.0
5553,2022-03-12,Greater Accra,Maize,0.0,0.0,2.9,24.4,318,0.0
5554,2022-03-12,Greater Accra,Cocoa,0.0,0.0,12.61,31.2,124,0.0
5555,2022-03-12,Ashanti,Maize,7.19,0.0,2.43,28.8,387,0.0
5556,2022-03-12,Ashanti,Cassava,7.15,0.0,1.19,31.8,354,0.0
5557,2022-03-12,Northern,Cassava,0.21,0.0,1.2,25.5,418,0.0
5558,2022-03-12,Northern,Cocoa,0.0,0.0,14.27,27.2,313,0.0
5559,2022-03-12,Western,Maize,7.34,0.0,2.55,28.0,315,0.0
5560,2022-03-12,Western,Cassava,7.02,0.0,1.3,25.7,140,0.0
5561,2022-03-12,Western,Cocoa,1.04,0.0,14.59,26.7,387,0.0
5562,2022-03-12,Eastern,Maize,4.66,0.0,2.87,33.2,392,0.0
5563,2022-03-12,Eastern,Cassava,6.75,0.0,1.39,31.4,364,0.0
5564,2022-03-12,Eastern,Cocoa,13.51,0.0,11.5,26.3,412,0.0
5565,2022-03-13,Greater Accra,Maize,5.37,0.0,2.4,28.6,95,0.0
5566,2022-03-13,Greater Accra,Cassava,7.12,0.0,1.1,29.7,469,0.0
5567,2022-03-13,Greater Accra,Cocoa,2.89,0.0,13.67,26.2,486,0.0
5568,2022-03-13,Ashanti,Maize,0.0,0.0,2.77,27.1,354,0.0
5569,2022-03-13,Ashanti,Cassava,0.0,0.0,1.45,29.4,269,0.0
5570,2022-03-13,Ashanti,Cocoa,10.8,0.0,13.76,31.5,267,0.0
5571,2022-03-13,Northern,Maize,7.11,0.0,2.57,31.5,60,0.0
5572,2022-03-13,Northern,Cassava,2.78,0.0,1.19,27.0,374,0.0
5573,2022-03-13,Western,Maize,9.29,0.0,3.08,29.9,50,0.0
5574,2022-03-13,Western,Cassava,9.31,0.0,1.27,27.9,151,0.0
5575,2022-03-13,Western,Cocoa,4.5,0.0,13.1,25.5,494,0.0
5576,2022-03-13,Eastern,Maize,1.72,0.0,3.11,33.8,160,0.0
5577,2022-03-13,Eastern,Cassava,4.16,0.0,1.19,25.9,466,0.0
5578,2022-03-13,Eastern,Cocoa,8.7,0.0,14.63,26.1,467,0.0
5579,2022-03-14,Greater Accra,Cassava,0.0,0.0,1.4,27.3,213,0.0
5580,2022-03-14,Greater Accra,Cocoa,3.67,0.0,14.68,33.9,243,0.0
5581,2022-03-14,Ashanti,Maize,4.36,0.0,2.85,32.0,357,0.0
5582,2022-03-14,Ashanti,Cocoa,13.65,0.0,12.85,33.5,339,0.0
5583,2022-03-14,Northern,Cocoa,1.35,0.0,12.41,26.1,281,0.0
5584,2022-03-14,Western,Cassava,11.79,0.0,1.15,26.1,495,0.0
5585,2022-03-14,Western,Cocoa,6.81,0.0,16.2,29.8,427,0.0
5586,2022-03-14,Eastern,Maize,4.97,0.0,3.16,27.4,439,0.0
5587,2022-03-14,Eastern,Cassava,1.2,0.0,1.24,26.4,409,0.0
5588,2022-03-14,Eastern,Cocoa,7.69,0.0,15.51,27.7,398,0.0
5589,2022-03-15,Greater Accra,Maize,3.78,0.0,3.23,33.4,66,0.0
5590,2022-03-15,Greater Accra,Cassava,3.43,0.0,1.55,27.6,462,0.0
5591,2022-03-15,Greater Accra,Cocoa,4.88,0.0,11.9,32.0,258,0.0
5592,2022-03-15,Ashanti,Maize,0.96,0.0,3.24,26.0,321,0.0
5593,2022-03-15,Ashanti,Cocoa,8.18,0.0,15.83,27.5,169,0.0
5594,2022-03-15,Northern,Maize,2.9,0.0,2.41,32.1,251,0.0
5595,2022-03-15,Northern,Cassava,0.0,0.0,1.61,27.8,328,0.0
5596,2022-03-15,Northern,Cocoa,0.2,0.0,14.98,33.1,268,0.0
5597,2022-03-15,Western,Maize,2.92,0.0,3.13,31.6,375,0.0
5598,2022-03-15,Eastern,Maize,2.61,0.0,3.12,28.4,154,0.0
5599,2022-03-15,Eastern,Cassava,10.29,0.0,1.14,27.8,75,0.0
5600,2022-03-15,Eastern,Cocoa,0.0,0.0,15.03,30.5,371,0.0
5601,2022-03-16,Greater Accra,Maize,0.0,0.0,2.98,28.8,77,0.0
5602,2022-03-16,Greater Accra,Cassava,1.43,0.0,1.58,26.2,310,0.0
5603,2022-03-16,Ashanti,Maize,6.5,0.0,2.85,26.3,419,0.0
5604,2022-03-16,Ashanti,Cocoa,2.79,0.0,15.31,32.8,457,0.0
5605,2022-03-16,Northern,Cassava,1.1,0.0,1.15,29.8,238,0.0
5606,2022-03-16,Northern,Cocoa,0.0,0.0,12.36,24.5,205,0.0
5607,2022-03-16,Western,Maize,16.89,0.0,2.87,28.3,150,0.0
5608,2022-03-16,Western,Cassava,11.47,0.0,1.37,33.4,379,0.0
5609,2022-03-16,Western,Cocoa,7.95,0.0,16.55,27.5,117,0.0
5610,2022-03-16,Eastern,Maize,0.6,0.0,3.09,24.2,450,0.0
5611,2022-03-16,Eastern,Cassava,5.85,0.0,1.41,31.8,87,0.0
5612,2022-03-16,Eastern,Cocoa,3.96,0.0,13.36,33.6,341,0.0
5613,2022-03-17,Greater Accra,Maize,7.49,0.0,2.85,26.1,121,0.0
5614,2022-03-17,Greater Accra,Cocoa,6.19,0.0,11.55,26.4,464,0.0
5615,2022-03-17,Ashanti,Maize,4.66,0.0,3.32,26.5,415,0.0
5616,2022-03-17,Ashanti,Cassava,0.0,0.0,1.29,32.0,455,0.0
5617,2022-03-17,Ashanti,Cocoa,9.23,0.0,15.19,33.8,240,0.0
5618,2022-03-17,Northern,Maize,6.11,0.0,3.11,30.8,394,0.0
5619,2022-03-17,Northern,Cassava,4.26,0.0,1.44,32.9,389,0.0
5620,2022-03-17,Northern,Cocoa,7.39,0.0,11.77,31.6,135,0.0
5621,2022-03-17,Western,Maize,7.29,0.0,3.21,29.1,404,0.0
5622,2022-03-17,Western,Cassava,7.48,0.0,1.41,26.3,305,0.0
5623,2022-03-17,Western,Cocoa,12.31,0.0,12.32,28.7,140,0.0
5624,2022-03-17,Eastern,Cassava,7.36,0.0,1.28,27.0,248,0.0
5625,2022-03-17,Eastern,Cocoa,8.06,0.0,16.48,29.9,50,0.0
5626,2022-03-18,Greater Accra,Maize,5.47,0.0,2.9,24.5,468,0.0
5627,2022-03-18,Greater Accra,Cassava,6.45,0.0,1.27,28.6,130,0.0
5628,2022-03-18,Greater Accra,Cocoa,1.18,0.0,12.08,33.5,176,0.0
5629,2022-03-18,Ashanti,Maize,0.0,0.0,2.67,33.4,119,0.0
5630,2022-03-18,Ashanti,Cassava,6.12,0.0,1.23,24.8,329,0.0
5631,2022-03-18,Ashanti,Cocoa,4.59,0.0,16.29,30.7,147,0.0
5632,2022-03-18,Northern,Maize,0.97,0.0,2.77,24.3,84,0.0
5633,2022-03-18,Northern,Cassava,10.0,0.0,1.16,30.6,333,0.0
5634,2022-03-18,Western,Maize,11.85,0.0,3.33,29.4,447,0.0
5635,2022-03-18,Western,Cocoa,7.18,0.0,16.38,30.3,345,0.0
5636,2022-03-18,Eastern,Cassava,7.38,0.0,1.16,25.6,280,0.0
5637,2022-03-18,Eastern,Cocoa,8.59,0.0,13.13,33.4,278,0.0
5638,2022-03-19,Greater Accra,Maize,7.67,0.0,2.43,29.6,129,0.0
5639,2022-03-19,Greater Accra,Cassava,0.0,0.0,1.16,26.2,215,0.0
5640,2022-03-19,Greater Accra,Cocoa,3.81,0.0,15.98,24.4,313,0.0
5641,2022-03-19,Ashanti,Maize,12.76,0.0,3.35,32.6,433,0.0
5642,2022-03-19,Ashanti,Cassava,10.85,0.0,0.0,30.7,415,0.0
5643,2022-03-19,Ashanti,Cocoa,0.0,0.0,11.49,31.6,188,0.0
5644,2022-03-19,Northern,Maize,4.68,0.0,2.35,33.3,383,0.0
5645,2022-03-19,Northern,Cocoa,2.55,0.0,15.18,24.5,453,0.0
5646,2022-03-19,Western,Maize,2.87,0.0,2.78,24.1,306,0.0
5647,2022-03-19,Western,Cassava,3.27,0.0,1.51,25.9,483,0.0
5648,2022-03-19,Western,Cocoa,3.95,0.0,11.54,26.8,495,0.0
5649,2022-03-19,Eastern,Cassava,0.0,0.0,1.5,24.4,154,0.0
5650,2022-03-19,Eastern,Cocoa,8.35,0.0,11.63,29.9,107,0.0
5651,2022-03-20,Greater Accra,Maize,0.0,0.0,3.04,31.6,219,0.0
5652,2022-03-20,Greater Accra,Cassava,5.06,0.0,1.18,33.1,84,0.0
5653,2022-03-20,Greater Accra,Cocoa,1.11,0.0,13.53,26.0,189,0.0
5654,2022-03-20,Ashanti,Cassava,0.0,0.0,1.43,26.8,112,0.0
5655,2022-03-20,Ashanti,Cocoa,0.0,0.0,12.33,32.7,214,0.0
5656,2022-03-20,Northern,Cassava,0.0,0.0,1.32,32.0,414,0.0
5657,2022-03-20,Western,Maize,2.26,0.0,3.2,29.6,334,0.0
5658,2022-03-20,Western,Cassava,7.76,0.0,1.28,33.4,187,0.0
5659,2022-03-20,Western,Cocoa,14.17,0.0,13.66,31.7,249,0.0
5660,2022-03-20,Eastern,Cassava,5.05,0.0,1.25,33.3,283,0.0
5661,2022-03-21,Greater Accra,Maize,3.27,0.0,2.48,31.8,259,0.0
5662,2022-03-21,Greater Accra,Cassava,0.94,0.0,1.49,30.7,492,0.0
5663,2022-03-21,Ashanti,Maize,7.01,0.0,3.13,27.6,316,0.0
5664,2022-03-21,Ashanti,Cassava,0.0,0.0,1.42,24.6,465,0.0
5665,2022-03-21,Ashanti,Cocoa,7.11,0.0,13.03,29.0,354,0.0
5666,2022-03-21,Northern,Maize,0.0,0.0,2.58,31.6,406,0.0
5667,2022-03-21,Northern,Cassava,4.82,0.0,1.14,32.6,86,0.0
5668,2022-03-21,Northern,Cocoa,1.76,0.0,12.18,30.3,154,0.0
5669,2022-03-21,Western,Maize,12.02,0.0,2.48,33.9,104,0.0
5670,2022-03-21,Western,Cocoa,0.0,0.0,14.79,28.2,123,0.0
5671,2022-03-21,Eastern,Maize,1.21,0.0,2.39,30.0,274,0.0
5672,2022-03-21,Eastern,Cocoa,2.67,0.0,13.4,32.4,244,0.0
5673,2022-03-22,Greater Accra,Cocoa,3.46,0.0,15.25,31.1,299,0.0
5674,2022-03-22,Ashanti,Maize,14.24,0.0,2.52,31.2,128,0.0
5675,2022-03-22,Ashanti,Cassava,4.25,0.0,1.43,29.8,380,0.0
5676,2022-03-22,Ashanti,Cocoa,0.0,0.0,14.55,26.6,93,0.0
5677,2022-03-22,Northern,Maize,5.38,0.0,2.59,32.8,71,0.0
5678,2022-03-22,Northern,Cassava,7.81,0.0,1.31,26.6,79,0.0
5679,2022-03-22,Northern,Cocoa,8.66,0.0,11.9,28.1,225,0.0
5680,2022-03-22,Western,Maize,7.37,0.0,2.37,30.0,322,0.0
5681,2022-03-22,Western,Cassava,4.17,0.0,1.22,29.1,145,0.0
5682,2022-03-22,Western,Cocoa,3.57,0.0,13.22,28.7,109,0.0
5683,2022-03-22,Eastern,Maize,1.11,0.0,2.9,29.4,161,0.0
5684,2022-03-22,Eastern,Cocoa,5.43,0.0,14.76,26.6,136,0.0
5685,2022-03-23,Greater Accra,Maize,4.09,0.0,2.93,32.7,200,0.0
5686,2022-03-23,Greater Accra,Cassava,0.23,0.0,1.3,25.8,317,0.0
5687,2022-03-23,Greater Accra,Cocoa,0.0,0.0,15.84,32.7,354,0.0
5688,2022-03-23,Ashanti,Maize,0.0,0.0,2.53,28.3,391,0.0
5689,2022-03-23,Ashanti,Cassava,4.28,0.0,1.22,26.6,287,0.0
5690,2022-03-23,Ashanti,Cocoa,10.19,0.0,12.28,24.6,288,0.0
5691,2022-03-23,Northern,Maize,3.15,0.0,3.11,28.8,469,0.0
5692,2022-03-23,Northern,Cassava,11.6,0.0,1.52,30.3,108,0.0
5693,2022-03-23,Northern,Cocoa,7.36,0.0,11.62,29.0,287,0.0
5694,2022-03-23,Western,Maize,0.0,0.0,3.33,29.6,216,0.0
5695,2022-03-23,Western,Cocoa,0.0,0.0,16.1,30.8,454,0.0
5696,2022-03-23,Eastern,Maize,2.31,0.0,3.05,26.1,382,0.0
5697,2022-03-23,Eastern,Cocoa,6.25,0.0,13.28,30.8,459,0.0
5698,2022-03-24,Greater Accra,Cassava,3.43,0.0,1.51,31.3,133,0.0
5699,2022-03-24,Greater Accra,Cocoa,0.44,0.0,16.69,25.9,234,0.0
5700,2022-03-24,Ashanti,Maize,0.76,0.0,3.04,26.0,462,0.0
5701,2022-03-24,Ashanti,Cassava,0.0,0.0,1.32,26.1,98,0.0
5702,2022-03-24,Ashanti,Cocoa,5.0,0.0,16.24,27.9,414,0.0
5703,2022-03-24,Northern,Maize,3.76,0.0,2.8,32.0,432,0.0
5704,2022-03-24,Northern,Cassava,0.0,0.0,1.19,27.4,87,0.0
5705,2022-03-24,Northern,Cocoa,10.58,0.0,13.02,33.1,267,0.0
5706,2022-03-24,Western,Maize,0.0,0.0,3.23,33.0,353,0.0
5707,2022-03-24,Western,Cocoa,5.6,0.0,13.99,27.4,358,0.0
5708,2022-03-24,Eastern,Maize,2.96,0.0,2.65,26.2,160,0.0
5709,2022-03-24,Eastern,Cassava,6.66,0.0,1.14,32.3,457,0.0
5710,2022-03-25,Greater Accra,Maize,2.05,0.0,2.63,27.6,204,0.0
5711,2022-03-25,Greater Accra,Cassava,6.77,0.0,1.42,24.1,147,0.0
5712,2022-03-25,Greater Accra,Cocoa,2.35,0.0,12.9,24.5,358,0.0
5713,2022-03-25,Ashanti,Cocoa,5.31,0.0,12.75,24.4,176,0.0
5714,2022-03-25,Northern,Maize,7.95,0.0,3.03,25.4,331,0.0
5715,2022-03-25,Northern,Cocoa,3.35,0.0,11.51,31.2,273,0.0
5716,2022-03-25,Western,Maize,5.43,0.0,3.22,28.6,228,0.0
5717,2022-03-25,Western,Cassava,2.2,0.0,1.46,24.1,219,0.0
5718,2022-03-25,Western,Cocoa,0.0,0.0,11.6,29.3,251,0.0
5719,2022-03-25,Eastern,Maize,2.06,0.0,3.01,24.3,113,0.0
5720,2022-03-25,Eastern,Cassava,0.0,0.0,1.32,27.3,464,0.0
5721,2022-03-25,Eastern,Cocoa,0.0,0.0,14.15,26.5,438,0.0
5722,2022-03-26,Greater Accra,Maize,0.0,0.0,2.98,24.6,456,0.0
5723,2022-03-26,Greater Accra,Cocoa,8.42,0.0,12.88,32.0,141,0.0
5724,2022-03-26,Ashanti,Maize,3.38,0.0,2.82,29.2,431,0.0
5725,2022-03-26,Ashanti,Cassava,1.1,0.0,1.43,29.5,441,0.0
5726,2022-03-26,Northern,Maize,4.99,0.0,2.61,25.4,157,0.0
5727,2022-03-26,Northern,Cassava,6.03,0.0,1.29,24.9,334,0.0
5728,2022-03-26,Northern,Cocoa,8.4,0.0,11.92,24.3,319,0.0
5729,2022-03-26,Western,Maize,4.68,0.0,2.42,27.2,280,0.0
5730,2022-03-26,Western,Cassava,9.48,0.0,1.48,29.2,230,0.0
5731,2022-03-26,Western,Cocoa,0.0,0.0,11.84,26.2,492,0.0
5732,2022-03-26,Eastern,Maize,9.76,0.0,2.86,24.3,489,0.0
5733,2022-03-26,Eastern,Cassava,6.13,0.0,1.12,29.8,344,0.0
5734,2022-03-27,Greater Accra,Maize,0.0,0.0,2.94,32.0,133,0.0
5735,2022-03-27,Greater Accra,Cassava,4.85,0.0,1.18,33.4,345,0.0
5736,2022-03-27,Ashanti,Maize,4.33,0.0,2.66,27.4,257,0.0
5737,2022-03-27,Ashanti,Cassava,13.05,0.0,1.33,29.6,94,0.0
5738,2022-03-27,Ashanti,Cocoa,1.65,0.0,12.28,28.3,202,0.0
5739,2022-03-27,Northern,Maize,4.16,0.0,2.56,32.5,190,0.0
5740,2022-03-27,Northern,Cassava,0.0,0.0,1.46,25.2,343,0.0
5741,2022-03-27,Western,Maize,11.33,0.0,2.97,25.0,155,0.0
5742,2022-03-27,Western,Cassava,0.59,0.0,1.17,28.3,385,0.0
5743,2022-03-27,Western,Cocoa,9.61,0.0,15.71,31.3,351,0.0
5744,2022-03-27,Eastern,Maize,0.0,0.0,3.27,29.8,374,0.0
5745,2022-03-27,Eastern,Cassava,1.7,0.0,1.16,33.2,316,0.0
5746,2022-03-27,Eastern,Cocoa,3.48,0.0,12.42,27.2,251,0.0
5747,2022-03-28,Greater Accra,Cassava,5.16,0.0,1.42,31.1,380,0.0
5748,2022-03-28,Greater Accra,Cocoa,1.57,0.0,13.48,26.2,348,0.0
5749,2022-03-28,Ashanti,Maize,1.11,0.0,2.81,31.3,201,0.0
5750,2022-03-28,Ashanti,Cassava,4.78,0.0,1.58,24.4,343,0.0
5751,2022-03-28,Ashanti,Cocoa,0.0,0.0,13.98,27.9,316,0.0
5752,2022-03-28,Northern,Maize,5.36,0.0,2.97,26.5,105,0.0
5753,2022-03-28,Northern,Cassava,4.51,0.0,1.32,33.1,226,0.0
5754,2022-03-28,Northern,Cocoa,10.87,0.0,15.97,24.4,410,0.0
5755,2022-03-28,Western,Cocoa,4.85,0.0,16.03,33.7,183,0.0
5756,2022-03-28,Eastern,Maize,2.42,0.0,2.74,30.7,87,0.0
5757,2022-03-28,Eastern,Cassava,0.0,0.0,1.15,24.4,377,0.0
5758,2022-03-28,Eastern,Cocoa,5.31,0.0,16.61,28.7,463,0.0
5759,2022-03-29,Greater Accra,Maize,5.73,0.0,2.55,25.5,137,0.0
5760,2022-03-29,Greater Accra,Cassava,6.95,0.0,1.32,32.7,252,0.0
5761,2022-03-29,Greater Accra,Cocoa,5.74,0.0,13.74,26.5,76,0.0
5762,2022-03-29,Ashanti,Maize,3.95,0.0,2.78,25.5,382,0.0
5763,2022-03-29,Ashanti,Cassava,5.49,0.0,1.57,31.1,232,0.0
5764,2022-03-29,Ashanti,Cocoa,7.12,0.0,16.58,27.2,396,0.0
5765,2022-03-29,Northern,Cassava,0.0,0.0,1.28,33.1,330,0.0
5766,2022-03-29,Northern,Cocoa,2.38,0.0,13.36,25.8,187,0.0
5767,2022-03-29,Western,Maize,0.16,0.0,2.78,28.1,100,0.0
5768,2022-03-29,Western,Cassava,2.95,0.0,1.29,25.9,51,0.0
5769,2022-03-29,Western,Cocoa,14.87,0.0,11.49,28.5,274,0.0
5770,2022-03-29,Eastern,Maize,8.01,0.0,2.55,31.9,170,0.0
5771,2022-03-29,Eastern,Cassava,6.88,0.0,1.48,24.1,95,0.0
5772,2022-03-29,Eastern,Cocoa,2.69,0.0,12.19,28.1,385,0.0
5773,2022-03-30,Greater Accra,Maize,3.02,0.0,2.92,29.9,196,0.0
5774,2022-03-30,Greater Accra,Cassava,1.99,0.0,1.14,28.8,69,0.0
5775,2022-03-30,Ashanti,Cassava,6.75,0.0,1.57,30.3,73,0.0
5776,2022-03-30,Ashanti,Cocoa,10.93,0.0,14.93,33.1,358,0.0
5777,2022-03-30,Northern,Maize,1.31,0.0,3.08,33.0,123,0.0
5778,2022-03-30,Northern,Cassava,4.84,0.0,1.21,28.5,323,0.0
5779,2022-03-30,Western,Maize,8.27,0.0,3.01,33.7,475,0.0
5780,2022-03-30,Western,Cassava,5.25,0.0,1.53,27.0,244,0.0
5781,2022-03-30,Western,Cocoa,1.34,0.0,16.08,29.6,113,0.0
5782,2022-03-30,Eastern,Maize,8.8,0.0,3.21,32.1,274,0.0
5783,2022-03-30,Eastern,Cassava,1.95,0.0,1.41,30.5,109,0.0
5784,2022-03-30,Eastern,Cocoa,4.08,0.0,13.53,26.3,200,0.0
5785,2022-03-31,Greater Accra,Cassava,3.0,0.0,1.42,27.7,241,0.0
5786,2022-03-31,Ashanti,Maize,7.71,0.0,2.84,27.5,358,0.0
5787,2022-03-31,Ashanti,Cocoa,6.0,0.0,13.94,26.1,457,0.0
5788,2022-03-31,Northern,Maize,7.96,0.0,3.28,30.1,63,0.0
5789,2022-03-31,Northern,Cassava,1.19,0.0,1.32,33.3,403,0.0
5790,2022-03-31,Northern,Cocoa,0.0,0.0,16.24,24.4,100,0.0
5791,2022-03-31,Western,Maize,14.63,0.0,2.83,24.7,352,0.0
5792,2022-03-31,Western,Cassava,0.0,0.0,1.28,31.6,383,0.0
5793,2022-03-31,Western,Cocoa,3.27,0.0,13.13,28.7,318,0.0
5794,2022-03-31,Eastern,Maize,3.91,0.0,2.67,25.7,81,0.0
5795,2022-03-31,Eastern,Cassava,5.95,0.0,1.35,30.2,431,0.0
5796,2022-03-31,Eastern,Cocoa,5.52,0.0,14.4,32.6,239,0.0
5797,2022-04-01,Greater Accra,Maize,8.49,0.0,3.14,31.1,92,0.0
5798,2022-04-01,Greater Accra,Cassava,11.89,0.0,1.56,29.1,410,0.0
5799,2022-04-01,Greater Accra,Cocoa,12.91,0.0,16.35,31.8,336,0.0
5800,2022-04-01,Ashanti,Maize,9.35,0.0,2.85,27.9,114,0.0
5801,2022-04-01,Ashanti,Cassava,12.76,0.0,1.47,30.0,374,0.0
5802,2022-04-01,Ashanti,Cocoa,36.99,0.0,16.87,32.7,111,0.0
5803,2022-04-01,Northern,Maize,14.62,0.0,2.95,31.1,486,0.0
5804,2022-04-01,Northern,Cassava,11.04,0.0,1.61,30.2,476,0.0
5805,2022-04-01,Western,Maize,48.96,0.0,2.83,27.4,83,0.0
5806,2022-04-01,Western,Cocoa,17.95,0.0,11.86,25.7,177,0.0
5807,2022-04-01,Eastern,Maize,25.72,0.0,2.75,31.7,257,0.0
5808,2022-04-01,Eastern,Cassava,27.86,0.0,1.18,25.8,379,0.0
5809,2022-04-01,Eastern,Cocoa,6.54,0.0,15.93,31.4,60,0.0
5810,2022-04-02,Greater Accra,Maize,11.87,0.0,3.08,32.3,87,0.0
5811,2022-04-02,Greater Accra,Cassava,8.72,0.0,1.14,25.8,477,0.0
5812,2022-04-02,Ashanti,Cassava,5.05,0.0,1.3,24.6,173,0.0
5813,2022-04-02,Ashanti,Cocoa,35.05,0.0,11.52,31.0,348,0.0
5814,2022-04-02,Northern,Cassava,25.33,0.0,1.51,32.2,81,0.0
5815,2022-04-02,Northern,Cocoa,19.09,0.0,14.05,30.5,343,0.0
5816,2022-04-02,Western,Maize,33.64,0.0,3.27,33.3,131,0.0
5817,2022-04-02,Western,Cassava,42.0,0.0,1.17,24.4,387,0.0
5818,2022-04-02,Western,Cocoa,27.83,0.0,14.0,32.5,460,0.0
5819,2022-04-02,Eastern,Cassava,29.65,0.0,1.49,31.8,272,0.0
5820,2022-04-02,Eastern,Cocoa,3.69,0.0,15.15,26.4,371,0.0
5821,2022-04-03,Greater Accra,Maize,12.43,0.0,2.9,33.3,449,0.0
5822,2022-04-03,Greater Accra,Cassava,15.27,0.0,1.28,30.4,182,0.0
5823,2022-04-03,Greater Accra,Cocoa,0.0,0.0,16.72,30.3,218,0.0
5824,2022-04-03,Ashanti,Maize,38.65,0.0,2.44,32.0,145,0.0
5825,2022-04-03,Ashanti,Cocoa,18.88,0.0,13.91,26.9,205,0.0
5826,2022-04-03,Northern,Maize,24.61,0.0,2.51,27.2,234,0.0
5827,2022-04-03,Northern,Cassava,19.36,0.0,1.11,27.9,285,0.0
5828,2022-04-03,Northern,Cocoa,9.54,0.0,16.12,30.7,386,0.0
5829,2022-04-03,Western,Maize,11.2,0.0,3.1,28.1,180,0.0
5830,2022-04-03,Western,Cassava,34.77,0.0,1.52,31.5,285,0.0
5831,2022-04-03,Western,Cocoa,32.21,0.0,16.56,30.1,193,0.0
5832,2022-04-03,Eastern,Maize,7.67,0.0,2.59,30.6,266,0.0
5833,2022-04-03,Eastern,Cocoa,28.01,0.0,16.75,28.9,335,0.0
5834,2022-04-04,Greater Accra,Maize,22.71,0.0,2.92,24.6,275,0.0
5835,2022-04-04,Greater Accra,Cassava,13.22,0.0,1.28,27.4,455,0.0
5836,2022-04-04,Greater Accra,Cocoa,9.7,0.0,15.95,30.5,385,0.0
5837,2022-04-04,Ashanti,Maize,10.79,0.0,3.02,25.9,213,0.0
5838,2022-04-04,Ashanti,Cassava,17.22,0.0,1.13,28.4,349,0.0
5839,2022-04-04,Ashanti,Cocoa,30.55,0.0,12.17,24.6,476,0.0
5840,2022-04-04,Northern,Maize,24.44,0.0,2.73,26.3,430,0.0
5841,2022-04-04,Northern,Cassava,9.41,0.0,1.28,33.9,187,0.0
5842,2022-04-04,Northern,Cocoa,21.93,0.0,14.82,24.2,136,0.0
5843,2022-04-04,Western,Maize,43.2,0.0,2.34,25.4,449,0.0
5844,2022-04-04,Western,Cassava,32.29,0.0,1.4,28.4,156,0.0
5845,2022-04-04,Western,Cocoa,24.56,0.0,16.63,28.9,453,0.0
5846,2022-04-04,Eastern,Maize,14.84,0.0,2.32,31.5,229,0.0
5847,2022-04-04,Eastern,Cassava,34.35,0.0,1.25,33.6,421,0.0
5848,2022-04-04,Eastern,Cocoa,17.8,0.0,15.18,31.5,321,0.0
5849,2022-04-05,Greater Accra,Maize,0.0,0.0,3.15,28.4,459,0.0
5850,2022-04-05,Greater Accra,Cassava,15.89,0.0,1.24,24.6,201,0.0
5851,2022-04-05,Ashanti,Maize,11.93,0.0,2.77,29.0,313,0.0
5852,2022-04-05,Ashanti,Cassava,16.62,0.0,1.52,28.5,101,0.0
5853,2022-04-05,Ashanti,Cocoa,16.44,0.0,12.35,28.7,290,0.0
5854,2022-04-05,Northern,Maize,29.14,0.0,2.91,30.6,130,0.0
5855,2022-04-05,Northern,Cassava,20.28,0.0,1.46,32.5,282,0.0
5856,2022-04-05,Northern,Cocoa,14.95,0.0,16.67,28.4,445,0.0
5857,2022-04-05,Western,Maize,31.09,0.0,2.86,26.9,230,0.0
5858,2022-04-05,Western,Cocoa,42.02,0.0,13.94,25.2,324,0.0
5859,2022-04-05,Eastern,Maize,29.62,0.0,2.94,30.9,301,0.0
5860,2022-04-05,Eastern,Cassava,35.57,0.0,1.22,30.8,211,0.0
5861,2022-04-06,Greater Accra,Maize,11.74,0.0,2.81,26.0,485,0.0
5862,2022-04-06,Greater Accra,Cassava,23.43,0.0,1.6,26.8,456,0.0
5863,2022-04-06,Greater Accra,Cocoa,21.38,0.0,16.44,24.4,482,0.0
5864,2022-04-06,Ashanti,Maize,5.91,0.0,2.65,29.5,489,0.0
5865,2022-04-06,Ashanti,Cassava,36.8,0.0,1.44,28.1,449,0.0
5866,2022-04-06,Ashanti,Cocoa,14.68,0.0,12.35,33.3,154,0.0
5867,2022-04-06,Northern,Maize,28.96,0.0,2.77,27.6,174,0.0
5868,2022-04-06,Northern,Cassava,7.15,0.0,1.32,33.4,393,0.0
5869,2022-04-06,Northern,Cocoa,9.03,0.0,14.88,28.5,378,0.0
5870,2022-04-06,Western,Maize,29.75,0.0,2.51,27.5,165,0.0
5871,2022-04-06,Western,Cassava,19.03,0.0,1.38,33.8,139,0.0
5872,2022-04-06,Eastern,Maize,21.98,0.0,2.89,30.7,266,0.0
5873,2022-04-06,Eastern,Cassava,34.4,0.0,1.3,33.3,109,0.0
5874,2022-04-07,Greater Accra,Maize,3.98,0.0,3.2,30.8,297,0.0
5875,2022-04-07,Greater Accra,Cassava,4.72,0.0,1.37,33.4,318,0.0
5876,2022-04-07,Greater Accra,Cocoa,11.43,0.0,13.74,31.9,192,0.0
5877,2022-04-07,Ashanti,Maize,4.68,0.0,2.61,27.7,174,0.0
5878,2022-04-07,Ashanti,Cocoa,36.78,0.0,16.85,27.6,227,0.0
5879,2022-04-07,Northern,Maize,14.55,0.0,2.61,31.9,183,0.0
5880,2022-04-07,Northern,Cassava,23.2,0.0,1.54,30.0,444,0.0
5881,2022-04-07,Northern,Cocoa,7.23,0.0,12.57,33.6,296,0.0
5882,2022-04-07,Western,Maize,15.52,0.0,2.81,29.4,436,0.0
5883,2022-04-07,Western,Cassava,44.95,0.0,1.55,30.0,386,0.0
5884,2022-04-07,Western,Cocoa,9.83,0.0,13.97,29.3,303,0.0
5885,2022-04-07,Eastern,Cassava,30.06,0.0,1.19,30.8,468,0.0
5886,2022-04-07,Eastern,Cocoa,16.73,0.0,14.03,30.2,428,0.0
5887,2022-04-08,Greater Accra,Maize,3.37,0.0,3.19,28.9,66,0.0
5888,2022-04-08,Greater Accra,Cassava,13.65,0.0,1.21,25.4,196,0.0
5889,2022-04-08,Ashanti,Maize,8.06,0.0,2.98,32.5,173,0.0
5890,2022-04-08,Ashanti,Cocoa,15.74,0.0,12.89,26.9,343,0.0
5891,2022-04-08,Northern,Cassava,21.19,0.0,1.13,24.8,309,0.0
5892,2022-04-08,Western,Maize,12.35,0.0,3.3,27.5,377,0.0
5893,2022-04-08,Western,Cassava,48.37,0.0,1.3,26.9,136,0.0
5894,2022-04-08,Western,Cocoa,41.54,0.0,13.32,25.5,130,0.0
5895,2022-04-08,Eastern,Maize,24.86,0.0,2.32,33.9,478,0.0
5896,2022-04-08,Eastern,Cassava,0.0,0.0,1.55,30.1,53,0.0
5897,2022-04-08,Eastern,Cocoa,32.98,0.0,15.03,32.6,199,0.0
5898,2022-04-09,Greater Accra,Maize,20.8,0.0,2.3,30.8,246,0.0
5899,2022-04-09,Greater Accra,Cassava,14.18,0.0,1.17,24.2,153,0.0
5900,2022-04-09,Greater Accra,Cocoa,11.05,0.0,15.77,30.4,354,0.0
5901,2022-04-09,Ashanti,Maize,21.9,0.0,2.67,31.2,84,0.0
5902,2022-04-09,Ashanti,Cassava,35.59,0.0,1.36,26.4,390,0.0
5903,2022-04-09,Ashanti,Cocoa,28.31,0.0,16.45,27.6,158,0.0
5904,2022-04-09,Northern,Cocoa,12.7,0.0,13.0,24.9,63,0.0
5905,2022-04-09,Western,Maize,9.57,0.0,3.3,27.4,315,0.0
5906,2022-04-09,Western,Cassava,27.44,0.0,1.25,27.9,327,0.0
5907,2022-04-09,Western,Cocoa,19.98,0.0,12.12,29.2,223,0.0
5908,2022-04-09,Eastern,Maize,28.79,0.0,3.32,31.5,118,0.0
5909,2022-04-09,Eastern,Cassava,31.75,0.0,1.13,26.9,181,0.0
5910,2022-04-09,Eastern,Cocoa,0.0,0.0,15.54,30.0,477,0.0
5911,2022-04-10,Greater Accra,Maize,10.98,0.0,2.8,33.5,153,0.0
5912,2022-04-10,Greater Accra,Cassava,26.16,0.0,1.37,33.4,61,0.0
5913,2022-04-10,Ashanti,Cassava,9.31,0.0,1.32,29.4,60,0.0
5914,2022-04-10,Ashanti,Cocoa,42.34,0.0,13.65,32.9,315,0.0
5915,2022-04-10,Northern,Maize,18.89,0.0,3.25,33.5,226,0.0
5916,2022-04-10,Northern,Cassava,8.74,0.0,1.27,26.8,183,0.0
5917,2022-04-10,Northern,Cocoa,10.74,0.0,13.22,33.2,175,0.0
5918,2022-04-10,Western,Cassava,9.49,0.0,1.56,32.2,449,0.0
5919,2022-04-10,Western,Cocoa,55.67,0.0,16.47,30.7,104,0.0
5920,2022-04-10,Eastern,Maize,34.5,0.0,2.78,33.0,216,0.0
5921,2022-04-10,Eastern,Cassava,17.45,0.0,1.45,25.4,109,0.0
5922,2022-04-10,Eastern,Cocoa,8.7,0.0,13.36,25.6,494,0.0
5923,2022-04-11,Greater Accra,Maize,21.99,0.0,2.49,30.0,347,0.0
5924,2022-04-11,Greater Accra,Cassava,16.2,0.0,1.34,27.0,188,0.0
5925,2022-04-11,Greater Accra,Cocoa,4.88,0.0,12.1,32.8,365,0.0
5926,2022-04-11,Ashanti,Maize,16.02,0.0,3.32,32.8,390,0.0
5927,2022-04-11,Ashanti,Cassava,7.99,0.0,1.28,30.7,222,0.0
5928,2022-04-11,Ashanti,Cocoa,31.55,0.0,16.49,29.2,207,0.0
5929,2022-04-11,Northern,Maize,17.14,0.0,3.15,29.3,252,0.0
5930,2022-04-11,Northern,Cassava,24.78,0.0,1.2,25.1,69,0.0
5931,2022-04-11,Northern,Cocoa,0.65,0.0,12.23,26.0,338,0.0
5932,2022-04-11,Western,Maize,25.19,0.0,2.6,24.5,108,0.0
5933,2022-04-11,Western,Cocoa,3.57,0.0,13.01,26.9,96,0.0
5934,2022-04-11,Eastern,Maize,4.42,0.0,2.94,29.5,202,0.0
5935,2022-04-11,Eastern,Cassava,22.44,0.0,1.38,30.2,338,0.0
5936,2022-04-11,Eastern,Cocoa,13.6,0.0,11.65,24.2,197,0.0
5937,2022-04-12,Greater Accra,Maize,14.59,0.0,2.57,24.5,484,0.0
5938,2022-04-12,Greater Accra,Cassava,10.64,0.0,1.29,26.9,272,0.0
5939,2022-04-12,Greater Accra,Cocoa,10.76,0.0,15.36,29.0,218,0.0
5940,2022-04-12,Ashanti,Maize,11.43,0.0,3.18,33.6,239,0.0
5941,2022-04-12,Ashanti,Cassava,13.95,0.0,0.0,32.4,351,0.0
5942,2022-04-12,Ashanti,Cocoa,19.13,0.0,12.24,30.5,56,0.0
5943,2022-04-12,Northern,Maize,10.83,0.0,3.0,27.3,476,0.0
5944,2022-04-12,Northern,Cassava,28.04,0.0,1.55,28.8,382,0.0
5945,2022-04-12,Northern,Cocoa,25.62,0.0,13.86,28.4,467,0.0
5946,2022-04-12,Western,Maize,35.55,0.0,3.07,25.5,398,0.0
5947,2022-04-12,Western,Cocoa,46.96,0.0,16.5,25.3,322,0.0
5948,2022-04-12,Eastern,Maize,11.33,0.0,2.6,26.4,223,0.0
5949,2022-04-12,Eastern,Cassava,6.24,0.0,1.45,33.8,418,0.0
5950,2022-04-12,Eastern,Cocoa,20.53,0.0,15.51,30.3,328,0.0
5951,2022-04-13,Greater Accra,Maize,12.48,0.0,3.31,32.9,93,0.0
5952,2022-04-13,Greater Accra,Cassava,18.14,0.0,1.2,26.6,352,0.0
5953,2022-04-13,Greater Accra,Cocoa,15.8,0.0,15.55,28.9,206,0.0
5954,2022-04-13,Ashanti,Maize,17.22,0.0,2.33,26.3,193,0.0
5955,2022-04-13,Ashanti,Cassava,17.36,0.0,1.28,33.5,349,0.0
5956,2022-04-13,Ashanti,Cocoa,13.49,0.0,14.5,27.9,145,0.0
5957,2022-04-13,Northern,Cassava,4.85,0.0,1.43,31.4,445,0.0
5958,2022-04-13,Northern,Cocoa,13.65,0.0,16.45,32.9,366,0.0
5959,2022-04-13,Western,Maize,11.78,0.0,2.73,28.8,213,0.0
5960,2022-04-13,Western,Cassava,48.53,0.0,1.51,30.5,179,0.0
5961,2022-04-13,Eastern,Maize,26.64,0.0,2.63,25.5,166,0.0
5962,2022-04-13,Eastern,Cassava,10.27,0.0,1.4,33.7,372,0.0
5963,2022-04-13,Eastern,Cocoa,28.93,0.0,12.36,27.7,445,0.0
5964,2022-04-14,Greater Accra,Cassava,12.41,0.0,1.23,30.6,493,0.0
5965,2022-04-14,Ashanti,Maize,17.01,0.0,2.94,29.8,407,0.0
5966,2022-04-14,Ashanti,Cassava,3.83,0.0,1.1,27.1,222,0.0
5967,2022-04-14,Ashanti,Cocoa,40.56,0.0,12.83,31.6,498,0.0
5968,2022-04-14,Northern,Maize,21.18,0.0,2.87,33.4,196,0.0
5969,2022-04-14,Northern,Cassava,13.67,0.0,1.46,33.3,67,0.0
5970,2022-04-14,Western,Maize,38.68,0.0,3.18,32.6,232,0.0
5971,2022-04-14,Western,Cassava,51.6,0.0,0.0,27.7,183,0.0
5972,2022-04-14,Western,Cocoa,27.71,0.0,16.84,27.4,447,0.0
5973,2022-04-14,Eastern,Cassava,17.24,0.0,1.16,24.6,88,0.0
5974,2022-04-14,Eastern,Cocoa,14.46,0.0,13.56,27.8,491,0.0
5975,2022-04-15,Greater Accra,Maize,25.68,0.0,3.16,31.0,325,0.0
5976,2022-04-15,Greater Accra,Cassava,16.7,0.0,1.57,29.6,386,0.0
5977,2022-04-15,Greater Accra,Cocoa,14.12,0.0,14.48,26.5,270,0.0
5978,2022-04-15,Ashanti,Maize,39.44,0.0,2.74,32.5,202,0.0
5979,2022-04-15,Ashanti,Cassava,31.87,0.0,1.29,33.4,136,0.0
5980,2022-04-15,Ashanti,Cocoa,31.42,0.0,16.33,31.0,335,0.0
5981,2022-04-15,Northern,Maize,5.41,0.0,2.61,27.1,438,0.0
5982,2022-04-15,Northern,Cassava,19.81,0.0,1.45,27.6,383,0.0
5983,2022-04-15,Western,Maize,15.84,0.0,2.35,31.4,90,0.0
5984,2022-04-15,Western,Cocoa,28.79,0.0,16.72,26.7,200,0.0
5985,2022-04-15,Eastern,Maize,26.14,0.0,3.19,28.2,101,0.0
5986,2022-04-15,Eastern,Cassava,21.14,0.0,1.53,32.7,125,0.0
5987,2022-04-16,Greater Accra,Maize,25.72,0.0,2.3,24.7,351,0.0
5988,2022-04-16,Greater Accra,Cassava,5.88,0.0,1.24,28.9,499,0.0
5989,2022-04-16,Greater Accra,Cocoa,3.8,0.0,12.88,32.2,64,0.0
5990,2022-04-16,Ashanti,Maize,9.17,0.0,3.35,28.3,77,0.0
5991,2022-04-16,Ashanti,Cassava,18.93,0.0,1.34,24.4,290,0.0
5992,2022-04-16,Ashanti,Cocoa,25.75,0.0,13.79,27.1,398,0.0
5993,2022-04-16,Northern,Cocoa,30.74,0.0,15.28,30.1,420,0.0
5994,2022-04-16,Western,Maize,29.62,0.0,3.36,32.0,413,0.0
5995,2022-04-16,Western,Cassava,20.82,0.0,1.4,28.7,209,0.0
5996,2022-04-16,Western,Cocoa,47.58,0.0,12.1,24.5,297,0.0
5997,2022-04-16,Eastern,Maize,37.89,0.0,3.06,25.9,424,0.0
5998,2022-04-16,Eastern,Cassava,36.48,0.0,1.58,32.2,106,0.0
5999,2022-04-16,Eastern,Cocoa,26.74,0.0,12.08,26.1,118,0.0
6000,2022-04-17,Greater Accra,Maize,22.31,0.0,3.25,28.9,115,0.0
6001,2022-04-17,Greater Accra,Cassava,18.65,0.0,1.1,24.9,451,0.0
6002,2022-04-17,Ashanti,Cassava,16.78,0.0,1.51,29.8,94,0.0
6003,2022-04-17,Northern,Maize,23.19,0.0,2.86,33.7,118,0.0
6004,2022-04-17,Northern,Cassava,17.22,0.0,1.53,28.2,278,0.0
6005,2022-04-17,Northern,Cocoa,3.57,0.0,12.77,33.0,488,0.0
6006,2022-04-17,Western,Maize,51.92,0.0,2.51,31.5,216,0.0
6007,2022-04-17,Western,Cassava,41.85,0.0,1.36,33.4,444,0.0
6008,2022-04-17,Western,Cocoa,41.13,0.0,12.15,31.7,399,0.0
6009,2022-04-17,Eastern,Maize,11.86,0.0,3.28,24.3,192,0.0
6010,2022-04-17,Eastern,Cassava,11.47,0.0,1.34,30.3,348,0.0
6011,2022-04-17,Eastern,Cocoa,14.88,0.0,16.66,24.4,415,0.0
6012,2022-04-18,Greater Accra,Maize,20.96,0.0,2.44,27.1,414,0.0
6013,2022-04-18,Greater Accra,Cassava,6.0,0.0,1.57,27.6,251,0.0
6014,2022-04-18,Greater Accra,Cocoa,17.93,0.0,12.8,32.3,329,0.0
6015,2022-04-18,Ashanti,Maize,18.8,0.0,2.82,28.8,356,0.0
6016,2022-04-18,Ashanti,Cassava,39.38,0.0,1.23,25.2,209,0.0
6017,2022-04-18,Ashanti,Cocoa,5.93,0.0,14.38,26.6,98,0.0
6018,2022-04-18,Northern,Maize,13.32,0.0,2.53,26.2,232,0.0
6019,2022-04-18,Northern,Cocoa,18.38,0.0,13.96,29.9,136,0.0
6020,2022-04-18,Western,Maize,41.06,0.0,2.63,28.8,326,0.0
6021,2022-04-18,Western,Cocoa,11.68,0.0,15.28,24.8,174,0.0
6022,2022-04-18,Eastern,Maize,34.35,0.0,2.74,27.8,261,0.0
6023,2022-04-18,Eastern,Cassava,18.0,0.0,1.2,26.3,179,0.0
6024,2022-04-18,Eastern,Cocoa,12.95,0.0,14.26,31.3,479,0.0
6025,2022-04-19,Greater Accra,Maize,25.8,0.0,3.15,28.9,384,0.0
6026,2022-04-19,Greater Accra,Cassava,19.25,0.0,1.45,31.6,285,0.0
6027,2022-04-19,Greater Accra,Cocoa,15.65,0.0,14.64,25.5,147,0.0
6028,2022-04-19,Ashanti,Maize,40.3,0.0,3.15,27.1,478,0.0
6029,2022-04-19,Ashanti,Cocoa,10.66,0.0,13.35,26.2,338,0.0
6030,2022-04-19,Northern,Maize,14.92,0.0,2.96,32.9,175,0.0
6031,2022-04-19,Northern,Cassava,26.98,0.0,1.35,33.3,400,0.0
6032,2022-04-19,Northern,Cocoa,13.74,0.0,12.02,33.0,392,0.0
6033,2022-04-19,Western,Maize,16.21,0.0,2.93,32.7,228,0.0
6034,2022-04-19,Western,Cassava,25.43,0.0,1.18,25.7,408,0.0
6035,2022-04-19,Western,Cocoa,30.39,0.0,11.69,28.2,266,0.0
6036,2022-04-19,Eastern,Maize,13.51,0.0,2.74,26.1,138,0.0
6037,2022-04-19,Eastern,Cassava,17.73,0.0,1.44,29.7,357,0.0
6038,2022-04-19,Eastern,Cocoa,31.91,0.0,13.36,33.2,289,0.0
6039,2022-04-20,Greater Accra,Maize,2.64,0.0,2.82,32.2,281,0.0
6040,2022-04-20,Greater Accra,Cassava,12.86,0.0,1.35,26.5,304,0.0
6041,2022-04-20,Greater Accra,Cocoa,16.32,0.0,14.53,24.5,358,0.0
6042,2022-04-20,Ashanti,Maize,21.96,0.0,2.86,25.1,66,0.0
6043,2022-04-20,Ashanti,Cassava,25.82,0.0,1.23,31.7,371,0.0
6044,2022-04-20,Ashanti,Cocoa,15.07,0.0,12.43,31.6,455,0.0
6045,2022-04-20,Northern,Cassava,14.77,0.0,1.47,32.6,340,0.0
6046,2022-04-20,Western,Maize,38.19,0.0,2.97,27.9,389,0.0
6047,2022-04-20,Western,Cocoa,11.43,0.0,16.65,33.6,183,0.0
6048,2022-04-20,Eastern,Maize,9.04,0.0,2.8,31.0,404,0.0
6049,2022-04-20,Eastern,Cassava,10.68,0.0,1.35,24.2,248,0.0
6050,2022-04-20,Eastern,Cocoa,21.98,0.0,13.36,33.9,101,0.0
6051,2022-04-21,Greater Accra,Maize,22.54,0.0,3.22,30.6,289,0.0
6052,2022-04-21,Greater Accra,Cocoa,22.34,0.0,14.07,30.0,160,0.0
6053,2022-04-21,Ashanti,Maize,19.3,0.0,2.34,30.1,319,0.0
6054,2022-04-21,Ashanti,Cassava,32.42,0.0,1.34,32.6,175,0.0
6055,2022-04-21,Ashanti,Cocoa,13.72,0.0,13.39,31.7,355,0.0
6056,2022-04-21,Northern,Maize,11.36,0.0,3.16,28.2,236,0.0
6057,2022-04-21,Northern,Cassava,28.68,0.0,1.25,26.5,190,0.0
6058,2022-04-21,Northern,Cocoa,3.15,0.0,15.03,32.6,360,0.0
6059,2022-04-21,Western,Maize,21.76,0.0,2.69,24.4,391,0.0
6060,2022-04-21,Eastern,Maize,6.57,0.0,3.04,31.7,226,0.0
6061,2022-04-21,Eastern,Cassava,24.55,0.0,1.16,31.8,327,0.0
6062,2022-04-22,Greater Accra,Cassava,19.45,0.0,1.27,27.8,442,0.0
6063,2022-04-22,Greater Accra,Cocoa,1.96,0.0,15.02,25.1,103,0.0
6064,2022-04-22,Ashanti,Maize,41.86,0.0,3.08,33.0,371,0.0
6065,2022-04-22,Ashanti,Cassava,21.25,0.0,1.22,27.9,459,0.0
6066,2022-04-22,Ashanti,Cocoa,11.77,0.0,13.91,27.5,90,0.0
6067,2022-04-22,Northern,Maize,9.77,0.0,3.35,25.1,446,0.0
6068,2022-04-22,Northern,Cassava,1.77,0.0,1.56,33.0,276,0.0
6069,2022-04-22,Northern,Cocoa,18.16,0.0,16.51,31.8,231,0.0
6070,2022-04-22,Western,Maize,40.38,0.0,2.54,27.4,55,0.0
6071,2022-04-22,Western,Cassava,18.99,0.0,1.61,24.8,180,0.0
6072,2022-04-22,Western,Cocoa,14.29,0.0,14.39,31.7,375,0.0
6073,2022-04-22,Eastern,Maize,14.58,0.0,3.24,24.7,350,0.0
6074,2022-04-22,Eastern,Cassava,17.46,0.0,1.5,30.6,377,0.0
6075,2022-04-22,Eastern,Cocoa,34.28,0.0,12.04,30.8,457,0.0
6076,2022-04-23,Greater Accra,Maize,12.61,0.0,2.55,33.0,407,0.0
6077,2022-04-23,Greater Accra,Cassava,24.84,0.0,1.39,28.5,133,0.0
6078,2022-04-23,Greater Accra,Cocoa,2.36,0.0,13.11,30.7,470,0.0
6079,2022-04-23,Ashanti,Maize,15.25,0.0,2.56,26.6,441,0.0
6080,2022-04-23,Ashanti,Cassava,37.57,0.0,1.38,25.0,444,0.0
6081,2022-04-23,Ashanti,Cocoa,38.51,0.0,13.81,27.5,489,0.0
6082,2022-04-23,Northern,Maize,10.44,0.0,3.03,25.2,352,0.0
6083,2022-04-23,Northern,Cassava,2.57,0.0,1.23,32.3,484,0.0
6084,2022-04-23,Northern,Cocoa,24.65,0.0,16.28,27.2,453,0.0
6085,2022-04-23,Western,Maize,19.67,0.0,2.84,31.2,52,0.0
6086,2022-04-23,Western,Cassava,4.87,0.0,1.59,26.6,191,0.0
6087,2022-04-23,Eastern,Maize,12.56,0.0,2.5,24.2,207,0.0
6088,2022-04-23,Eastern,Cocoa,18.47,0.0,13.16,31.8,405,0.0
6089,2022-04-24,Greater Accra,Maize,12.23,0.0,2.68,29.5,489,0.0
6090,2022-04-24,Greater Accra,Cassava,17.81,0.0,1.3,25.8,301,0.0
6091,2022-04-24,Greater Accra,Cocoa,15.76,0.0,15.75,30.6,323,0.0
6092,2022-04-24,Ashanti,Maize,26.37,0.0,2.53,27.9,116,0.0
6093,2022-04-24,Ashanti,Cassava,12.36,0.0,1.5,24.6,333,0.0
6094,2022-04-24,Ashanti,Cocoa,6.9,0.0,16.08,28.9,125,0.0
6095,2022-04-24,Northern,Maize,22.42,0.0,2.93,27.7,129,0.0
6096,2022-04-24,Northern,Cassava,7.03,0.0,1.61,27.8,51,0.0
6097,2022-04-24,Northern,Cocoa,21.6,0.0,16.46,33.6,68,0.0
6098,2022-04-24,Western,Maize,9.97,0.0,2.53,26.1,380,0.0
6099,2022-04-24,Western,Cassava,52.07,0.0,1.61,26.3,67,0.0
6100,2022-04-24,Western,Cocoa,10.32,0.0,13.32,33.5,448,0.0
6101,2022-04-24,Eastern,Maize,29.32,0.0,3.33,24.5,483,0.0
6102,2022-04-24,Eastern,Cocoa,26.61,0.0,14.6,32.9,144,0.0
6103,2022-04-25,Greater Accra,Maize,6.11,0.0,3.3,27.2,224,0.0
6104,2022-04-25,Greater Accra,Cassava,14.56,0.0,1.46,25.8,458,0.0
6105,2022-04-25,Greater Accra,Cocoa,15.59,0.0,16.87,30.5,175,0.0
6106,2022-04-25,Ashanti,Maize,6.29,0.0,3.0,24.2,85,0.0
6107,2022-04-25,Ashanti,Cocoa,30.31,0.0,13.84,26.5,346,0.0
6108,2022-04-25,Northern,Maize,17.55,0.0,2.7,29.9,198,0.0
6109,2022-04-25,Northern,Cassava,30.32,0.0,1.2,32.1,302,0.0
6110,2022-04-25,Northern,Cocoa,14.66,0.0,14.26,26.3,132,0.0
6111,2022-04-25,Western,Maize,12.46,0.0,2.43,31.9,364,0.0
6112,2022-04-25,Western,Cocoa,12.97,0.0,16.84,31.5,344,0.0
6113,2022-04-25,Eastern,Maize,38.57,0.0,2.97,33.6,388,0.0
6114,2022-04-25,Eastern,Cassava,16.21,0.0,1.38,26.7,290,0.0
6115,2022-04-26,Greater Accra,Cassava,9.43,0.0,1.26,28.3,259,0.0
6116,2022-04-26,Ashanti,Maize,9.16,0.0,2.3,33.6,492,0.0
6117,2022-04-26,Ashanti,Cassava,10.67,0.0,1.58,33.3,141,0.0
6118,2022-04-26,Northern,Cassava,21.88,0.0,1.33,27.3,104,0.0
6119,2022-04-26,Western,Maize,28.93,0.0,2.44,26.7,351,0.0
6120,2022-04-26,Western,Cocoa,42.84,0.0,13.58,29.6,395,0.0
6121,2022-04-26,Eastern,Cassava,18.54,0.0,1.31,32.8,327,0.0
6122,2022-04-26,Eastern,Cocoa,10.92,0.0,11.85,29.7,303,0.0
6123,2022-04-27,Greater Accra,Maize,20.06,0.0,2.31,25.2,171,0.0
6124,2022-04-27,Ashanti,Maize,28.68,0.0,2.33,29.7,363,0.0
6125,2022-04-27,Ashanti,Cassava,27.02,0.0,1.5,28.4,119,0.0
6126,2022-04-27,Ashanti,Cocoa,26.34,0.0,11.51,28.0,433,0.0
6127,2022-04-27,Northern,Maize,9.18,0.0,3.03,30.1,416,0.0
6128,2022-04-27,Northern,Cocoa,17.38,0.0,16.54,33.9,406,0.0
6129,2022-04-27,Western,Maize,37.46,0.0,2.63,27.2,334,0.0
6130,2022-04-27,Western,Cocoa,23.66,0.0,14.65,30.0,455,0.0
6131,2022-04-27,Eastern,Cassava,33.11,0.0,1.52,33.3,278,0.0
6132,2022-04-27,Eastern,Cocoa,15.44,0.0,12.88,26.4,496,0.0
6133,2022-04-28,Greater Accra,Maize,4.47,0.0,2.61,29.3,416,0.0
6134,2022-04-28,Greater Accra,Cassava,21.65,0.0,1.46,33.3,191,0.0
6135,2022-04-28,Greater Accra,Cocoa,8.05,0.0,15.24,27.0,243,0.0
6136,2022-04-28,Ashanti,Maize,8.94,0.0,2.78,28.4,52,0.0
6137,2022-04-28,Ashanti,Cassava,36.36,0.0,1.16,27.0,292,0.0
6138,2022-04-28,Ashanti,Cocoa,29.93,0.0,16.39,24.1,251,0.0
6139,2022-04-28,Northern,Maize,11.72,0.0,2.58,26.0,138,0.0
6140,2022-04-28,Northern,Cassava,19.91,0.0,1.44,24.2,400,0.0
6141,2022-04-28,Northern,Cocoa,32.62,0.0,15.55,28.1,336,0.0
6142,2022-04-28,Western,Maize,20.84,0.0,2.96,26.9,412,0.0
6143,2022-04-28,Western,Cassava,38.05,0.0,1.46,25.2,237,0.0
6144,2022-04-28,Western,Cocoa,13.22,0.0,14.84,32.9,104,0.0
6145,2022-04-28,Eastern,Maize,27.95,0.0,3.18,27.1,176,0.0
6146,2022-04-28,Eastern,Cassava,17.96,0.0,1.42,27.4,407,0.0
6147,2022-04-28,Eastern,Cocoa,26.52,0.0,15.13,33.3,213,0.0
6148,2022-04-29,Greater Accra,Maize,13.09,0.0,3.09,28.4,302,0.0
6149,2022-04-29,Greater Accra,Cassava,10.08,0.0,1.19,28.1,306,0.0
6150,2022-04-29,Greater Accra,Cocoa,15.11,0.0,12.27,28.0,296,0.0
6151,2022-04-29,Ashanti,Maize,38.48,0.0,2.97,24.6,415,0.0
6152,2022-04-29,Ashanti,Cassava,21.64,0.0,1.43,24.7,349,0.0
6153,2022-04-29,Ashanti,Cocoa,19.54,0.0,13.55,31.6,160,0.0
6154,2022-04-29,Northern,Maize,10.78,0.0,2.8,24.9,246,0.0
6155,2022-04-29,Northern,Cassava,24.38,0.0,1.4,30.9,483,0.0
6156,2022-04-29,Northern,Cocoa,18.45,0.0,16.79,31.6,117,0.0
6157,2022-04-29,Western,Maize,50.63,0.0,2.31,29.7,431,0.0
6158,2022-04-29,Western,Cassava,51.06,0.0,1.3,26.5,410,0.0
6159,2022-04-29,Western,Cocoa,39.14,0.0,16.59,32.3,245,0.0
6160,2022-04-29,Eastern,Maize,23.74,0.0,2.7,32.1,88,0.0
6161,2022-04-29,Eastern,Cassava,16.74,0.0,0.0,24.5,157,0.0
6162,2022-04-29,Eastern,Cocoa,14.41,0.0,14.87,27.9,83,0.0
6163,2022-04-30,Greater Accra,Maize,26.81,0.0,3.09,27.3,214,0.0
6164,2022-04-30,Greater Accra,Cassava,22.2,0.0,1.26,28.7,229,0.0
6165,2022-04-30,Greater Accra,Cocoa,21.48,0.0,13.54,32.9,297,0.0
6166,2022-04-30,Ashanti,Maize,28.27,0.0,2.45,24.4,115,0.0
6167,2022-04-30,Ashanti,Cassava,33.82,0.0,1.4,30.3,276,0.0
6168,2022-04-30,Ashanti,Cocoa,14.1,0.0,12.38,29.0,277,0.0
6169,2022-04-30,Northern,Maize,14.1,0.0,2.41,32.7,460,0.0
6170,2022-04-30,Northern,Cocoa,13.36,0.0,13.06,32.5,436,0.0
6171,2022-04-30,Western,Maize,27.96,0.0,2.75,24.9,110,0.0
6172,2022-04-30,Western,Cassava,8.44,0.0,1.49,30.5,440,0.0
6173,2022-04-30,Western,Cocoa,49.32,0.0,14.58,28.5,170,0.0
6174,2022-04-30,Eastern,Maize,22.92,0.0,3.15,30.7,443,0.0
6175,2022-04-30,Eastern,Cassava,20.34,0.0,1.61,33.6,212,0.0
6176,2022-04-30,Eastern,Cocoa,6.84,0.0,12.82,27.8,85,0.0
6177,2022-05-01,Greater Accra,Cassava,25.06,0.0,1.21,28.8,429,0.0
6178,2022-05-01,Greater Accra,Cocoa,2.22,0.0,13.81,26.3,490,0.0
6179,2022-05-01,Ashanti,Maize,25.82,0.0,2.67,24.3,256,0.0
6180,2022-05-01,Ashanti,Cassava,6.19,0.0,1.27,32.9,190,0.0
6181,2022-05-01,Ashanti,Cocoa,40.05,0.0,12.0,31.3,491,0.0
6182,2022-05-01,Northern,Cocoa,0.0,0.0,12.84,26.4,474,0.0
6183,2022-05-01,Western,Maize,52.49,0.0,3.36,31.1,426,0.0
6184,2022-05-01,Western,Cassava,41.85,0.0,1.6,29.1,222,0.0
6185,2022-05-01,Western,Cocoa,12.64,0.0,13.75,32.3,477,0.0
6186,2022-05-01,Eastern,Maize,20.76,0.0,2.46,26.2,73,0.0
6187,2022-05-01,Eastern,Cassava,22.76,0.0,1.52,26.6,136,0.0
6188,2022-05-01,Eastern,Cocoa,15.54,0.0,16.59,32.9,307,0.0
6189,2022-05-02,Greater Accra,Maize,23.92,0.0,3.31,26.8,328,0.0
6190,2022-05-02,Greater Accra,Cassava,5.7,0.0,1.19,27.4,378,0.0
6191,2022-05-02,Greater Accra,Cocoa,4.97,0.0,11.71,27.0,460,0.0
6192,2022-05-02,Ashanti,Maize,36.97,0.0,2.49,27.4,211,0.0
6193,2022-05-02,Ashanti,Cocoa,40.48,0.0,13.69,32.2,402,0.0
6194,2022-05-02,Northern,Maize,19.27,0.0,2.54,33.9,221,0.0
6195,2022-05-02,Northern,Cassava,8.59,0.0,1.13,30.4,415,0.0
6196,2022-05-02,Western,Maize,17.32,0.0,2.84,27.9,268,0.0
6197,2022-05-02,Western,Cocoa,16.14,0.0,15.08,33.8,156,0.0
6198,2022-05-02,Eastern,Maize,27.48,0.0,2.65,27.2,222,0.0
6199,2022-05-02,Eastern,Cocoa,23.13,0.0,12.63,24.8,173,0.0
6200,2022-05-03,Greater Accra,Maize,21.7,0.0,3.11,29.1,224,0.0
6201,2022-05-03,Greater Accra,Cassava,7.3,0.0,1.18,29.0,383,0.0
6202,2022-05-03,Greater Accra,Cocoa,17.8,0.0,11.84,26.1,235,0.0
6203,2022-05-03,Ashanti,Maize,45.03,0.0,3.26,33.4,420,0.0
6204,2022-05-03,Ashanti,Cassava,41.91,0.0,1.13,26.3,499,0.0
6205,2022-05-03,Ashanti,Cocoa,17.39,0.0,16.47,24.9,96,0.0
6206,2022-05-03,Northern,Cocoa,4.84,0.0,16.54,27.3,316,0.0
6207,2022-05-03,Western,Maize,33.27,0.0,2.46,28.1,444,0.0
6208,2022-05-03,Western,Cassava,52.86,0.0,1.38,28.6,112,0.0
6209,2022-05-03,Western,Cocoa,23.71,0.0,12.28,31.6,215,0.0
6210,2022-05-03,Eastern,Maize,18.74,0.0,3.1,24.8,439,0.0
6211,2022-05-03,Eastern,Cocoa,31.52,0.0,12.51,31.5,387,0.0
6212,2022-05-04,Greater Accra,Maize,11.05,0.0,2.34,31.4,353,0.0
6213,2022-05-04,Greater Accra,Cassava,13.29,0.0,1.33,31.6,196,0.0
6214,2022-05-04,Greater Accra,Cocoa,22.64,0.0,15.34,24.4,61,0.0
6215,2022-05-04,Ashanti,Maize,18.43,0.0,2.75,28.4,154,0.0
6216,2022-05-04,Ashanti,Cocoa,38.53,0.0,13.41,33.3,480,0.0
6217,2022-05-04,Northern,Maize,9.53,0.0,3.11,30.5,348,0.0
6218,2022-05-04,Northern,Cassava,20.54,0.0,1.26,26.1,398,0.0
6219,2022-05-04,Northern,Cocoa,24.55,0.0,14.71,29.7,231,0.0
6220,2022-05-04,Western,Maize,15.62,0.0,2.57,33.4,176,0.0
6221,2022-05-04,Western,Cassava,19.95,0.0,1.21,30.8,395,0.0
6222,2022-05-04,Eastern,Maize,16.66,0.0,2.46,30.8,152,0.0
6223,2022-05-04,Eastern,Cassava,12.24,0.0,1.15,29.2,253,0.0
6224,2022-05-04,Eastern,Cocoa,21.32,0.0,15.7,30.6,62,0.0
6225,2022-05-05,Greater Accra,Maize,16.49,0.0,2.84,30.3,291,0.0
6226,2022-05-05,Greater Accra,Cassava,22.08,0.0,1.58,28.4,277,0.0
6227,2022-05-05,Ashanti,Maize,42.69,0.0,2.3,28.5,241,0.0
6228,2022-05-05,Ashanti,Cassava,34.93,0.0,1.45,33.4,491,0.0
6229,2022-05-05,Ashanti,Cocoa,24.32,0.0,16.02,24.9,129,0.0
6230,2022-05-05,Northern,Maize,16.4,0.0,2.33,28.0,472,0.0
6231,2022-05-05,Northern,Cassava,11.39,0.0,1.23,30.3,204,0.0
6232,2022-05-05,Northern,Cocoa,12.74,0.0,15.16,33.8,365,0.0
6233,2022-05-05,Western,Maize,39.56,0.0,3.31,28.6,375,0.0
6234,2022-05-05,Western,Cassava,47.07,0.0,1.14,28.5,379,0.0
6235,2022-05-05,Western,Cocoa,55.33,0.0,16.82,24.6,285,0.0
6236,2022-05-05,Eastern,Maize,20.32,0.0,2.4,27.1,300,0.0
6237,2022-05-05,Eastern,Cassava,24.05,0.0,1.22,31.4,84,0.0
6238,2022-05-05,Eastern,Cocoa,4.63,0.0,14.37,32.5,83,0.0
6239,2022-05-06,Greater Accra,Maize,0.0,0.0,2.91,26.0,230,0.0
6240,2022-05-06,Greater Accra,Cocoa,3.9,0.0,11.89,32.1,248,0.0
6241,2022-05-06,Ashanti,Maize,16.21,0.0,2.55,26.3,375,0.0
6242,2022-05-06,Ashanti,Cassava,40.26,0.0,1.25,24.1,281,0.0
6243,2022-05-06,Ashanti,Cocoa,16.45,0.0,15.12,28.1,318,0.0
6244,2022-05-06,Northern,Maize,23.54,0.0,2.88,31.0,333,0.0
6245,2022-05-06,Northern,Cassava,8.4,0.0,1.33,33.0,125,0.0
6246,2022-05-06,Northern,Cocoa,19.54,0.0,12.63,33.7,147,0.0
6247,2022-05-06,Western,Maize,26.97,0.0,2.38,33.4,172,0.0
6248,2022-05-06,Western,Cassava,56.06,0.0,1.11,28.1,313,0.0
6249,2022-05-06,Western,Cocoa,39.09,0.0,15.71,24.2,360,0.0
6250,2022-05-06,Eastern,Maize,22.34,0.0,3.19,28.8,273,0.0
6251,2022-05-06,Eastern,Cassava,25.37,0.0,1.55,25.1,232,0.0
6252,2022-05-06,Eastern,Cocoa,30.13,0.0,11.55,33.8,135,0.0
6253,2022-05-07,Greater Accra,Cassava,15.04,0.0,1.29,33.6,86,0.0
6254,2022-05-07,Greater Accra,Cocoa,1.63,0.0,12.02,31.8,360,0.0
6255,2022-05-07,Ashanti,Maize,11.12,0.0,2.38,30.2,140,0.0
6256,2022-05-07,Ashanti,Cassava,22.04,0.0,1.15,24.3,52,0.0
6257,2022-05-07,Ashanti,Cocoa,14.73,0.0,16.13,27.9,157,0.0
6258,2022-05-07,Northern,Maize,27.44,0.0,2.81,29.2,141,0.0
6259,2022-05-07,Northern,Cassava,2.6,0.0,1.27,30.1,441,0.0
6260,2022-05-07,Northern,Cocoa,10.31,0.0,12.12,25.6,349,0.0
6261,2022-05-07,Western,Maize,22.19,0.0,2.83,26.0,289,0.0
6262,2022-05-07,Western,Cassava,30.44,0.0,1.47,32.4,402,0.0
6263,2022-05-07,Western,Cocoa,14.31,0.0,12.95,30.8,400,0.0
6264,2022-05-07,Eastern,Maize,18.87,0.0,3.15,30.4,254,0.0
6265,2022-05-07,Eastern,Cassava,28.24,0.0,1.22,26.4,425,0.0
6266,2022-05-07,Eastern,Cocoa,21.92,0.0,16.36,29.9,484,0.0
6267,2022-05-08,Greater Accra,Maize,26.17,0.0,2.94,31.0,182,0.0
6268,2022-05-08,Greater Accra,Cassava,10.26,0.0,1.58,28.7,281,0.0
6269,2022-05-08,Greater Accra,Cocoa,8.93,0.0,13.04,27.9,425,0.0
6270,2022-05-08,Ashanti,Maize,14.6,0.0,2.48,26.2,303,0.0
6271,2022-05-08,Ashanti,Cassava,23.02,0.0,1.21,25.0,259,0.0
6272,2022-05-08,Ashanti,Cocoa,0.0,0.0,13.03,25.3,307,0.0
6273,2022-05-08,Northern,Maize,8.0,0.0,3.25,24.4,471,0.0
6274,2022-05-08,Northern,Cassava,4.97,0.0,1.48,29.6,433,0.0
6275,2022-05-08,Western,Cassava,46.81,0.0,1.26,32.9,172,0.0
6276,2022-05-08,Western,Cocoa,38.82,0.0,14.04,30.1,202,0.0
6277,2022-05-08,Eastern,Maize,15.51,0.0,2.88,27.4,101,0.0
6278,2022-05-08,Eastern,Cocoa,22.66,0.0,13.0,25.8,299,0.0
6279,2022-05-09,Greater Accra,Cassava,2.37,0.0,1.53,29.0,334,0.0
6280,2022-05-09,Greater Accra,Cocoa,9.22,0.0,16.45,27.8,344,0.0
6281,2022-05-09,Ashanti,Cassava,20.33,0.0,1.33,25.8,79,0.0
6282,2022-05-09,Ashanti,Cocoa,18.91,0.0,15.36,30.7,118,0.0
6283,2022-05-09,Northern,Maize,10.06,0.0,3.37,28.1,488,0.0
6284,2022-05-09,Northern,Cassava,11.8,0.0,1.18,33.2,215,0.0
6285,2022-05-09,Northern,Cocoa,17.2,0.0,12.86,33.4,382,0.0
6286,2022-05-09,Western,Maize,39.41,0.0,2.35,31.8,395,0.0
6287,2022-05-09,Western,Cassava,42.02,0.0,1.41,30.6,405,0.0
6288,2022-05-09,Western,Cocoa,52.63,0.0,14.59,32.7,331,0.0
6289,2022-05-09,Eastern,Maize,33.54,0.0,3.35,31.3,217,0.0
6290,2022-05-09,Eastern,Cassava,18.26,0.0,1.53,33.3,275,0.0
6291,2022-05-09,Eastern,Cocoa,29.43,0.0,16.71,30.1,125,0.0
6292,2022-05-10,Ashanti,Maize,23.73,0.0,3.31,30.9,62,0.0
6293,2022-05-10,Ashanti,Cassava,30.68,0.0,1.43,30.2,435,0.0
6294,2022-05-10,Ashanti,Cocoa,29.1,0.0,14.89,33.7,213,0.0
6295,2022-05-10,Northern,Maize,13.16,0.0,3.17,32.3,178,0.0
6296,2022-05-10,Northern,Cassava,18.48,0.0,1.13,30.6,326,0.0
6297,2022-05-10,Northern,Cocoa,22.8,0.0,16.46,33.9,207,0.0
6298,2022-05-10,Western,Maize,41.8,0.0,2.4,28.6,498,0.0
6299,2022-05-10,Western,Cassava,34.14,0.0,1.22,30.8,358,0.0
6300,2022-05-10,Eastern,Maize,20.44,0.0,3.36,25.7,409,0.0
6301,2022-05-10,Eastern,Cassava,24.34,0.0,1.23,30.6,258,0.0
6302,2022-05-10,Eastern,Cocoa,11.21,0.0,13.07,24.5,312,0.0
6303,2022-05-11,Greater Accra,Maize,7.88,0.0,2.67,24.4,112,0.0
6304,2022-05-11,Greater Accra,Cassava,11.47,0.0,1.26,29.5,456,0.0
6305,2022-05-11,Greater Accra,Cocoa,6.41,0.0,16.77,32.0,98,0.0
6306,2022-05-11,Ashanti,Cassava,0.0,0.0,1.11,27.6,355,0.0
6307,2022-05-11,Ashanti,Cocoa,40.5,0.0,15.22,27.7,393,0.0
6308,2022-05-11,Northern,Maize,4.18,0.0,2.48,32.5,175,0.0
6309,2022-05-11,Northern,Cassava,9.37,0.0,1.54,32.6,428,0.0
6310,2022-05-11,Northern,Cocoa,24.18,0.0,11.97,25.8,52,0.0
6311,2022-05-11,Western,Maize,16.2,0.0,2.31,24.3,246,0.0
6312,2022-05-11,Western,Cocoa,21.89,0.0,14.44,25.3,231,0.0
6313,2022-05-11,Eastern,Maize,30.45,0.0,2.91,29.1,442,0.0
6314,2022-05-11,Eastern,Cocoa,9.4,0.0,15.11,31.1,275,0.0
6315,2022-05-12,Greater Accra,Maize,20.77,0.0,3.27,31.8,376,0.0
6316,2022-05-12,Greater Accra,Cocoa,19.94,0.0,15.99,29.8,370,0.0
6317,2022-05-12,Ashanti,Cassava,33.32,0.0,1.61,33.2,62,0.0
6318,2022-05-12,Ashanti,Cocoa,30.17,0.0,12.98,32.3,72,0.0
6319,2022-05-12,Northern,Maize,8.28,0.0,3.1,33.9,345,0.0
6320,2022-05-12,Northern,Cocoa,15.99,0.0,14.14,32.5,105,0.0
6321,2022-05-12,Western,Cassava,49.66,0.0,1.28,30.5,219,0.0
6322,2022-05-12,Western,Cocoa,14.37,0.0,16.34,29.2,288,0.0
6323,2022-05-12,Eastern,Cassava,12.38,0.0,1.27,30.1,331,0.0
6324,2022-05-12,Eastern,Cocoa,13.28,0.0,13.28,32.5,353,0.0
6325,2022-05-13,Greater Accra,Maize,15.75,0.0,3.22,24.4,443,0.0
6326,2022-05-13,Greater Accra,Cassava,9.08,0.0,1.25,30.8,356,0.0
6327,2022-05-13,Greater Accra,Cocoa,14.44,0.0,16.65,26.3,86,0.0
6328,2022-05-13,Ashanti,Maize,27.41,0.0,2.94,33.2,371,0.0
6329,2022-05-13,Ashanti,Cassava,43.38,0.0,1.52,32.7,295,0.0
6330,2022-05-13,Ashanti,Cocoa,32.22,0.0,12.43,30.7,89,0.0
6331,2022-05-13,Northern,Maize,16.0,0.0,2.83,27.0,471,0.0
6332,2022-05-13,Northern,Cassava,26.45,0.0,1.61,28.3,284,0.0
6333,2022-05-13,Northern,Cocoa,23.23,0.0,16.29,27.5,154,0.0
6334,2022-05-13,Western,Maize,24.62,0.0,2.56,24.0,67,0.0
6335,2022-05-13,Western,Cassava,35.49,0.0,1.44,24.5,357,0.0
6336,2022-05-13,Western,Cocoa,39.38,0.0,16.42,32.1,376,0.0
6337,2022-05-13,Eastern,Maize,10.49,0.0,2.84,30.5,115,0.0
6338,2022-05-13,Eastern,Cassava,8.04,0.0,1.33,30.6,66,0.0
6339,2022-05-13,Eastern,Cocoa,21.0,0.0,15.97,26.0,67,0.0
6340,2022-05-14,Greater Accra,Maize,9.68,0.0,2.96,30.6,94,0.0
6341,2022-05-14,Greater Accra,Cassava,17.59,0.0,1.48,31.4,123,0.0
6342,2022-05-14,Greater Accra,Cocoa,18.6,0.0,11.9,27.7,59,0.0
6343,2022-05-14,Ashanti,Maize,22.66,0.0,3.17,28.0,258,0.0
6344,2022-05-14,Ashanti,Cassava,13.77,0.0,1.33,28.3,266,0.0
6345,2022-05-14,Northern,Maize,10.57,0.0,2.92,28.1,264,0.0
6346,2022-05-14,Northern,Cassava,27.87,0.0,1.55,28.0,200,0.0
6347,2022-05-14,Northern,Cocoa,10.46,0.0,13.59,30.4,397,0.0
6348,2022-05-14,Western,Maize,15.47,0.0,3.0,30.9,365,0.0
6349,2022-05-14,Western,Cassava,22.57,0.0,1.24,33.2,412,0.0
6350,2022-05-14,Western,Cocoa,13.38,0.0,12.42,30.5,486,0.0
6351,2022-05-14,Eastern,Maize,29.64,0.0,3.01,30.3,390,0.0
6352,2022-05-14,Eastern,Cassava,28.41,0.0,1.48,31.9,289,0.0
6353,2022-05-14,Eastern,Cocoa,4.43,0.0,15.06,26.8,322,0.0
6354,2022-05-15,Greater Accra,Maize,14.92,0.0,3.21,25.9,141,0.0
6355,2022-05-15,Greater Accra,Cassava,3.55,0.0,1.25,33.4,122,0.0
6356,2022-05-15,Greater Accra,Cocoa,8.3,0.0,11.53,29.5,73,0.0
6357,2022-05-15,Ashanti,Cassava,32.47,0.0,1.15,29.6,335,0.0
6358,2022-05-15,Ashanti,Cocoa,13.23,0.0,15.63,25.8,487,0.0
6359,2022-05-15,Northern,Maize,11.08,0.0,3.13,32.7,331,0.0
6360,2022-05-15,Northern,Cocoa,2.42,0.0,11.67,28.8,256,0.0
6361,2022-05-15,Western,Maize,28.92,0.0,2.57,28.2,458,0.0
6362,2022-05-15,Western,Cassava,20.25,0.0,1.1,27.2,496,0.0
6363,2022-05-15,Western,Cocoa,29.37,0.0,12.17,33.7,305,0.0
6364,2022-05-15,Eastern,Maize,10.1,0.0,2.32,31.8,278,0.0
6365,2022-05-15,Eastern,Cassava,16.18,0.0,1.52,25.2,414,0.0
6366,2022-05-15,Eastern,Cocoa,35.51,0.0,14.24,24.1,482,0.0
6367,2022-05-16,Greater Accra,Maize,5.25,0.0,2.67,30.3,256,0.0
6368,2022-05-16,Greater Accra,Cassava,15.62,0.0,1.19,25.2,145,0.0
6369,2022-05-16,Greater Accra,Cocoa,25.34,0.0,13.03,26.7,238,0.0
6370,2022-05-16,Ashanti,Maize,21.48,0.0,3.13,33.3,488,0.0
6371,2022-05-16,Ashanti,Cassava,24.49,0.0,1.59,29.5,447,0.0
6372,2022-05-16,Ashanti,Cocoa,29.89,0.0,13.23,28.6,448,0.0
6373,2022-05-16,Northern,Cassava,9.27,0.0,1.13,25.2,58,0.0
6374,2022-05-16,Western,Maize,52.72,0.0,2.97,24.8,377,0.0
6375,2022-05-16,Western,Cassava,17.72,0.0,1.51,28.7,328,0.0
6376,2022-05-16,Western,Cocoa,49.52,0.0,15.0,29.0,105,0.0
6377,2022-05-16,Eastern,Maize,9.92,0.0,2.57,24.4,397,0.0
6378,2022-05-16,Eastern,Cassava,35.83,0.0,1.33,31.5,403,0.0
6379,2022-05-16,Eastern,Cocoa,32.47,0.0,14.99,32.5,186,0.0
6380,2022-05-17,Greater Accra,Maize,26.3,0.0,3.36,28.2,416,0.0
6381,2022-05-17,Greater Accra,Cassava,9.72,0.0,1.4,31.8,319,0.0
6382,2022-05-17,Ashanti,Maize,19.93,0.0,3.26,33.0,72,0.0
6383,2022-05-17,Ashanti,Cassava,21.17,0.0,1.13,26.1,69,0.0
6384,2022-05-17,Ashanti,Cocoa,25.93,0.0,15.99,24.8,230,0.0
6385,2022-05-17,Northern,Maize,9.41,0.0,3.11,24.9,344,0.0
6386,2022-05-17,Northern,Cocoa,8.75,0.0,14.11,24.7,53,0.0
6387,2022-05-17,Western,Maize,28.88,0.0,3.16,31.0,123,0.0
6388,2022-05-17,Western,Cassava,37.9,0.0,1.18,33.3,393,0.0
6389,2022-05-17,Western,Cocoa,42.71,0.0,13.3,24.7,176,0.0
6390,2022-05-17,Eastern,Maize,26.4,0.0,3.25,25.7,151,0.0
6391,2022-05-17,Eastern,Cassava,22.29,0.0,1.34,32.4,137,0.0
6392,2022-05-17,Eastern,Cocoa,25.8,0.0,15.97,26.5,271,0.0
6393,2022-05-18,Greater Accra,Maize,21.7,0.0,2.92,33.0,349,0.0
6394,2022-05-18,Greater Accra,Cassava,6.14,0.0,1.44,25.5,222,0.0
6395,2022-05-18,Greater Accra,Cocoa,15.36,0.0,15.69,31.7,133,0.0
6396,2022-05-18,Ashanti,Maize,0.41,0.0,2.7,29.6,329,0.0
6397,2022-05-18,Ashanti,Cocoa,13.12,0.0,14.22,27.4,449,0.0
6398,2022-05-18,Northern,Maize,4.41,0.0,2.9,31.1,277,0.0
6399,2022-05-18,Northern,Cassava,26.37,0.0,1.46,25.5,72,0.0
6400,2022-05-18,Northern,Cocoa,28.72,0.0,16.43,33.8,357,0.0
6401,2022-05-18,Western,Maize,47.45,0.0,2.64,25.8,84,0.0
6402,2022-05-18,Western,Cassava,53.5,0.0,1.19,31.2,278,0.0
6403,2022-05-18,Western,Cocoa,8.73,0.0,11.77,30.9,389,0.0
6404,2022-05-18,Eastern,Maize,24.46,0.0,2.53,24.7,401,0.0
6405,2022-05-18,Eastern,Cocoa,32.8,0.0,12.55,31.8,408,0.0
6406,2022-05-19,Greater Accra,Maize,17.6,0.0,2.85,30.0,146,0.0
6407,2022-05-19,Greater Accra,Cassava,6.78,0.0,1.3,26.1,406,0.0
6408,2022-05-19,Greater Accra,Cocoa,17.81,0.0,11.75,27.4,490,0.0
6409,2022-05-19,Ashanti,Maize,6.11,0.0,3.15,26.7,142,0.0
6410,2022-05-19,Ashanti,Cassava,13.62,0.0,1.15,27.8,454,0.0
6411,2022-05-19,Ashanti,Cocoa,29.29,0.0,13.53,25.3,125,0.0
6412,2022-05-19,Northern,Cassava,18.61,0.0,1.46,29.6,84,0.0
6413,2022-05-19,Northern,Cocoa,24.55,0.0,14.44,33.0,104,0.0
6414,2022-05-19,Western,Maize,49.56,0.0,2.64,25.2,304,0.0
6415,2022-05-19,Western,Cassava,45.07,0.0,1.35,26.3,416,0.0
6416,2022-05-19,Western,Cocoa,33.21,0.0,16.19,25.5,335,0.0
6417,2022-05-19,Eastern,Maize,15.07,0.0,3.01,32.5,77,0.0
6418,2022-05-19,Eastern,Cassava,6.36,0.0,1.21,30.4,462,0.0
6419,2022-05-19,Eastern,Cocoa,22.07,0.0,15.87,24.3,354,0.0
6420,2022-05-20,Greater Accra,Maize,7.06,0.0,2.69,24.9,308,0.0
6421,2022-05-20,Greater Accra,Cassava,19.87,0.0,1.62,32.5,368,0.0
6422,2022-05-20,Greater Accra,Cocoa,11.76,0.0,11.8,26.8,480,0.0
6423,2022-05-20,Ashanti,Maize,16.24,0.0,3.07,32.5,62,0.0
6424,2022-05-20,Ashanti,Cassava,43.16,0.0,1.43,31.1,407,0.0
6425,2022-05-20,Ashanti,Cocoa,10.88,0.0,15.34,30.1,111,0.0
6426,2022-05-20,Northern,Cassava,0.0,0.0,1.51,31.3,476,0.0
6427,2022-05-20,Western,Maize,35.36,0.0,0.0,31.0,370,0.0
6428,2022-05-20,Western,Cassava,36.28,0.0,1.61,33.3,82,0.0
6429,2022-05-20,Eastern,Maize,9.56,0.0,3.37,28.5,319,0.0
6430,2022-05-20,Eastern,Cassava,15.33,0.0,1.58,27.3,148,0.0
6431,2022-05-21,Greater Accra,Maize,23.35,0.0,2.75,33.2,71,0.0
6432,2022-05-21,Greater Accra,Cassava,17.09,0.0,1.46,28.4,334,0.0
6433,2022-05-21,Greater Accra,Cocoa,5.62,0.0,15.54,32.5,428,0.0
6434,2022-05-21,Ashanti,Cassava,28.24,0.0,1.27,31.6,274,0.0
6435,2022-05-21,Ashanti,Cocoa,40.64,0.0,13.15,31.3,164,0.0
6436,2022-05-21,Northern,Cassava,16.26,0.0,1.25,30.9,402,0.0
6437,2022-05-21,Northern,Cocoa,20.86,0.0,14.95,28.4,159,0.0
6438,2022-05-21,Western,Maize,13.6,0.0,3.37,32.7,373,0.0
6439,2022-05-21,Western,Cassava,4.66,0.0,1.35,29.7,320,0.0
6440,2022-05-21,Western,Cocoa,53.47,0.0,15.42,28.1,463,0.0
6441,2022-05-21,Eastern,Maize,30.3,0.0,2.51,30.5,438,0.0
6442,2022-05-21,Eastern,Cocoa,27.79,0.0,14.4,33.5,134,0.0
6443,2022-05-22,Greater Accra,Maize,18.98,0.0,3.33,32.5,375,0.0
6444,2022-05-22,Greater Accra,Cassava,8.7,0.0,1.36,27.1,489,0.0
6445,2022-05-22,Greater Accra,Cocoa,15.61,0.0,14.67,27.2,434,0.0
6446,2022-05-22,Ashanti,Maize,13.42,0.0,3.18,31.0,189,0.0
6447,2022-05-22,Ashanti,Cassava,12.35,0.0,1.26,25.4,232,0.0
6448,2022-05-22,Ashanti,Cocoa,30.97,0.0,14.82,26.7,107,0.0
6449,2022-05-22,Northern,Maize,16.47,0.0,3.31,33.5,58,0.0
6450,2022-05-22,Northern,Cassava,23.33,0.0,1.62,24.7,179,0.0
6451,2022-05-22,Northern,Cocoa,20.64,0.0,16.41,30.7,244,0.0
6452,2022-05-22,Western,Maize,31.94,0.0,2.47,25.4,50,0.0
6453,2022-05-22,Western,Cassava,47.61,0.0,1.39,32.1,113,0.0
6454,2022-05-22,Western,Cocoa,31.31,0.0,11.79,29.0,414,0.0
6455,2022-05-22,Eastern,Maize,26.5,0.0,2.41,30.7,106,0.0
6456,2022-05-22,Eastern,Cassava,39.09,0.0,1.52,32.1,176,0.0
6457,2022-05-22,Eastern,Cocoa,30.09,0.0,14.41,29.8,326,0.0
6458,2022-05-23,Greater Accra,Cassava,14.24,0.0,1.36,30.5,428,0.0
6459,2022-05-23,Greater Accra,Cocoa,10.98,0.0,13.66,31.8,283,0.0
6460,2022-05-23,Ashanti,Maize,16.52,0.0,2.45,26.5,436,0.0
6461,2022-05-23,Ashanti,Cassava,37.89,0.0,1.3,26.5,462,0.0
6462,2022-05-23,Ashanti,Cocoa,11.39,0.0,14.19,29.1,166,0.0
6463,2022-05-23,Northern,Maize,15.43,0.0,2.68,32.2,280,0.0
6464,2022-05-23,Northern,Cassava,19.25,0.0,1.14,26.0,151,0.0
6465,2022-05-23,Northern,Cocoa,6.21,0.0,16.13,32.0,190,0.0
6466,2022-05-23,Western,Maize,37.08,0.0,2.95,28.0,269,0.0
6467,2022-05-23,Western,Cassava,54.46,0.0,1.53,25.8,420,0.0
6468,2022-05-23,Western,Cocoa,19.96,0.0,13.72,30.9,344,0.0
6469,2022-05-23,Eastern,Maize,21.39,0.0,2.82,28.8,313,0.0
6470,2022-05-23,Eastern,Cassava,24.06,0.0,1.14,28.4,285,0.0
6471,2022-05-23,Eastern,Cocoa,21.49,0.0,12.59,33.1,62,0.0
6472,2022-05-24,Greater Accra,Maize,20.78,0.0,2.9,32.9,426,0.0
6473,2022-05-24,Greater Accra,Cassava,15.23,0.0,1.43,29.3,70,0.0
6474,2022-05-24,Greater Accra,Cocoa,6.73,0.0,15.75,28.3,217,0.0
6475,2022-05-24,Ashanti,Maize,21.01,0.0,3.25,25.3,121,0.0
6476,2022-05-24,Ashanti,Cocoa,29.35,0.0,12.3,24.2,434,0.0
6477,2022-05-24,Northern,Maize,23.0,0.0,2.65,30.3,273,0.0
6478,2022-05-24,Northern,Cassava,22.84,0.0,1.35,33.9,344,0.0
6479,2022-05-24,Northern,Cocoa,26.2,0.0,16.68,25.4,199,0.0
6480,2022-05-24,Eastern,Cassava,15.83,0.0,1.59,25.0,272,0.0
6481,2022-05-24,Eastern,Cocoa,7.65,0.0,13.47,30.1,440,0.0
6482,2022-05-25,Greater Accra,Cassava,12.94,0.0,1.49,33.5,115,0.0
6483,2022-05-25,Greater Accra,Cocoa,7.05,0.0,11.73,31.1,369,0.0
6484,2022-05-25,Ashanti,Maize,25.0,0.0,3.24,32.3,190,0.0
6485,2022-05-25,Ashanti,Cassava,37.41,0.0,1.27,25.1,66,0.0
6486,2022-05-25,Ashanti,Cocoa,19.73,0.0,11.71,29.4,134,0.0
6487,2022-05-25,Northern,Maize,13.98,0.0,2.72,27.5,208,0.0
6488,2022-05-25,Northern,Cocoa,14.96,0.0,15.58,33.6,139,0.0
6489,2022-05-25,Western,Maize,31.42,0.0,2.7,29.4,188,0.0
6490,2022-05-25,Western,Cassava,18.88,0.0,1.36,27.4,297,0.0
6491,2022-05-25,Western,Cocoa,54.27,0.0,15.87,28.2,193,0.0
6492,2022-05-25,Eastern,Maize,19.49,0.0,2.92,32.8,446,0.0
6493,2022-05-25,Eastern,Cassava,13.6,0.0,1.46,31.5,305,0.0
6494,2022-05-25,Eastern,Cocoa,14.68,0.0,12.97,27.1,197,0.0
6495,2022-05-26,Greater Accra,Maize,12.96,0.0,3.13,30.4,238,0.0
6496,2022-05-26,Greater Accra,Cassava,23.92,0.0,1.43,30.1,397,0.0
6497,2022-05-26,Ashanti,Cocoa,15.24,0.0,14.95,27.6,409,0.0
6498,2022-05-26,Northern,Maize,23.51,0.0,2.63,33.4,303,0.0
6499,2022-05-26,Northern,Cassava,22.68,0.0,1.43,33.9,60,0.0
6500,2022-05-26,Northern,Cocoa,25.49,0.0,15.17,31.1,377,0.0
6501,2022-05-26,Western,Maize,21.01,0.0,3.35,30.7,290,0.0
6502,2022-05-26,Western,Cassava,39.38,0.0,1.24,25.9,208,0.0
6503,2022-05-26,Western,Cocoa,34.49,0.0,13.37,33.9,479,0.0
6504,2022-05-26,Eastern,Maize,30.5,0.0,2.77,25.3,127,0.0
6505,2022-05-26,Eastern,Cassava,29.94,0.0,1.15,29.2,291,0.0
6506,2022-05-26,Eastern,Cocoa,14.61,0.0,14.43,33.0,137,0.0
6507,2022-05-27,Greater Accra,Maize,9.83,0.0,2.61,29.3,447,0.0
6508,2022-05-27,Greater Accra,Cassava,6.5,0.0,1.1,29.9,144,0.0
6509,2022-05-27,Greater Accra,Cocoa,15.95,0.0,12.16,28.1,165,0.0
6510,2022-05-27,Ashanti,Maize,13.96,0.0,2.98,30.8,316,0.0
6511,2022-05-27,Ashanti,Cassava,31.41,0.0,1.48,25.4,337,0.0
6512,2022-05-27,Ashanti,Cocoa,12.47,0.0,14.44,27.5,66,0.0
6513,2022-05-27,Northern,Cocoa,27.01,0.0,12.75,34.0,406,0.0
6514,2022-05-27,Western,Maize,8.53,0.0,3.07,26.3,76,0.0
6515,2022-05-27,Western,Cassava,18.79,0.0,1.33,29.1,69,0.0
6516,2022-05-27,Western,Cocoa,29.64,0.0,15.22,33.6,262,0.0
6517,2022-05-27,Eastern,Cassava,26.01,0.0,1.31,32.0,234,0.0
6518,2022-05-27,Eastern,Cocoa,10.69,0.0,12.4,24.7,449,0.0
6519,2022-05-28,Greater Accra,Maize,19.12,0.0,2.97,29.0,65,0.0
6520,2022-05-28,Greater Accra,Cassava,4.89,0.0,1.29,30.7,486,0.0
6521,2022-05-28,Greater Accra,Cocoa,10.5,0.0,13.08,32.6,224,0.0
6522,2022-05-28,Ashanti,Maize,36.94,0.0,2.8,30.3,143,0.0
6523,2022-05-28,Ashanti,Cassava,8.08,0.0,1.34,24.8,132,0.0
6524,2022-05-28,Ashanti,Cocoa,17.97,0.0,13.58,32.3,287,0.0
6525,2022-05-28,Northern,Maize,10.28,0.0,2.77,27.9,439,0.0
6526,2022-05-28,Northern,Cassava,11.36,0.0,1.51,33.0,253,0.0
6527,2022-05-28,Northern,Cocoa,30.33,0.0,14.55,25.9,245,0.0
6528,2022-05-28,Western,Maize,35.89,0.0,2.71,24.1,354,0.0
6529,2022-05-28,Western,Cassava,14.74,0.0,1.2,31.0,479,0.0
6530,2022-05-28,Western,Cocoa,45.67,0.0,15.66,32.0,210,0.0
6531,2022-05-28,Eastern,Maize,11.21,0.0,3.07,30.2,187,0.0
6532,2022-05-28,Eastern,Cassava,10.82,0.0,1.15,26.1,195,0.0
6533,2022-05-28,Eastern,Cocoa,33.43,0.0,13.71,33.4,379,0.0
6534,2022-05-29,Greater Accra,Maize,10.44,0.0,3.11,33.2,295,0.0
6535,2022-05-29,Greater Accra,Cassava,3.21,0.0,1.27,29.0,312,0.0
6536,2022-05-29,Greater Accra,Cocoa,0.76,0.0,13.92,28.8,74,0.0
6537,2022-05-29,Ashanti,Maize,27.07,0.0,2.53,29.7,313,0.0
6538,2022-05-29,Ashanti,Cassava,30.35,0.0,1.32,33.1,489,0.0
6539,2022-05-29,Ashanti,Cocoa,7.3,0.0,13.67,29.4,304,0.0
6540,2022-05-29,Northern,Cocoa,9.95,0.0,0.0,31.9,112,0.0
6541,2022-05-29,Western,Maize,37.91,0.0,3.05,29.1,86,0.0
6542,2022-05-29,Western,Cassava,22.33,0.0,1.48,32.5,120,0.0
6543,2022-05-29,Western,Cocoa,35.44,0.0,15.66,29.3,269,0.0
6544,2022-05-29,Eastern,Maize,10.65,0.0,2.59,26.9,333,0.0
6545,2022-05-29,Eastern,Cocoa,16.13,0.0,14.25,27.2,273,0.0
6546,2022-05-30,Greater Accra,Maize,3.76,0.0,2.57,25.5,151,0.0
6547,2022-05-30,Greater Accra,Cassava,7.71,0.0,1.47,30.8,117,0.0
6548,2022-05-30,Ashanti,Maize,28.04,0.0,2.73,28.6,112,0.0
6549,2022-05-30,Ashanti,Cassava,7.03,0.0,1.33,27.3,295,0.0
6550,2022-05-30,Ashanti,Cocoa,28.79,0.0,11.85,24.3,225,0.0
6551,2022-05-30,Northern,Maize,10.52,0.0,2.83,32.9,292,0.0
6552,2022-05-30,Northern,Cassava,6.99,0.0,1.45,27.3,59,0.0
6553,2022-05-30,Northern,Cocoa,20.07,0.0,13.46,25.1,152,0.0
6554,2022-05-30,Western,Maize,25.99,0.0,2.54,31.7,241,0.0
6555,2022-05-30,Western,Cassava,41.22,0.0,1.42,30.8,358,0.0
6556,2022-05-30,Eastern,Maize,22.9,0.0,2.36,28.5,425,0.0
6557,2022-05-30,Eastern,Cassava,8.71,0.0,1.31,28.2,225,0.0
6558,2022-05-30,Eastern,Cocoa,27.62,0.0,13.84,30.5,437,0.0
6559,2022-05-31,Greater Accra,Maize,9.29,0.0,3.06,27.9,310,0.0
6560,2022-05-31,Greater Accra,Cassava,18.84,0.0,1.34,27.0,173,0.0
6561,2022-05-31,Greater Accra,Cocoa,7.87,0.0,13.04,33.6,432,0.0
6562,2022-05-31,Ashanti,Cassava,42.3,0.0,1.4,28.5,355,0.0
6563,2022-05-31,Ashanti,Cocoa,42.94,0.0,11.92,27.8,464,0.0
6564,2022-05-31,Northern,Maize,19.01,0.0,2.37,32.5,274,0.0
6565,2022-05-31,Western,Cassava,24.51,0.0,1.18,28.3,301,0.0
6566,2022-05-31,Western,Cocoa,46.79,0.0,14.56,26.3,437,0.0
6567,2022-05-31,Eastern,Maize,4.63,0.0,2.74,26.6,169,0.0
6568,2022-05-31,Eastern,Cocoa,23.31,0.0,15.43,33.7,430,0.0
6569,2022-06-01,Greater Accra,Maize,10.56,0.0,2.34,25.7,260,0.0
6570,2022-06-01,Greater Accra,Cassava,23.32,0.0,1.44,32.6,130,0.0
6571,2022-06-01,Greater Accra,Cocoa,21.33,0.0,14.58,29.8,161,0.0
6572,2022-06-01,Ashanti,Maize,43.24,0.0,2.77,29.1,150,0.0
6573,2022-06-01,Northern,Cocoa,1.74,0.0,14.25,25.0,382,0.0
6574,2022-06-01,Western,Maize,47.34,0.0,3.06,26.2,194,0.0
6575,2022-06-01,Western,Cassava,30.25,0.0,1.19,32.6,264,0.0
6576,2022-06-01,Western,Cocoa,14.26,0.0,14.9,32.2,250,0.0
6577,2022-06-01,Eastern,Maize,20.16,0.0,2.73,27.4,184,0.0
6578,2022-06-01,Eastern,Cassava,21.31,0.0,1.11,30.5,186,0.0
6579,2022-06-01,Eastern,Cocoa,19.1,0.0,12.89,29.4,305,0.0
6580,2022-06-02,Greater Accra,Cocoa,4.23,0.0,13.04,25.3,201,0.0
6581,2022-06-02,Ashanti,Maize,6.14,0.0,3.04,26.4,66,0.0
6582,2022-06-02,Ashanti,Cocoa,15.45,0.0,14.89,30.5,131,0.0
6583,2022-06-02,Northern,Maize,25.23,0.0,2.43,30.3,50,0.0
6584,2022-06-02,Northern,Cassava,27.71,0.0,1.22,32.5,460,0.0
6585,2022-06-02,Western,Maize,37.68,0.0,2.59,33.6,490,0.0
6586,2022-06-02,Western,Cassava,38.17,0.0,1.24,24.3,235,0.0
6587,2022-06-02,Western,Cocoa,52.61,0.0,14.76,32.2,118,0.0
6588,2022-06-02,Eastern,Maize,16.89,0.0,3.03,25.9,395,0.0
6589,2022-06-02,Eastern,Cassava,6.05,0.0,1.33,30.0,193,0.0
6590,2022-06-02,Eastern,Cocoa,23.33,0.0,15.53,33.8,367,0.0
6591,2022-06-03,Greater Accra,Cassava,13.39,0.0,1.44,28.6,403,0.0
6592,2022-06-03,Greater Accra,Cocoa,11.02,0.0,12.73,28.9,61,0.0
6593,2022-06-03,Ashanti,Maize,28.3,0.0,2.51,27.1,103,0.0
6594,2022-06-03,Ashanti,Cassava,3.91,0.0,1.53,33.3,325,0.0
6595,2022-06-03,Ashanti,Cocoa,8.83,0.0,14.31,33.9,319,0.0
6596,2022-06-03,Northern,Maize,8.3,0.0,2.48,31.1,347,0.0
6597,2022-06-03,Northern,Cocoa,16.98,0.0,13.6,27.2,398,0.0
6598,2022-06-03,Western,Cassava,13.18,0.0,1.34,31.8,271,0.0
6599,2022-06-03,Western,Cocoa,44.4,0.0,14.21,31.4,449,0.0
6600,2022-06-03,Eastern,Maize,32.27,0.0,3.04,26.0,426,0.0
6601,2022-06-03,Eastern,Cassava,21.12,0.0,1.52,32.4,210,0.0
6602,2022-06-03,Eastern,Cocoa,27.52,0.0,16.15,28.1,269,0.0
6603,2022-06-04,Greater Accra,Maize,16.14,0.0,2.84,25.8,311,0.0
6604,2022-06-04,Greater Accra,Cassava,0.0,0.0,1.18,29.1,327,0.0
6605,2022-06-04,Ashanti,Cassava,27.99,0.0,1.26,27.4,183,0.0
6606,2022-06-04,Ashanti,Cocoa,10.8,0.0,16.56,26.1,114,0.0
6607,2022-06-04,Northern,Cassava,27.46,0.0,1.56,32.8,131,0.0
6608,2022-06-04,Northern,Cocoa,19.05,0.0,15.91,29.1,117,0.0
6609,2022-06-04,Western,Cocoa,22.39,0.0,13.35,33.7,176,0.0
6610,2022-06-04,Eastern,Maize,13.27,0.0,2.48,33.3,228,0.0
6611,2022-06-04,Eastern,Cassava,26.41,0.0,1.59,26.1,211,0.0
6612,2022-06-05,Greater Accra,Cassava,14.19,0.0,1.32,24.8,96,0.0
6613,2022-06-05,Greater Accra,Cocoa,10.0,0.0,14.82,30.9,116,0.0
6614,2022-06-05,Ashanti,Maize,13.2,0.0,2.81,26.6,65,0.0
6615,2022-06-05,Ashanti,Cassava,44.28,0.0,1.48,30.3,406,0.0
6616,2022-06-05,Ashanti,Cocoa,12.57,0.0,12.29,31.9,292,0.0
6617,2022-06-05,Northern,Maize,8.95,0.0,3.09,33.0,262,0.0
6618,2022-06-05,Northern,Cassava,4.03,0.0,1.17,24.8,295,0.0
6619,2022-06-05,Northern,Cocoa,12.41,0.0,12.55,32.9,136,0.0
6620,2022-06-05,Western,Maize,45.09,0.0,2.42,32.1,170,0.0
6621,2022-06-05,Western,Cassava,10.28,0.0,1.38,30.5,369,0.0
6622,2022-06-05,Western,Cocoa,46.24,0.0,15.76,30.9,182,0.0
6623,2022-06-05,Eastern,Maize,24.39,0.0,3.05,24.8,140,0.0
6624,2022-06-05,Eastern,Cassava,15.66,0.0,1.58,32.9,324,0.0
6625,2022-06-06,Greater Accra,Maize,14.98,0.0,2.52,31.9,73,0.0
6626,2022-06-06,Greater Accra,Cocoa,18.71,0.0,13.64,25.2,191,0.0
6627,2022-06-06,Ashanti,Cassava,20.02,0.0,1.31,29.3,416,0.0
6628,2022-06-06,Ashanti,Cocoa,41.99,0.0,14.39,32.4,256,0.0
6629,2022-06-06,Northern,Maize,20.13,0.0,2.55,25.7,278,0.0
6630,2022-06-06,Northern,Cassava,15.17,0.0,1.2,25.3,168,0.0
6631,2022-06-06,Western,Maize,28.43,0.0,2.7,32.0,310,0.0
6632,2022-06-06,Western,Cassava,23.66,0.0,1.53,24.3,331,0.0
6633,2022-06-06,Western,Cocoa,25.28,0.0,15.76,28.8,190,0.0
6634,2022-06-06,Eastern,Cassava,33.86,0.0,1.31,31.6,169,0.0
6635,2022-06-06,Eastern,Cocoa,23.14,0.0,12.94,33.1,116,0.0
6636,2022-06-07,Greater Accra,Maize,5.23,0.0,2.61,29.7,384,0.0
6637,2022-06-07,Greater Accra,Cassava,7.27,0.0,1.15,27.6,132,0.0
6638,2022-06-07,Greater Accra,Cocoa,21.48,0.0,16.14,32.8,473,0.0
6639,2022-06-07,Ashanti,Maize,19.56,0.0,2.39,25.4,175,0.0
6640,2022-06-07,Ashanti,Cassava,33.76,0.0,1.57,27.9,390,0.0
6641,2022-06-07,Ashanti,Cocoa,5.35,0.0,15.65,26.0,490,0.0
6642,2022-06-07,Northern,Cassava,9.23,0.0,1.3,28.2,349,0.0
6643,2022-06-07,Western,Cassava,11.38,0.0,1.48,30.0,294,0.0
6644,2022-06-07,Eastern,Maize,32.32,0.0,2.82,28.0,362,0.0
6645,2022-06-07,Eastern,Cocoa,19.11,0.0,11.52,31.6,237,0.0
6646,2022-06-08,Greater Accra,Maize,11.14,0.0,2.73,33.4,121,0.0
6647,2022-06-08,Greater Accra,Cassava,14.41,0.0,1.29,25.7,92,0.0
6648,2022-06-08,Greater Accra,Cocoa,25.41,0.0,12.32,26.5,156,0.0
6649,2022-06-08,Ashanti,Maize,26.14,0.0,2.3,30.9,290,0.0
6650,2022-06-08,Northern,Maize,21.65,0.0,2.45,31.6,345,0.0
6651,2022-06-08,Northern,Cassava,10.51,0.0,1.11,30.9,351,0.0
6652,2022-06-08,Northern,Cocoa,18.48,0.0,12.38,33.9,120,0.0
6653,2022-06-08,Western,Maize,40.07,0.0,2.79,27.4,257,0.0
6654,2022-06-08,Western,Cocoa,31.67,0.0,14.34,26.6,381,0.0
6655,2022-06-08,Eastern,Maize,21.93,0.0,2.47,31.1,208,0.0
6656,2022-06-08,Eastern,Cassava,9.49,0.0,1.26,32.6,424,0.0
6657,2022-06-08,Eastern,Cocoa,7.47,0.0,14.75,32.0,314,0.0
6658,2022-06-09,Greater Accra,Maize,24.12,0.0,0.0,25.2,405,0.0
6659,2022-06-09,Greater Accra,Cassava,11.38,0.0,1.14,31.5,284,0.0
6660,2022-06-09,Greater Accra,Cocoa,0.89,0.0,13.1,28.8,56,0.0
6661,2022-06-09,Ashanti,Maize,14.56,0.0,3.36,25.6,491,0.0
6662,2022-06-09,Ashanti,Cassava,3.61,0.0,1.59,33.7,256,0.0
6663,2022-06-09,Ashanti,Cocoa,37.67,0.0,16.43,27.3,125,0.0
6664,2022-06-09,Northern,Maize,8.62,0.0,2.73,33.6,236,0.0
6665,2022-06-09,Northern,Cassava,23.95,0.0,1.37,31.9,323,0.0
6666,2022-06-09,Western,Maize,33.79,0.0,2.48,32.7,203,0.0
6667,2022-06-09,Western,Cassava,25.88,0.0,1.16,25.4,56,0.0
6668,2022-06-09,Eastern,Cocoa,17.34,0.0,11.65,29.6,296,0.0
6669,2022-06-10,Greater Accra,Maize,6.54,0.0,2.53,25.1,171,0.0
6670,2022-06-10,Greater Accra,Cassava,6.91,0.0,1.12,28.6,105,0.0
6671,2022-06-10,Greater Accra,Cocoa,7.88,0.0,14.79,30.2,498,0.0
6672,2022-06-10,Ashanti,Maize,15.11,0.0,3.18,31.8,456,0.0
6673,2022-06-10,Ashanti,Cassava,27.31,0.0,1.16,26.5,281,0.0
6674,2022-06-10,Ashanti,Cocoa,18.12,0.0,13.09,27.4,294,0.0
6675,2022-06-10,Northern,Maize,14.36,0.0,3.13,30.6,394,0.0
6676,2022-06-10,Northern,Cocoa,22.62,0.0,13.1,29.2,73,0.0
6677,2022-06-10,Western,Cassava,19.4,0.0,1.45,32.4,388,0.0
6678,2022-06-10,Western,Cocoa,38.86,0.0,12.14,32.6,79,0.0
6679,2022-06-10,Eastern,Maize,18.9,0.0,3.18,28.8,252,0.0
6680,2022-06-10,Eastern,Cassava,24.97,0.0,1.25,29.3,333,0.0
6681,2022-06-10,Eastern,Cocoa,38.35,0.0,16.65,32.2,87,0.0
6682,2022-06-11,Greater Accra,Maize,17.98,0.0,3.1,31.6,58,0.0
6683,2022-06-11,Greater Accra,Cassava,5.89,0.0,1.59,24.8,278,0.0
6684,2022-06-11,Greater Accra,Cocoa,23.44,0.0,14.5,30.4,451,0.0
6685,2022-06-11,Ashanti,Maize,0.0,0.0,2.62,25.0,393,0.0
6686,2022-06-11,Ashanti,Cassava,17.72,0.0,1.58,24.8,323,0.0
6687,2022-06-11,Northern,Maize,9.12,0.0,2.38,30.3,61,0.0
6688,2022-06-11,Northern,Cassava,15.78,0.0,1.45,32.2,489,0.0
6689,2022-06-11,Northern,Cocoa,14.76,0.0,12.29,30.6,279,0.0
6690,2022-06-11,Western,Maize,14.58,0.0,2.81,26.1,487,0.0
6691,2022-06-11,Western,Cassava,35.64,0.0,1.36,24.1,218,0.0
6692,2022-06-11,Western,Cocoa,45.62,0.0,16.25,31.9,390,0.0
6693,2022-06-11,Eastern,Maize,32.75,0.0,2.73,29.8,84,0.0
6694,2022-06-11,Eastern,Cassava,4.3,0.0,1.22,30.7,103,0.0
6695,2022-06-11,Eastern,Cocoa,20.24,0.0,12.22,24.6,394,0.0
6696,2022-06-12,Greater Accra,Maize,13.1,0.0,2.78,27.3,377,0.0
6697,2022-06-12,Greater Accra,Cassava,11.81,0.0,1.37,29.5,271,0.0
6698,2022-06-12,Greater Accra,Cocoa,10.95,0.0,14.91,24.5,397,0.0
6699,2022-06-12,Ashanti,Maize,19.93,0.0,3.31,29.7,58,0.0
6700,2022-06-12,Ashanti,Cocoa,33.16,0.0,16.48,33.0,139,0.0
6701,2022-06-12,Northern,Maize,12.8,0.0,2.45,26.1,85,0.0
6702,2022-06-12,Northern,Cassava,17.7,0.0,1.12,29.4,221,0.0
6703,2022-06-12,Northern,Cocoa,17.4,0.0,15.77,33.9,153,0.0
6704,2022-06-12,Western,Cassava,49.29,0.0,1.2,28.0,477,0.0
6705,2022-06-12,Western,Cocoa,8.95,0.0,15.22,24.4,188,0.0
6706,2022-06-12,Eastern,Maize,31.14,0.0,3.31,29.9,438,0.0
6707,2022-06-12,Eastern,Cassava,10.52,0.0,1.48,29.9,263,0.0
6708,2022-06-12,Eastern,Cocoa,24.84,0.0,15.48,29.4,56,0.0
6709,2022-06-13,Greater Accra,Maize,25.56,0.0,2.72,30.4,136,0.0
6710,2022-06-13,Greater Accra,Cassava,4.93,0.0,1.32,28.6,313,0.0
6711,2022-06-13,Greater Accra,Cocoa,17.06,0.0,15.63,30.5,183,0.0
6712,2022-06-13,Ashanti,Cassava,22.23,0.0,1.14,29.4,252,0.0
6713,2022-06-13,Ashanti,Cocoa,27.52,0.0,11.69,24.9,436,0.0
6714,2022-06-13,Northern,Maize,21.02,0.0,2.9,31.1,228,0.0
6715,2022-06-13,Northern,Cassava,13.08,0.0,1.47,24.2,291,0.0
6716,2022-06-13,Northern,Cocoa,29.6,0.0,12.94,28.6,408,0.0
6717,2022-06-13,Western,Maize,39.98,0.0,3.1,28.7,391,0.0
6718,2022-06-13,Western,Cassava,22.47,0.0,1.12,27.1,425,0.0
6719,2022-06-13,Western,Cocoa,20.01,0.0,14.01,25.2,419,0.0
6720,2022-06-13,Eastern,Maize,11.12,0.0,2.58,32.9,480,0.0
6721,2022-06-13,Eastern,Cassava,23.18,0.0,1.18,31.1,372,0.0
6722,2022-06-13,Eastern,Cocoa,18.49,0.0,14.94,25.5,422,0.0
6723,2022-06-14,Greater Accra,Maize,6.9,0.0,2.76,29.2,320,0.0
6724,2022-06-14,Greater Accra,Cocoa,12.22,0.0,13.51,30.5,260,0.0
6725,2022-06-14,Ashanti,Maize,31.13,0.0,2.78,29.3,160,0.0
6726,2022-06-14,Ashanti,Cassava,32.33,0.0,1.42,33.3,444,0.0
6727,2022-06-14,Ashanti,Cocoa,34.96,0.0,12.92,26.6,287,0.0
6728,2022-06-14,Northern,Maize,23.82,0.0,2.82,26.6,158,0.0
6729,2022-06-14,Northern,Cassava,14.53,0.0,1.12,31.7,452,0.0
6730,2022-06-14,Northern,Cocoa,4.88,0.0,15.23,30.1,321,0.0
6731,2022-06-14,Western,Maize,10.82,0.0,2.65,26.3,422,0.0
6732,2022-06-14,Western,Cassava,31.85,0.0,1.51,28.2,431,0.0
6733,2022-06-14,Western,Cocoa,6.64,0.0,12.96,27.6,212,0.0
6734,2022-06-14,Eastern,Maize,32.64,0.0,3.12,32.7,325,0.0
6735,2022-06-14,Eastern,Cassava,28.21,0.0,1.22,29.3,82,0.0
6736,2022-06-14,Eastern,Cocoa,15.08,0.0,12.65,24.2,496,0.0
6737,2022-06-15,Greater Accra,Cassava,15.93,0.0,1.18,25.7,305,0.0
6738,2022-06-15,Greater Accra,Cocoa,22.02,0.0,13.5,28.3,359,0.0
6739,2022-06-15,Ashanti,Cassava,5.8,0.0,1.3,32.4,294,0.0
6740,2022-06-15,Ashanti,Cocoa,13.29,0.0,11.72,28.5,78,0.0
6741,2022-06-15,Northern,Maize,13.83,0.0,2.49,26.2,430,0.0
6742,2022-06-15,Northern,Cassava,11.09,0.0,1.49,29.4,254,0.0
6743,2022-06-15,Northern,Cocoa,12.29,0.0,14.48,24.4,159,0.0
6744,2022-06-15,Western,Maize,42.79,0.0,2.41,24.0,486,0.0
6745,2022-06-15,Western,Cassava,36.97,0.0,1.21,32.6,248,0.0
6746,2022-06-15,Western,Cocoa,47.3,0.0,13.59,27.3,206,0.0
6747,2022-06-15,Eastern,Cassava,24.13,0.0,1.44,26.7,277,0.0
6748,2022-06-15,Eastern,Cocoa,29.54,0.0,13.91,26.7,122,0.0
6749,2022-06-16,Greater Accra,Maize,19.06,0.0,2.91,29.1,400,0.0
6750,2022-06-16,Greater Accra,Cassava,24.66,0.0,1.51,33.2,484,0.0
6751,2022-06-16,Greater Accra,Cocoa,9.09,0.0,12.1,33.1,111,0.0
6752,2022-06-16,Ashanti,Maize,38.46,0.0,2.85,29.2,297,0.0
6753,2022-06-16,Ashanti,Cassava,38.54,0.0,1.56,30.5,108,0.0
6754,2022-06-16,Ashanti,Cocoa,36.74,0.0,13.92,28.5,219,0.0
6755,2022-06-16,Northern,Maize,27.79,0.0,2.6,30.5,350,0.0
6756,2022-06-16,Northern,Cocoa,9.11,0.0,14.48,29.0,494,0.0
6757,2022-06-16,Western,Maize,45.14,0.0,0.0,27.4,274,0.0
6758,2022-06-16,Western,Cassava,46.04,0.0,1.11,33.3,274,0.0
6759,2022-06-16,Western,Cocoa,25.14,0.0,13.6,33.4,141,0.0
6760,2022-06-16,Eastern,Maize,38.47,0.0,2.93,25.6,421,0.0
6761,2022-06-16,Eastern,Cassava,19.63,0.0,1.32,27.1,66,0.0
6762,2022-06-16,Eastern,Cocoa,7.48,0.0,16.58,33.4,88,0.0
6763,2022-06-17,Greater Accra,Cassava,13.97,0.0,1.17,27.9,337,0.0
6764,2022-06-17,Ashanti,Maize,42.33,0.0,3.13,30.8,270,0.0
6765,2022-06-17,Ashanti,Cassava,20.56,0.0,1.19,33.3,112,0.0
6766,2022-06-17,Ashanti,Cocoa,5.55,0.0,12.54,25.6,237,0.0
6767,2022-06-17,Northern,Maize,7.64,0.0,3.01,26.0,436,0.0
6768,2022-06-17,Northern,Cassava,23.25,0.0,1.24,24.3,104,0.0
6769,2022-06-17,Western,Maize,26.91,0.0,2.85,30.5,464,0.0
6770,2022-06-17,Western,Cassava,50.28,0.0,1.26,31.8,305,0.0
6771,2022-06-17,Western,Cocoa,52.53,0.0,15.2,33.3,112,0.0
6772,2022-06-17,Eastern,Maize,15.95,0.0,3.37,26.0,262,0.0
6773,2022-06-17,Eastern,Cassava,33.69,0.0,1.13,25.4,215,0.0
6774,2022-06-18,Greater Accra,Maize,1.62,0.0,2.83,31.0,464,0.0
6775,2022-06-18,Greater Accra,Cassava,15.09,0.0,1.14,28.6,51,0.0
6776,2022-06-18,Greater Accra,Cocoa,13.57,0.0,16.02,32.0,348,0.0
6777,2022-06-18,Ashanti,Maize,25.39,0.0,2.65,32.3,309,0.0
6778,2022-06-18,Ashanti,Cassava,34.85,0.0,1.39,26.1,218,0.0
6779,2022-06-18,Northern,Maize,8.51,0.0,2.6,27.3,427,0.0
6780,2022-06-18,Northern,Cassava,19.76,0.0,1.36,31.9,427,0.0
6781,2022-06-18,Northern,Cocoa,13.63,0.0,16.16,26.6,296,0.0
6782,2022-06-18,Western,Maize,14.04,0.0,2.83,28.4,300,0.0
6783,2022-06-18,Western,Cassava,25.1,0.0,1.53,27.4,74,0.0
6784,2022-06-18,Eastern,Maize,30.49,0.0,2.79,29.2,89,0.0
6785,2022-06-18,Eastern,Cassava,7.82,0.0,1.51,26.8,409,0.0
6786,2022-06-18,Eastern,Cocoa,5.82,0.0,12.6,26.0,55,0.0
6787,2022-06-19,Greater Accra,Maize,23.55,0.0,2.42,28.8,344,0.0
6788,2022-06-19,Greater Accra,Cassava,13.3,0.0,0.0,25.0,393,0.0
6789,2022-06-19,Greater Accra,Cocoa,18.98,0.0,11.99,32.5,447,0.0
6790,2022-06-19,Ashanti,Maize,27.63,0.0,3.24,24.7,368,0.0
6791,2022-06-19,Ashanti,Cassava,46.77,0.0,1.3,27.5,134,0.0
6792,2022-06-19,Northern,Maize,13.47,0.0,2.78,34.0,171,0.0
6793,2022-06-19,Northern,Cassava,12.01,0.0,1.39,24.0,131,0.0
6794,2022-06-19,Northern,Cocoa,15.04,0.0,16.6,29.7,200,0.0
6795,2022-06-19,Western,Maize,26.03,0.0,2.61,28.0,71,0.0
6796,2022-06-19,Western,Cassava,21.52,0.0,1.46,28.9,381,0.0
6797,2022-06-19,Western,Cocoa,14.56,0.0,14.24,32.7,307,0.0
6798,2022-06-19,Eastern,Maize,10.29,0.0,2.87,26.9,442,0.0
6799,2022-06-19,Eastern,Cassava,30.69,0.0,1.5,31.3,282,0.0
6800,2022-06-19,Eastern,Cocoa,25.64,0.0,14.4,31.5,363,0.0
6801,2022-06-20,Greater Accra,Maize,15.97,0.0,2.75,25.6,279,0.0
6802,2022-06-20,Greater Accra,Cocoa,14.92,0.0,15.43,33.8,467,0.0
6803,2022-06-20,Ashanti,Cassava,29.91,0.0,1.53,30.0,264,0.0
6804,2022-06-20,Northern,Maize,5.9,0.0,2.32,25.5,472,0.0
6805,2022-06-20,Northern,Cassava,25.56,0.0,1.4,29.2,316,0.0
6806,2022-06-20,Northern,Cocoa,9.19,0.0,13.79,25.9,249,0.0
6807,2022-06-20,Western,Cassava,36.26,0.0,1.33,27.1,464,0.0
6808,2022-06-20,Western,Cocoa,29.27,0.0,15.87,32.9,306,0.0
6809,2022-06-20,Eastern,Maize,21.85,0.0,2.83,29.4,367,0.0
6810,2022-06-20,Eastern,Cassava,14.81,0.0,1.57,32.9,290,0.0
6811,2022-06-20,Eastern,Cocoa,22.44,0.0,11.88,28.8,181,0.0
6812,2022-06-21,Greater Accra,Maize,9.84,0.0,3.07,25.6,80,0.0
6813,2022-06-21,Greater Accra,Cassava,6.54,0.0,1.55,33.8,238,0.0
6814,2022-06-21,Greater Accra,Cocoa,16.97,0.0,15.47,26.0,341,0.0
6815,2022-06-21,Ashanti,Cassava,14.77,0.0,1.2,34.0,105,0.0
6816,2022-06-21,Ashanti,Cocoa,13.81,0.0,12.88,29.5,334,0.0
6817,2022-06-21,Northern,Maize,1.11,0.0,3.19,31.4,140,0.0
6818,2022-06-21,Northern,Cassava,7.06,0.0,1.61,26.3,346,0.0
6819,2022-06-21,Northern,Cocoa,21.15,0.0,14.75,28.8,262,0.0
6820,2022-06-21,Western,Maize,18.06,0.0,2.73,24.6,78,0.0
6821,2022-06-21,Western,Cassava,31.59,0.0,1.43,29.6,56,0.0
6822,2022-06-21,Western,Cocoa,17.49,0.0,12.32,31.3,381,0.0
6823,2022-06-21,Eastern,Maize,23.47,0.0,3.11,29.7,237,0.0
6824,2022-06-21,Eastern,Cassava,19.93,0.0,1.28,32.5,265,0.0
6825,2022-06-21,Eastern,Cocoa,21.38,0.0,13.52,32.9,253,0.0
6826,2022-06-22,Greater Accra,Maize,24.7,0.0,2.98,30.4,458,0.0
6827,2022-06-22,Greater Accra,Cassava,7.59,0.0,1.42,30.8,311,0.0
6828,2022-06-22,Greater Accra,Cocoa,17.87,0.0,12.64,25.5,109,0.0
6829,2022-06-22,Ashanti,Maize,34.5,0.0,2.4,29.3,486,0.0
6830,2022-06-22,Ashanti,Cassava,11.5,0.0,1.15,32.7,132,0.0
6831,2022-06-22,Ashanti,Cocoa,31.02,0.0,15.49,27.3,107,0.0
6832,2022-06-22,Northern,Maize,7.1,0.0,2.33,25.8,136,0.0
6833,2022-06-22,Northern,Cassava,24.4,0.0,1.42,28.9,448,0.0
6834,2022-06-22,Northern,Cocoa,23.18,0.0,16.3,33.3,340,0.0
6835,2022-06-22,Western,Maize,21.3,0.0,2.99,29.5,229,0.0
6836,2022-06-22,Western,Cassava,49.7,0.0,1.57,24.8,84,0.0
6837,2022-06-22,Western,Cocoa,24.94,0.0,12.77,31.7,202,0.0
6838,2022-06-22,Eastern,Maize,9.16,0.0,2.85,26.0,401,0.0
6839,2022-06-22,Eastern,Cassava,25.07,0.0,1.21,29.9,386,0.0
6840,2022-06-22,Eastern,Cocoa,29.21,0.0,15.94,26.0,386,0.0
6841,2022-06-23,Greater Accra,Maize,5.22,0.0,3.06,34.0,155,0.0
6842,2022-06-23,Greater Accra,Cassava,20.16,0.0,1.18,28.9,449,0.0
6843,2022-06-23,Greater Accra,Cocoa,11.56,0.0,14.22,31.2,130,0.0
6844,2022-06-23,Ashanti,Maize,43.92,0.0,2.42,28.8,217,0.0
6845,2022-06-23,Ashanti,Cassava,31.52,0.0,1.11,33.7,124,0.0
6846,2022-06-23,Ashanti,Cocoa,27.34,0.0,13.46,27.1,482,0.0
6847,2022-06-23,Northern,Maize,7.09,0.0,2.74,32.4,417,0.0
6848,2022-06-23,Northern,Cassava,24.8,0.0,1.46,31.6,375,0.0
6849,2022-06-23,Northern,Cocoa,0.0,0.0,15.35,25.0,142,0.0
6850,2022-06-23,Western,Maize,7.05,0.0,2.39,29.9,464,0.0
6851,2022-06-23,Western,Cassava,5.36,0.0,1.4,33.2,134,0.0
6852,2022-06-23,Western,Cocoa,42.76,0.0,15.5,24.2,131,0.0
6853,2022-06-23,Eastern,Maize,17.73,0.0,2.57,25.8,409,0.0
6854,2022-06-23,Eastern,Cocoa,21.82,0.0,12.09,33.2,339,0.0
6855,2022-06-24,Greater Accra,Maize,17.9,0.0,3.18,27.3,61,0.0
6856,2022-06-24,Greater Accra,Cassava,6.96,0.0,1.54,31.3,191,0.0
6857,2022-06-24,Greater Accra,Cocoa,10.03,0.0,13.19,30.1,103,0.0
6858,2022-06-24,Ashanti,Maize,8.68,0.0,2.52,26.4,350,0.0
6859,2022-06-24,Ashanti,Cassava,37.62,0.0,1.2,25.2,222,0.0
6860,2022-06-24,Northern,Maize,17.07,0.0,2.54,32.9,71,0.0
6861,2022-06-24,Northern,Cassava,11.76,0.0,1.4,29.6,313,0.0
6862,2022-06-24,Northern,Cocoa,5.62,0.0,14.15,31.4,467,0.0
6863,2022-06-24,Western,Maize,47.5,0.0,2.36,32.3,304,0.0
6864,2022-06-24,Western,Cassava,38.38,0.0,1.49,30.9,126,0.0
6865,2022-06-24,Eastern,Maize,21.02,0.0,3.31,33.5,411,0.0
6866,2022-06-24,Eastern,Cassava,29.55,0.0,1.39,32.4,491,0.0
6867,2022-06-24,Eastern,Cocoa,28.24,0.0,12.5,30.2,215,0.0
6868,2022-06-25,Greater Accra,Maize,23.33,0.0,2.64,24.3,338,0.0
6869,2022-06-25,Greater Accra,Cassava,19.01,0.0,1.22,32.0,495,0.0
6870,2022-06-25,Greater Accra,Cocoa,1.65,0.0,13.94,29.1,244,0.0
6871,2022-06-25,Ashanti,Cocoa,15.08,0.0,13.23,24.5,76,0.0
6872,2022-06-25,Northern,Maize,28.37,0.0,2.65,32.5,366,0.0
6873,2022-06-25,Northern,Cocoa,7.12,0.0,14.51,30.5,117,0.0
6874,2022-06-25,Western,Maize,49.11,0.0,2.48,30.7,101,0.0
6875,2022-06-25,Western,Cassava,39.92,0.0,1.43,24.6,260,0.0
6876,2022-06-25,Western,Cocoa,30.54,0.0,12.84,32.2,98,0.0
6877,2022-06-25,Eastern,Maize,13.33,0.0,2.78,29.1,150,0.0
6878,2022-06-26,Greater Accra,Maize,6.27,0.0,3.3,30.2,316,0.0
6879,2022-06-26,Greater Accra,Cassava,5.96,0.0,1.45,33.1,430,0.0
6880,2022-06-26,Greater Accra,Cocoa,20.14,0.0,16.51,28.4,400,0.0
6881,2022-06-26,Ashanti,Maize,35.05,0.0,3.31,32.6,319,0.0
6882,2022-06-26,Ashanti,Cassava,17.32,0.0,1.12,25.6,314,0.0
6883,2022-06-26,Ashanti,Cocoa,6.7,0.0,13.45,28.9,86,0.0
6884,2022-06-26,Northern,Maize,23.31,0.0,2.48,25.6,149,0.0
6885,2022-06-26,Northern,Cassava,1.85,0.0,1.31,32.4,166,0.0
6886,2022-06-26,Northern,Cocoa,16.69,0.0,11.49,32.5,415,0.0
6887,2022-06-26,Western,Cassava,31.88,0.0,1.18,30.6,147,0.0
6888,2022-06-26,Western,Cocoa,29.19,0.0,12.57,32.1,485,0.0
6889,2022-06-26,Eastern,Maize,22.88,0.0,2.68,26.8,389,0.0
6890,2022-06-27,Greater Accra,Maize,12.51,0.0,2.65,24.1,418,0.0
6891,2022-06-27,Greater Accra,Cassava,0.24,0.0,1.54,32.7,180,0.0
6892,2022-06-27,Greater Accra,Cocoa,8.0,0.0,12.1,27.4,249,0.0
6893,2022-06-27,Ashanti,Maize,25.13,0.0,2.67,32.1,248,0.0
6894,2022-06-27,Ashanti,Cassava,4.24,0.0,1.28,24.4,281,0.0
6895,2022-06-27,Ashanti,Cocoa,24.35,0.0,15.62,25.3,350,0.0
6896,2022-06-27,Northern,Maize,18.12,0.0,2.58,29.8,324,0.0
6897,2022-06-27,Northern,Cassava,0.0,0.0,1.62,33.6,120,0.0
6898,2022-06-27,Northern,Cocoa,6.2,0.0,16.25,31.7,149,0.0
6899,2022-06-27,Western,Maize,48.93,0.0,3.37,32.4,235,0.0
6900,2022-06-27,Western,Cocoa,50.02,0.0,16.79,28.7,69,0.0
6901,2022-06-27,Eastern,Maize,26.86,0.0,2.63,27.1,496,0.0
6902,2022-06-27,Eastern,Cassava,7.25,0.0,1.1,25.5,219,0.0
6903,2022-06-27,Eastern,Cocoa,0.0,0.0,16.72,33.0,183,0.0
6904,2022-06-28,Greater Accra,Maize,14.0,0.0,2.82,31.8,136,0.0
6905,2022-06-28,Greater Accra,Cassava,22.53,0.0,1.53,29.0,277,0.0
6906,2022-06-28,Greater Accra,Cocoa,20.51,0.0,11.73,33.1,232,0.0
6907,2022-06-28,Ashanti,Maize,20.15,0.0,2.78,25.7,384,0.0
6908,2022-06-28,Ashanti,Cocoa,14.22,0.0,16.39,33.0,424,0.0
6909,2022-06-28,Northern,Maize,5.26,0.0,2.74,25.4,497,0.0
6910,2022-06-28,Northern,Cassava,23.9,0.0,1.11,31.3,162,0.0
6911,2022-06-28,Northern,Cocoa,4.19,0.0,14.07,33.3,310,0.0
6912,2022-06-28,Western,Maize,16.57,0.0,3.18,29.3,350,0.0
6913,2022-06-28,Western,Cassava,47.81,0.0,1.28,26.8,356,0.0
6914,2022-06-28,Eastern,Maize,34.11,0.0,2.32,28.5,98,0.0
6915,2022-06-28,Eastern,Cassava,29.71,0.0,1.14,32.7,258,0.0
6916,2022-06-28,Eastern,Cocoa,8.88,0.0,11.66,27.2,412,0.0
6917,2022-06-29,Greater Accra,Maize,10.52,0.0,3.11,30.3,162,0.0
6918,2022-06-29,Greater Accra,Cassava,11.81,0.0,1.59,31.0,369,0.0
6919,2022-06-29,Greater Accra,Cocoa,9.95,0.0,13.94,24.3,88,0.0
6920,2022-06-29,Ashanti,Maize,25.55,0.0,2.89,32.8,198,0.0
6921,2022-06-29,Ashanti,Cassava,34.62,0.0,1.37,30.1,70,0.0
6922,2022-06-29,Ashanti,Cocoa,25.91,0.0,13.25,32.5,180,0.0
6923,2022-06-29,Northern,Maize,22.71,0.0,3.34,28.2,213,0.0
6924,2022-06-29,Northern,Cassava,30.0,0.0,1.43,24.7,395,0.0
6925,2022-06-29,Northern,Cocoa,8.91,0.0,11.86,33.4,215,0.0
6926,2022-06-29,Western,Maize,24.8,0.0,3.0,26.0,266,0.0
6927,2022-06-29,Western,Cassava,40.09,0.0,1.52,26.4,280,0.0
6928,2022-06-29,Western,Cocoa,17.62,0.0,16.83,32.5,266,0.0
6929,2022-06-29,Eastern,Maize,25.19,0.0,2.77,29.0,195,0.0
6930,2022-06-29,Eastern,Cassava,26.94,0.0,1.42,25.6,466,0.0
6931,2022-06-29,Eastern,Cocoa,19.15,0.0,15.72,32.0,55,0.0
6932,2022-06-30,Greater Accra,Maize,17.05,0.0,2.89,25.5,228,0.0
6933,2022-06-30,Greater Accra,Cassava,21.79,0.0,1.62,26.4,281,0.0
6934,2022-06-30,Greater Accra,Cocoa,9.13,0.0,14.48,33.5,275,0.0
6935,2022-06-30,Ashanti,Maize,17.39,0.0,3.0,29.0,52,0.0
6936,2022-06-30,Ashanti,Cassava,20.85,0.0,1.11,31.2,79,0.0
6937,2022-06-30,Ashanti,Cocoa,6.5,0.0,15.47,25.4,201,0.0
6938,2022-06-30,Northern,Maize,11.45,0.0,3.19,31.9,197,0.0
6939,2022-06-30,Northern,Cassava,2.09,0.0,1.62,29.9,436,0.0
6940,2022-06-30,Northern,Cocoa,4.83,0.0,13.4,28.7,176,0.0
6941,2022-06-30,Western,Maize,12.54,0.0,3.11,32.8,172,0.0
6942,2022-06-30,Western,Cocoa,29.15,0.0,14.01,29.7,464,0.0
6943,2022-06-30,Eastern,Maize,10.53,0.0,2.43,32.4,233,0.0
6944,2022-06-30,Eastern,Cassava,34.5,0.0,1.57,33.9,267,0.0
6945,2022-06-30,Eastern,Cocoa,13.17,0.0,14.3,31.8,482,0.0
6946,2022-07-01,Greater Accra,Maize,9.23,0.0,2.86,31.1,411,0.0
6947,2022-07-01,Greater Accra,Cassava,10.51,0.0,1.28,27.1,309,0.0
6948,2022-07-01,Ashanti,Maize,23.52,0.0,2.97,32.3,411,0.0
6949,2022-07-01,Ashanti,Cassava,19.06,0.0,1.57,27.2,201,0.0
6950,2022-07-01,Ashanti,Cocoa,15.49,0.0,13.98,32.1,335,0.0
6951,2022-07-01,Northern,Maize,23.55,0.0,2.55,30.1,413,0.0
6952,2022-07-01,Northern,Cassava,26.82,0.0,1.54,31.7,298,0.0
6953,2022-07-01,Northern,Cocoa,19.9,0.0,15.91,29.5,286,0.0
6954,2022-07-01,Western,Cassava,45.07,0.0,1.56,29.3,456,0.0
6955,2022-07-01,Western,Cocoa,42.68,0.0,11.61,25.2,105,0.0
6956,2022-07-01,Eastern,Maize,0.0,0.0,2.7,31.9,461,0.0
6957,2022-07-01,Eastern,Cassava,16.13,0.0,1.46,27.2,90,0.0
6958,2022-07-01,Eastern,Cocoa,33.21,0.0,16.84,25.6,343,0.0
6959,2022-07-02,Greater Accra,Maize,17.74,0.0,3.14,27.2,264,0.0
6960,2022-07-02,Greater Accra,Cassava,24.9,0.0,1.12,31.3,273,0.0
6961,2022-07-02,Ashanti,Maize,37.84,0.0,2.97,31.0,299,0.0
6962,2022-07-02,Ashanti,Cassava,29.01,0.0,1.51,30.7,202,0.0
6963,2022-07-02,Northern,Maize,21.36,0.0,2.89,32.8,132,0.0
6964,2022-07-02,Northern,Cassava,31.29,0.0,1.31,30.2,324,0.0
6965,2022-07-02,Northern,Cocoa,5.33,0.0,13.53,28.8,220,0.0
6966,2022-07-02,Western,Maize,18.39,0.0,2.69,25.1,335,0.0
6967,2022-07-02,Western,Cassava,49.92,0.0,1.25,26.7,94,0.0
6968,2022-07-02,Western,Cocoa,47.9,0.0,16.86,24.9,310,0.0
6969,2022-07-02,Eastern,Cassava,22.8,0.0,1.36,28.4,131,0.0
6970,2022-07-02,Eastern,Cocoa,20.63,0.0,14.49,28.3,227,0.0
6971,2022-07-03,Greater Accra,Maize,4.81,0.0,2.46,33.7,387,0.0
6972,2022-07-03,Greater Accra,Cassava,5.77,0.0,1.18,30.6,469,0.0
6973,2022-07-03,Greater Accra,Cocoa,9.11,0.0,13.17,26.5,377,0.0
6974,2022-07-03,Ashanti,Maize,24.49,0.0,2.64,30.6,466,0.0
6975,2022-07-03,Ashanti,Cassava,20.36,0.0,1.17,29.1,156,0.0
6976,2022-07-03,Ashanti,Cocoa,39.23,0.0,16.4,24.6,470,0.0
6977,2022-07-03,Northern,Maize,14.55,0.0,2.73,33.5,221,0.0
6978,2022-07-03,Northern,Cassava,22.44,0.0,1.31,33.5,286,0.0
6979,2022-07-03,Northern,Cocoa,21.17,0.0,15.65,33.4,260,0.0
6980,2022-07-03,Western,Maize,13.03,0.0,2.79,24.8,314,0.0
6981,2022-07-03,Western,Cassava,13.92,0.0,1.59,29.7,143,0.0
6982,2022-07-03,Western,Cocoa,45.86,0.0,15.35,31.0,113,0.0
6983,2022-07-03,Eastern,Maize,15.89,0.0,2.92,32.8,409,0.0
6984,2022-07-03,Eastern,Cassava,14.19,0.0,1.42,28.1,341,0.0
6985,2022-07-04,Greater Accra,Maize,20.31,0.0,2.85,24.4,248,0.0
6986,2022-07-04,Greater Accra,Cassava,0.0,0.0,1.32,24.9,191,0.0
6987,2022-07-04,Ashanti,Maize,10.35,0.0,2.44,26.0,493,0.0
6988,2022-07-04,Ashanti,Cassava,15.4,0.0,1.2,25.1,479,0.0
6989,2022-07-04,Ashanti,Cocoa,41.57,0.0,12.67,27.3,155,0.0
6990,2022-07-04,Northern,Cassava,22.07,0.0,1.29,24.8,316,0.0
6991,2022-07-04,Northern,Cocoa,23.19,0.0,14.73,29.2,335,0.0
6992,2022-07-04,Western,Maize,18.02,0.0,2.73,33.0,476,0.0
6993,2022-07-04,Western,Cocoa,8.56,0.0,16.06,25.3,98,0.0
6994,2022-07-04,Eastern,Cassava,32.16,0.0,1.35,32.4,101,0.0
6995,2022-07-04,Eastern,Cocoa,11.64,0.0,15.49,31.0,356,0.0
6996,2022-07-05,Greater Accra,Cassava,24.45,0.0,1.17,31.4,328,0.0
6997,2022-07-05,Greater Accra,Cocoa,18.43,0.0,13.44,26.6,129,0.0
6998,2022-07-05,Ashanti,Maize,8.23,0.0,2.44,31.1,171,0.0
6999,2022-07-05,Ashanti,Cassava,9.61,0.0,1.42,31.1,150,0.0
7000,2022-07-05,Ashanti,Cocoa,21.79,0.0,12.15,26.5,249,0.0
7001,2022-07-05,Northern,Maize,19.06,0.0,2.76,27.7,115,0.0
7002,2022-07-05,Northern,Cassava,15.96,0.0,1.53,24.3,75,0.0
7003,2022-07-05,Northern,Cocoa,17.92,0.0,12.37,33.0,425,0.0
7004,2022-07-05,Western,Maize,25.29,0.0,3.32,30.5,296,0.0
7005,2022-07-05,Western,Cassava,51.21,0.0,1.39,24.2,368,0.0
7006,2022-07-05,Western,Cocoa,25.56,0.0,16.2,30.4,494,0.0
7007,2022-07-05,Eastern,Cassava,25.23,0.0,1.45,28.8,360,0.0
7008,2022-07-05,Eastern,Cocoa,14.93,0.0,14.37,26.5,320,0.0
7009,2022-07-06,Greater Accra,Maize,1.94,0.0,3.24,28.8,491,0.0
7010,2022-07-06,Greater Accra,Cassava,16.97,0.0,1.41,33.2,272,0.0
7011,2022-07-06,Greater Accra,Cocoa,15.85,0.0,13.07,31.3,314,0.0
7012,2022-07-06,Ashanti,Maize,6.16,0.0,3.35,25.9,444,0.0
7013,2022-07-06,Ashanti,Cassava,31.03,0.0,1.31,27.1,158,0.0
7014,2022-07-06,Ashanti,Cocoa,28.59,0.0,12.66,29.2,355,0.0
7015,2022-07-06,Northern,Cassava,2.57,0.0,1.43,26.8,301,0.0
7016,2022-07-06,Northern,Cocoa,22.57,0.0,14.43,33.4,326,0.0
7017,2022-07-06,Western,Maize,11.28,0.0,2.66,25.2,462,0.0
7018,2022-07-06,Western,Cassava,26.83,0.0,1.4,25.1,383,0.0
7019,2022-07-06,Eastern,Maize,15.96,0.0,2.8,33.4,453,0.0
7020,2022-07-06,Eastern,Cassava,20.85,0.0,1.57,27.3,423,0.0
7021,2022-07-06,Eastern,Cocoa,34.9,0.0,13.27,31.4,479,0.0
7022,2022-07-07,Greater Accra,Maize,4.89,0.0,3.32,32.3,350,0.0
7023,2022-07-07,Greater Accra,Cocoa,6.89,0.0,15.77,32.9,350,0.0
7024,2022-07-07,Ashanti,Maize,12.94,0.0,2.7,28.2,298,0.0
7025,2022-07-07,Ashanti,Cassava,25.75,0.0,1.2,28.9,198,0.0
7026,2022-07-07,Northern,Maize,23.82,0.0,2.74,29.5,211,0.0
7027,2022-07-07,Northern,Cocoa,15.27,0.0,13.81,30.0,446,0.0
7028,2022-07-07,Western,Maize,27.21,0.0,2.74,28.5,426,0.0
7029,2022-07-07,Western,Cassava,47.63,0.0,1.37,33.3,272,0.0
7030,2022-07-07,Western,Cocoa,43.16,0.0,13.73,30.4,164,0.0
7031,2022-07-07,Eastern,Maize,28.44,0.0,2.59,31.9,360,0.0
7032,2022-07-07,Eastern,Cassava,18.19,0.0,1.51,25.4,240,0.0
7033,2022-07-07,Eastern,Cocoa,30.69,0.0,16.56,32.1,168,0.0
7034,2022-07-08,Greater Accra,Maize,26.23,0.0,2.55,25.3,95,0.0
7035,2022-07-08,Greater Accra,Cassava,20.46,0.0,1.11,33.8,268,0.0
7036,2022-07-08,Greater Accra,Cocoa,21.26,0.0,16.59,30.6,252,0.0
7037,2022-07-08,Ashanti,Cassava,12.4,0.0,1.18,25.1,385,0.0
7038,2022-07-08,Ashanti,Cocoa,16.28,0.0,13.3,24.6,192,0.0
7039,2022-07-08,Northern,Maize,23.33,0.0,3.2,26.2,62,0.0
7040,2022-07-08,Northern,Cocoa,16.74,0.0,15.54,29.0,308,0.0
7041,2022-07-08,Western,Maize,5.77,0.0,3.29,32.4,494,0.0
7042,2022-07-08,Western,Cassava,31.9,0.0,1.33,26.0,372,0.0
7043,2022-07-08,Eastern,Cassava,27.26,0.0,1.32,29.1,339,0.0
7044,2022-07-08,Eastern,Cocoa,22.87,0.0,12.75,30.2,68,0.0
7045,2022-07-09,Greater Accra,Cassava,13.16,0.0,1.18,31.5,293,0.0
7046,2022-07-09,Greater Accra,Cocoa,6.26,0.0,13.8,32.2,217,0.0
7047,2022-07-09,Ashanti,Maize,29.52,0.0,3.02,32.5,116,0.0
7048,2022-07-09,Ashanti,Cocoa,31.39,0.0,12.45,26.2,206,0.0
7049,2022-07-09,Northern,Maize,6.83,0.0,2.71,32.0,471,0.0
7050,2022-07-09,Northern,Cassava,2.41,0.0,1.51,31.5,66,0.0
7051,2022-07-09,Northern,Cocoa,2.99,0.0,11.57,31.8,257,0.0
7052,2022-07-09,Western,Maize,25.14,0.0,2.3,26.9,284,0.0
7053,2022-07-09,Western,Cassava,13.91,0.0,1.26,29.3,463,0.0
7054,2022-07-09,Western,Cocoa,18.44,0.0,12.03,31.7,174,0.0
7055,2022-07-09,Eastern,Maize,24.46,0.0,3.22,33.1,113,0.0
7056,2022-07-09,Eastern,Cassava,22.81,0.0,1.19,27.8,350,0.0
7057,2022-07-10,Greater Accra,Maize,14.22,0.0,2.9,26.8,290,0.0
7058,2022-07-10,Greater Accra,Cassava,10.66,0.0,1.58,31.2,333,0.0
7059,2022-07-10,Greater Accra,Cocoa,11.11,0.0,15.12,26.1,348,0.0
7060,2022-07-10,Ashanti,Maize,12.14,0.0,2.47,30.2,389,0.0
7061,2022-07-10,Ashanti,Cassava,16.64,0.0,1.15,30.3,445,0.0
7062,2022-07-10,Ashanti,Cocoa,38.32,0.0,14.81,31.1,320,0.0
7063,2022-07-10,Northern,Cassava,21.79,0.0,1.24,24.0,181,0.0
7064,2022-07-10,Northern,Cocoa,27.46,0.0,16.71,25.6,404,0.0
7065,2022-07-10,Western,Maize,13.37,0.0,2.69,31.2,379,0.0
7066,2022-07-10,Western,Cassava,22.14,0.0,1.61,24.5,330,0.0
7067,2022-07-10,Western,Cocoa,20.65,0.0,11.98,30.7,378,0.0
7068,2022-07-10,Eastern,Maize,20.63,0.0,2.79,33.1,80,0.0
7069,2022-07-10,Eastern,Cassava,9.26,0.0,1.29,24.6,178,0.0
7070,2022-07-10,Eastern,Cocoa,11.82,0.0,16.54,25.4,91,0.0
7071,2022-07-11,Greater Accra,Maize,25.56,0.0,3.32,33.9,444,0.0
7072,2022-07-11,Greater Accra,Cassava,14.73,0.0,1.49,33.8,173,0.0
7073,2022-07-11,Greater Accra,Cocoa,20.42,0.0,12.38,24.7,73,0.0
7074,2022-07-11,Ashanti,Maize,14.71,0.0,2.9,31.2,376,0.0
7075,2022-07-11,Northern,Cassava,7.88,0.0,1.35,30.4,399,0.0
7076,2022-07-11,Northern,Cocoa,25.44,0.0,11.97,28.8,224,0.0
7077,2022-07-11,Western,Maize,7.54,0.0,3.21,30.5,69,0.0
7078,2022-07-11,Western,Cassava,35.75,0.0,1.56,24.6,211,0.0
7079,2022-07-11,Western,Cocoa,31.47,0.0,15.38,25.4,301,0.0
7080,2022-07-11,Eastern,Maize,31.83,0.0,2.38,33.2,218,0.0
7081,2022-07-11,Eastern,Cassava,10.5,0.0,1.12,25.0,116,0.0
7082,2022-07-11,Eastern,Cocoa,12.97,0.0,14.79,27.9,120,0.0
7083,2022-07-12,Greater Accra,Maize,16.24,0.0,3.13,24.1,342,0.0
7084,2022-07-12,Greater Accra,Cassava,21.94,0.0,1.4,27.8,288,0.0
7085,2022-07-12,Greater Accra,Cocoa,18.06,0.0,13.65,25.1,181,0.0
7086,2022-07-12,Ashanti,Maize,27.95,0.0,2.87,28.4,235,0.0
7087,2022-07-12,Ashanti,Cassava,35.27,0.0,1.42,32.0,86,0.0
7088,2022-07-12,Ashanti,Cocoa,11.39,0.0,16.68,33.6,352,0.0
7089,2022-07-12,Northern,Maize,27.74,0.0,3.13,25.4,266,0.0
7090,2022-07-12,Northern,Cassava,22.72,0.0,1.24,31.2,248,0.0
7091,2022-07-12,Northern,Cocoa,15.89,0.0,11.81,32.3,139,0.0
7092,2022-07-12,Western,Maize,36.34,0.0,2.93,26.5,237,0.0
7093,2022-07-12,Western,Cassava,16.67,0.0,1.62,32.1,489,0.0
7094,2022-07-12,Western,Cocoa,31.63,0.0,13.04,27.3,148,0.0
7095,2022-07-12,Eastern,Cassava,28.4,0.0,1.35,25.9,108,0.0
7096,2022-07-13,Greater Accra,Maize,23.74,0.0,2.98,31.3,442,0.0
7097,2022-07-13,Greater Accra,Cassava,8.75,0.0,1.52,29.1,231,0.0
7098,2022-07-13,Greater Accra,Cocoa,18.15,0.0,11.52,25.1,252,0.0
7099,2022-07-13,Ashanti,Maize,20.87,0.0,3.32,26.4,299,0.0
7100,2022-07-13,Ashanti,Cassava,35.3,0.0,1.36,26.8,103,0.0
7101,2022-07-13,Northern,Cassava,10.38,0.0,1.29,27.5,459,0.0
7102,2022-07-13,Western,Maize,44.19,0.0,2.66,33.6,427,0.0
7103,2022-07-13,Western,Cassava,36.25,0.0,1.24,26.8,466,0.0
7104,2022-07-13,Western,Cocoa,23.04,0.0,11.97,30.5,212,0.0
7105,2022-07-13,Eastern,Maize,26.65,0.0,2.97,32.6,100,0.0
7106,2022-07-13,Eastern,Cassava,27.84,0.0,1.34,33.9,196,0.0
7107,2022-07-13,Eastern,Cocoa,18.79,0.0,14.62,30.1,71,0.0
7108,2022-07-14,Greater Accra,Cocoa,18.18,0.0,14.52,31.6,354,0.0
7109,2022-07-14,Ashanti,Maize,38.11,0.0,2.97,30.3,197,0.0
7110,2022-07-14,Ashanti,Cassava,19.2,0.0,1.45,30.4,416,0.0
7111,2022-07-14,Ashanti,Cocoa,32.38,0.0,13.05,26.7,413,0.0
7112,2022-07-14,Northern,Maize,19.68,0.0,2.83,32.0,283,0.0
7113,2022-07-14,Northern,Cassava,12.34,0.0,1.18,27.3,148,0.0
7114,2022-07-14,Northern,Cocoa,4.76,0.0,14.46,24.4,405,0.0
7115,2022-07-14,Western,Maize,20.26,0.0,2.96,25.9,405,0.0
7116,2022-07-14,Western,Cassava,2.82,0.0,1.37,25.2,74,0.0
7117,2022-07-14,Western,Cocoa,51.89,0.0,12.48,25.5,79,0.0
7118,2022-07-14,Eastern,Maize,13.14,0.0,3.33,25.3,325,0.0
7119,2022-07-14,Eastern,Cassava,28.73,0.0,1.25,31.8,139,0.0
7120,2022-07-14,Eastern,Cocoa,17.17,0.0,13.16,28.3,50,0.0
7121,2022-07-15,Greater Accra,Maize,17.78,0.0,3.13,25.7,121,0.0
7122,2022-07-15,Greater Accra,Cassava,21.27,0.0,1.53,29.6,107,0.0
7123,2022-07-15,Greater Accra,Cocoa,3.79,0.0,12.67,31.8,391,0.0
7124,2022-07-15,Ashanti,Maize,28.52,0.0,2.57,30.4,232,0.0
7125,2022-07-15,Ashanti,Cassava,2.97,0.0,1.57,31.4,426,0.0
7126,2022-07-15,Ashanti,Cocoa,46.45,0.0,16.72,28.5,169,0.0
7127,2022-07-15,Northern,Maize,14.61,0.0,3.31,28.1,299,0.0
7128,2022-07-15,Northern,Cassava,10.23,0.0,1.34,32.7,86,0.0
7129,2022-07-15,Northern,Cocoa,13.0,0.0,14.51,27.9,335,0.0
7130,2022-07-15,Western,Maize,13.47,0.0,2.84,31.6,345,0.0
7131,2022-07-15,Western,Cassava,7.01,0.0,1.32,25.1,141,0.0
7132,2022-07-15,Western,Cocoa,16.67,0.0,15.5,31.0,57,0.0
7133,2022-07-15,Eastern,Cocoa,24.28,0.0,15.42,28.7,491,0.0
7134,2022-07-16,Greater Accra,Maize,21.83,0.0,2.71,29.2,131,0.0
7135,2022-07-16,Greater Accra,Cassava,10.93,0.0,1.58,30.8,362,0.0
7136,2022-07-16,Greater Accra,Cocoa,21.19,0.0,13.86,26.8,161,0.0
7137,2022-07-16,Ashanti,Maize,29.86,0.0,2.49,24.4,335,0.0
7138,2022-07-16,Ashanti,Cassava,21.73,0.0,1.33,29.2,396,0.0
7139,2022-07-16,Ashanti,Cocoa,10.41,0.0,12.6,28.2,59,0.0
7140,2022-07-16,Northern,Maize,21.24,0.0,3.14,26.5,373,0.0
7141,2022-07-16,Northern,Cassava,23.99,0.0,1.53,25.7,89,0.0
7142,2022-07-16,Northern,Cocoa,13.33,0.0,14.15,24.6,297,0.0
7143,2022-07-16,Western,Maize,23.4,0.0,2.92,25.3,112,0.0
7144,2022-07-16,Western,Cassava,7.04,0.0,1.24,29.6,355,0.0
7145,2022-07-16,Western,Cocoa,39.2,0.0,13.26,32.7,189,0.0
7146,2022-07-16,Eastern,Maize,29.4,0.0,2.72,31.4,264,0.0
7147,2022-07-16,Eastern,Cassava,13.0,0.0,1.11,28.6,454,0.0
7148,2022-07-16,Eastern,Cocoa,16.57,0.0,15.01,26.2,129,0.0
7149,2022-07-17,Greater Accra,Maize,12.64,0.0,3.18,34.0,60,0.0
7150,2022-07-17,Greater Accra,Cassava,11.68,0.0,1.61,24.4,473,0.0
7151,2022-07-17,Greater Accra,Cocoa,19.21,0.0,13.09,26.9,468,0.0
7152,2022-07-17,Ashanti,Maize,30.49,0.0,2.89,26.7,456,0.0
7153,2022-07-17,Ashanti,Cassava,13.97,0.0,1.15,24.3,495,0.0
7154,2022-07-17,Ashanti,Cocoa,23.69,0.0,16.06,32.8,112,0.0
7155,2022-07-17,Northern,Maize,18.01,0.0,3.29,24.2,342,0.0
7156,2022-07-17,Northern,Cassava,24.1,0.0,1.54,24.7,425,0.0
7157,2022-07-17,Northern,Cocoa,20.26,0.0,11.59,24.8,295,0.0
7158,2022-07-17,Western,Maize,18.98,0.0,2.7,30.6,57,0.0
7159,2022-07-17,Western,Cassava,10.77,0.0,1.51,31.2,254,0.0
7160,2022-07-17,Western,Cocoa,24.63,0.0,16.77,33.2,156,0.0
7161,2022-07-17,Eastern,Maize,28.19,0.0,2.81,31.0,221,0.0
7162,2022-07-17,Eastern,Cassava,14.93,0.0,0.0,30.1,381,0.0
7163,2022-07-17,Eastern,Cocoa,23.55,0.0,14.04,29.8,166,0.0
7164,2022-07-18,Greater Accra,Maize,10.24,0.0,2.94,28.8,81,0.0
7165,2022-07-18,Ashanti,Maize,27.36,0.0,2.55,29.2,260,0.0
7166,2022-07-18,Ashanti,Cassava,24.68,0.0,1.44,33.0,396,0.0
7167,2022-07-18,Ashanti,Cocoa,35.31,0.0,16.38,31.6,374,0.0
7168,2022-07-18,Northern,Maize,5.84,0.0,3.27,24.6,215,0.0
7169,2022-07-18,Northern,Cassava,19.24,0.0,1.53,27.0,372,0.0
7170,2022-07-18,Northern,Cocoa,19.54,0.0,11.84,27.2,366,0.0
7171,2022-07-18,Western,Cassava,26.81,0.0,1.14,24.4,324,0.0
7172,2022-07-18,Western,Cocoa,47.37,0.0,15.13,31.5,253,0.0
7173,2022-07-18,Eastern,Maize,17.77,0.0,2.46,27.3,141,0.0
7174,2022-07-18,Eastern,Cassava,1.9,0.0,1.27,27.4,141,0.0
7175,2022-07-18,Eastern,Cocoa,18.91,0.0,16.01,31.9,408,0.0
7176,2022-07-19,Greater Accra,Maize,20.99,0.0,2.38,31.0,328,0.0
7177,2022-07-19,Greater Accra,Cocoa,10.59,0.0,13.16,24.2,494,0.0
7178,2022-07-19,Ashanti,Maize,34.52,0.0,2.53,33.3,188,0.0
7179,2022-07-19,Ashanti,Cassava,12.21,0.0,1.3,26.0,143,0.0
7180,2022-07-19,Ashanti,Cocoa,3.65,0.0,12.66,27.4,269,0.0
7181,2022-07-19,Northern,Cassava,28.05,0.0,1.41,32.2,276,0.0
7182,2022-07-19,Northern,Cocoa,21.78,0.0,12.17,28.8,67,0.0
7183,2022-07-19,Western,Maize,44.6,0.0,2.66,24.1,475,0.0
7184,2022-07-19,Western,Cassava,37.35,0.0,1.38,31.9,493,0.0
7185,2022-07-19,Eastern,Maize,36.91,0.0,3.03,32.1,478,0.0
7186,2022-07-19,Eastern,Cocoa,8.78,0.0,14.3,25.3,489,0.0
7187,2022-07-20,Greater Accra,Maize,11.95,0.0,3.28,30.8,496,0.0
7188,2022-07-20,Greater Accra,Cocoa,30.32,0.0,14.69,26.9,255,0.0
7189,2022-07-20,Ashanti,Maize,19.58,0.0,2.55,27.0,225,0.0
7190,2022-07-20,Ashanti,Cassava,16.59,0.0,1.19,25.6,211,0.0
7191,2022-07-20,Ashanti,Cocoa,25.03,0.0,12.43,32.8,275,0.0
7192,2022-07-20,Northern,Maize,9.71,0.0,2.57,31.3,413,0.0
7193,2022-07-20,Northern,Cassava,22.56,0.0,1.17,32.0,426,0.0
7194,2022-07-20,Northern,Cocoa,17.62,0.0,13.12,27.1,100,0.0
7195,2022-07-20,Western,Maize,29.99,0.0,3.07,24.5,223,0.0
7196,2022-07-20,Western,Cassava,33.29,0.0,1.42,24.9,90,0.0
7197,2022-07-20,Western,Cocoa,10.43,0.0,13.96,29.4,363,0.0
7198,2022-07-20,Eastern,Cassava,22.58,0.0,1.17,33.9,97,0.0
7199,2022-07-20,Eastern,Cocoa,15.91,0.0,13.36,30.5,444,0.0
7200,2022-07-21,Greater Accra,Maize,23.42,0.0,2.3,26.2,217,0.0
7201,2022-07-21,Greater Accra,Cassava,16.17,0.0,1.29,24.8,490,0.0
7202,2022-07-21,Greater Accra,Cocoa,20.72,0.0,15.82,32.6,474,0.0
7203,2022-07-21,Ashanti,Cassava,11.3,0.0,1.21,29.4,330,0.0
7204,2022-07-21,Northern,Cassava,17.46,0.0,1.39,30.8,213,0.0
7205,2022-07-21,Northern,Cocoa,11.95,0.0,13.84,24.8,442,0.0
7206,2022-07-21,Western,Maize,39.01,0.0,3.35,31.4,476,0.0
7207,2022-07-21,Western,Cocoa,40.23,0.0,12.29,25.6,258,0.0
7208,2022-07-21,Eastern,Maize,26.98,0.0,3.08,31.4,409,0.0
7209,2022-07-21,Eastern,Cassava,14.51,0.0,1.31,33.7,351,0.0
7210,2022-07-21,Eastern,Cocoa,35.39,0.0,16.84,28.3,340,0.0
7211,2022-07-22,Greater Accra,Maize,5.35,0.0,2.31,29.6,122,0.0
7212,2022-07-22,Greater Accra,Cassava,13.7,0.0,1.34,27.1,334,0.0
7213,2022-07-22,Greater Accra,Cocoa,20.69,0.0,16.71,32.9,416,0.0
7214,2022-07-22,Ashanti,Maize,25.19,0.0,3.32,25.9,68,0.0
7215,2022-07-22,Ashanti,Cassava,11.14,0.0,1.51,28.9,321,0.0
7216,2022-07-22,Ashanti,Cocoa,17.91,0.0,15.12,27.3,223,0.0
7217,2022-07-22,Northern,Maize,12.67,0.0,3.07,28.8,221,0.0
7218,2022-07-22,Northern,Cocoa,7.88,0.0,14.09,25.8,260,0.0
7219,2022-07-22,Western,Maize,43.36,0.0,2.96,26.9,226,0.0
7220,2022-07-22,Western,Cassava,8.97,0.0,1.59,33.6,111,0.0
7221,2022-07-22,Western,Cocoa,30.63,0.0,15.56,27.0,50,0.0
7222,2022-07-22,Eastern,Maize,22.2,0.0,3.18,32.2,220,0.0
7223,2022-07-22,Eastern,Cassava,19.46,0.0,1.34,27.3,92,0.0
7224,2022-07-22,Eastern,Cocoa,26.41,0.0,16.82,26.4,56,0.0
7225,2022-07-23,Greater Accra,Maize,19.9,0.0,2.63,29.1,65,0.0
7226,2022-07-23,Greater Accra,Cassava,5.49,0.0,1.6,24.9,284,0.0
7227,2022-07-23,Greater Accra,Cocoa,0.0,0.0,12.3,33.3,64,0.0
7228,2022-07-23,Ashanti,Maize,47.54,0.0,2.58,28.8,384,0.0
7229,2022-07-23,Ashanti,Cassava,24.38,0.0,1.39,27.2,340,0.0
7230,2022-07-23,Ashanti,Cocoa,7.51,0.0,15.26,28.0,415,0.0
7231,2022-07-23,Northern,Maize,5.22,0.0,3.23,26.0,492,0.0
7232,2022-07-23,Northern,Cassava,8.65,0.0,1.25,29.1,90,0.0
7233,2022-07-23,Northern,Cocoa,26.17,0.0,15.48,34.0,291,0.0
7234,2022-07-23,Western,Maize,16.86,0.0,3.3,24.3,103,0.0
7235,2022-07-23,Western,Cassava,22.04,0.0,1.15,29.4,310,0.0
7236,2022-07-23,Western,Cocoa,47.56,0.0,12.28,25.4,336,0.0
7237,2022-07-23,Eastern,Maize,23.35,0.0,3.07,25.9,486,0.0
7238,2022-07-23,Eastern,Cassava,8.69,0.0,1.41,30.6,181,0.0
7239,2022-07-23,Eastern,Cocoa,21.82,0.0,11.99,27.1,71,0.0
7240,2022-07-24,Greater Accra,Maize,21.18,0.0,2.58,32.5,329,0.0
7241,2022-07-24,Greater Accra,Cassava,3.73,0.0,1.18,33.4,149,0.0
7242,2022-07-24,Greater Accra,Cocoa,14.39,0.0,15.06,31.9,393,0.0
7243,2022-07-24,Ashanti,Maize,32.46,0.0,2.32,25.0,187,0.0
7244,2022-07-24,Ashanti,Cassava,10.05,0.0,1.38,33.0,336,0.0
7245,2022-07-24,Ashanti,Cocoa,40.31,0.0,11.85,28.9,427,0.0
7246,2022-07-24,Northern,Maize,11.52,0.0,2.4,25.5,285,0.0
7247,2022-07-24,Northern,Cocoa,7.49,0.0,15.92,30.1,283,0.0
7248,2022-07-24,Western,Cassava,38.54,0.0,1.48,26.6,407,0.0
7249,2022-07-24,Western,Cocoa,50.56,0.0,12.45,32.3,73,0.0
7250,2022-07-24,Eastern,Cassava,11.48,0.0,1.12,28.7,476,0.0
7251,2022-07-24,Eastern,Cocoa,25.02,0.0,13.97,31.0,195,0.0
7252,2022-07-25,Greater Accra,Maize,22.01,0.0,3.19,28.4,232,0.0
7253,2022-07-25,Greater Accra,Cocoa,4.75,0.0,14.85,32.5,193,0.0
7254,2022-07-25,Ashanti,Maize,25.35,0.0,3.09,33.2,495,0.0
7255,2022-07-25,Ashanti,Cocoa,5.75,0.0,13.99,25.7,197,0.0
7256,2022-07-25,Northern,Maize,11.9,0.0,2.6,30.1,488,0.0
7257,2022-07-25,Northern,Cassava,18.66,0.0,1.46,24.2,52,0.0
7258,2022-07-25,Northern,Cocoa,19.93,0.0,11.52,30.9,76,0.0
7259,2022-07-25,Western,Maize,20.74,0.0,3.18,27.8,116,0.0
7260,2022-07-25,Western,Cassava,20.24,0.0,1.61,32.7,165,0.0
7261,2022-07-25,Western,Cocoa,23.37,0.0,15.48,31.3,340,0.0
7262,2022-07-25,Eastern,Maize,13.6,0.0,3.11,28.5,234,0.0
7263,2022-07-25,Eastern,Cassava,1.57,0.0,1.37,31.3,429,0.0
7264,2022-07-25,Eastern,Cocoa,35.54,0.0,16.81,32.3,325,0.0
7265,2022-07-26,Greater Accra,Maize,13.02,0.0,2.31,33.1,384,0.0
7266,2022-07-26,Greater Accra,Cassava,11.04,0.0,1.43,27.5,316,0.0
7267,2022-07-26,Greater Accra,Cocoa,11.5,0.0,14.91,25.2,356,0.0
7268,2022-07-26,Ashanti,Cassava,21.21,0.0,1.49,29.7,441,0.0
7269,2022-07-26,Ashanti,Cocoa,19.34,0.0,12.5,24.0,261,0.0
7270,2022-07-26,Northern,Maize,21.5,0.0,3.1,29.3,224,0.0
7271,2022-07-26,Northern,Cassava,25.71,0.0,1.15,27.7,99,0.0
7272,2022-07-26,Northern,Cocoa,9.39,0.0,14.8,29.2,298,0.0
7273,2022-07-26,Western,Maize,44.22,0.0,2.4,30.7,427,0.0
7274,2022-07-26,Western,Cocoa,17.61,0.0,14.48,31.8,239,0.0
7275,2022-07-26,Eastern,Maize,6.28,0.0,2.32,27.8,433,0.0
7276,2022-07-26,Eastern,Cassava,15.37,0.0,1.53,31.8,216,0.0
7277,2022-07-26,Eastern,Cocoa,26.36,0.0,15.33,30.0,386,0.0
7278,2022-07-27,Greater Accra,Cassava,15.8,0.0,1.57,27.0,110,0.0
7279,2022-07-27,Greater Accra,Cocoa,20.41,0.0,16.08,27.4,448,0.0
7280,2022-07-27,Ashanti,Maize,22.06,0.0,2.85,32.1,69,0.0
7281,2022-07-27,Ashanti,Cassava,35.1,0.0,1.45,33.9,52,0.0
7282,2022-07-27,Ashanti,Cocoa,27.85,0.0,13.96,24.2,209,0.0
7283,2022-07-27,Northern,Cassava,19.74,0.0,1.15,30.7,195,0.0
7284,2022-07-27,Northern,Cocoa,20.12,0.0,15.23,28.0,97,0.0
7285,2022-07-27,Western,Maize,42.91,0.0,3.35,32.3,402,0.0
7286,2022-07-27,Western,Cassava,54.62,0.0,1.27,28.6,277,0.0
7287,2022-07-27,Western,Cocoa,26.0,0.0,11.57,32.2,325,0.0
7288,2022-07-27,Eastern,Maize,27.84,0.0,2.87,26.3,471,0.0
7289,2022-07-27,Eastern,Cassava,9.0,0.0,1.52,25.4,174,0.0
7290,2022-07-27,Eastern,Cocoa,18.51,0.0,13.29,33.5,194,0.0
7291,2022-07-28,Greater Accra,Maize,12.39,0.0,2.44,30.8,112,0.0
7292,2022-07-28,Greater Accra,Cassava,3.86,0.0,1.22,33.6,88,0.0
7293,2022-07-28,Greater Accra,Cocoa,14.01,0.0,13.0,30.4,88,0.0
7294,2022-07-28,Ashanti,Maize,30.72,0.0,2.4,24.4,311,0.0
7295,2022-07-28,Ashanti,Cassava,15.89,0.0,1.29,28.1,190,0.0
7296,2022-07-28,Ashanti,Cocoa,25.88,0.0,15.47,30.4,131,0.0
7297,2022-07-28,Northern,Cassava,28.85,0.0,1.58,31.7,181,0.0
7298,2022-07-28,Western,Maize,34.14,0.0,3.29,32.2,188,0.0
7299,2022-07-28,Western,Cassava,35.93,0.0,1.5,30.1,489,0.0
7300,2022-07-28,Western,Cocoa,30.29,0.0,15.92,25.1,271,0.0
7301,2022-07-28,Eastern,Maize,13.18,0.0,2.78,27.5,208,0.0
7302,2022-07-28,Eastern,Cassava,22.73,0.0,1.31,29.2,495,0.0
7303,2022-07-28,Eastern,Cocoa,23.57,0.0,12.61,32.8,143,0.0
7304,2022-07-29,Greater Accra,Cassava,9.69,0.0,1.14,33.6,202,0.0
7305,2022-07-29,Greater Accra,Cocoa,17.05,0.0,15.69,24.5,466,0.0
7306,2022-07-29,Ashanti,Maize,14.5,0.0,3.01,30.7,52,0.0
7307,2022-07-29,Northern,Maize,13.89,0.0,2.47,32.9,205,0.0
7308,2022-07-29,Northern,Cocoa,13.17,0.0,11.91,28.0,439,0.0
7309,2022-07-29,Western,Maize,27.7,0.0,2.41,33.7,308,0.0
7310,2022-07-29,Western,Cassava,17.96,0.0,1.13,29.4,495,0.0
7311,2022-07-29,Western,Cocoa,37.43,0.0,12.15,26.0,288,0.0
7312,2022-07-29,Eastern,Maize,29.37,0.0,2.46,28.4,346,0.0
7313,2022-07-29,Eastern,Cocoa,8.5,0.0,12.02,24.3,260,0.0
7314,2022-07-30,Greater Accra,Maize,14.55,0.0,2.77,24.5,204,0.0
7315,2022-07-30,Greater Accra,Cassava,16.84,0.0,1.57,29.7,266,0.0
7316,2022-07-30,Ashanti,Maize,8.79,0.0,2.31,30.0,380,0.0
7317,2022-07-30,Ashanti,Cassava,41.8,0.0,1.28,33.2,75,0.0
7318,2022-07-30,Ashanti,Cocoa,22.15,0.0,15.01,31.3,161,0.0
7319,2022-07-30,Northern,Cassava,8.17,0.0,1.18,24.3,374,0.0
7320,2022-07-30,Northern,Cocoa,11.89,0.0,15.4,28.4,247,0.0
7321,2022-07-30,Western,Cassava,39.68,0.0,1.31,25.2,194,0.0
7322,2022-07-30,Western,Cocoa,54.93,0.0,16.82,26.4,169,0.0
7323,2022-07-30,Eastern,Maize,34.51,0.0,2.65,29.6,133,0.0
7324,2022-07-30,Eastern,Cassava,12.22,0.0,1.5,33.4,157,0.0
7325,2022-07-30,Eastern,Cocoa,11.02,0.0,16.63,25.6,407,0.0
7326,2022-07-31,Greater Accra,Maize,18.73,0.0,3.35,29.3,188,0.0
7327,2022-07-31,Greater Accra,Cassava,19.13,0.0,1.52,26.4,259,0.0
7328,2022-07-31,Greater Accra,Cocoa,8.99,0.0,16.53,32.0,445,0.0
7329,2022-07-31,Ashanti,Maize,12.74,0.0,3.31,32.0,318,0.0
7330,2022-07-31,Ashanti,Cocoa,32.53,0.0,14.62,30.9,318,0.0
7331,2022-07-31,Northern,Maize,5.08,0.0,2.62,30.2,101,0.0
7332,2022-07-31,Northern,Cocoa,18.07,0.0,13.03,31.2,312,0.0
7333,2022-07-31,Western,Maize,20.29,0.0,2.36,24.4,172,0.0
7334,2022-07-31,Western,Cassava,21.44,0.0,1.24,29.6,479,0.0
7335,2022-07-31,Western,Cocoa,35.77,0.0,13.9,26.6,444,0.0
7336,2022-07-31,Eastern,Maize,20.51,0.0,2.97,28.7,92,0.0
7337,2022-07-31,Eastern,Cassava,8.16,0.0,1.22,33.6,207,0.0
7338,2022-07-31,Eastern,Cocoa,8.65,0.0,11.96,30.3,455,0.0
7339,2022-08-01,Greater Accra,Maize,9.89,0.0,2.78,28.8,132,0.0
7340,2022-08-01,Greater Accra,Cassava,8.31,0.0,1.28,26.2,211,0.0
7341,2022-08-01,Greater Accra,Cocoa,17.06,0.0,15.42,33.4,298,0.0
7342,2022-08-01,Ashanti,Cassava,16.24,0.0,1.2,24.5,346,0.0
7343,2022-08-01,Northern,Cassava,18.96,0.0,1.25,24.5,67,0.0
7344,2022-08-01,Western,Maize,16.64,0.0,3.02,34.0,229,0.0
7345,2022-08-01,Western,Cassava,41.51,0.0,1.54,30.7,358,0.0
7346,2022-08-01,Western,Cocoa,13.96,0.0,14.57,28.5,278,0.0
7347,2022-08-01,Eastern,Maize,12.02,0.0,0.0,32.3,321,0.0
7348,2022-08-01,Eastern,Cassava,10.75,0.0,1.59,28.7,376,0.0
7349,2022-08-01,Eastern,Cocoa,8.71,0.0,12.21,26.8,384,0.0
7350,2022-08-02,Greater Accra,Cassava,11.65,0.0,1.13,31.3,191,0.0
7351,2022-08-02,Greater Accra,Cocoa,22.82,0.0,16.04,25.8,235,0.0
7352,2022-08-02,Ashanti,Maize,11.18,0.0,2.31,32.7,66,0.0
7353,2022-08-02,Ashanti,Cassava,13.22,0.0,1.17,26.6,76,0.0
7354,2022-08-02,Northern,Maize,9.66,0.0,2.61,30.0,354,0.0
7355,2022-08-02,Northern,Cassava,7.92,0.0,1.18,26.0,375,0.0
7356,2022-08-02,Northern,Cocoa,6.62,0.0,13.64,33.3,314,0.0
7357,2022-08-02,Western,Maize,31.11,0.0,3.19,25.5,174,0.0
7358,2022-08-02,Western,Cassava,42.72,0.0,1.31,30.8,67,0.0
7359,2022-08-02,Western,Cocoa,22.21,0.0,16.26,31.9,469,0.0
7360,2022-08-02,Eastern,Maize,25.63,0.0,2.89,30.2,155,0.0
7361,2022-08-02,Eastern,Cassava,30.4,0.0,1.34,32.5,436,0.0
7362,2022-08-02,Eastern,Cocoa,25.12,0.0,12.28,24.1,105,0.0
7363,2022-08-03,Greater Accra,Cassava,7.17,0.0,1.55,31.4,478,0.0
7364,2022-08-03,Greater Accra,Cocoa,16.5,0.0,14.61,32.6,385,0.0
7365,2022-08-03,Ashanti,Maize,11.67,0.0,2.45,31.8,375,0.0
7366,2022-08-03,Ashanti,Cassava,34.42,0.0,1.45,33.7,147,0.0
7367,2022-08-03,Northern,Maize,14.49,0.0,3.07,33.6,75,0.0
7368,2022-08-03,Northern,Cassava,13.68,0.0,1.41,30.2,230,0.0
7369,2022-08-03,Northern,Cocoa,20.7,0.0,14.23,24.4,170,0.0
7370,2022-08-03,Western,Maize,34.4,0.0,2.51,32.1,249,0.0
7371,2022-08-03,Western,Cocoa,55.46,0.0,13.2,24.3,358,0.0
7372,2022-08-03,Eastern,Cassava,19.2,0.0,1.53,25.2,231,0.0
7373,2022-08-03,Eastern,Cocoa,27.41,0.0,15.07,25.7,429,0.0
7374,2022-08-04,Greater Accra,Cassava,5.37,0.0,1.26,25.1,452,0.0
7375,2022-08-04,Greater Accra,Cocoa,15.34,0.0,14.57,25.0,466,0.0
7376,2022-08-04,Northern,Maize,24.15,0.0,2.73,28.7,73,0.0
7377,2022-08-04,Northern,Cassava,13.21,0.0,1.53,29.8,136,0.0
7378,2022-08-04,Northern,Cocoa,13.12,0.0,15.55,27.2,397,0.0
7379,2022-08-04,Western,Maize,32.3,0.0,2.66,27.2,215,0.0
7380,2022-08-04,Western,Cassava,12.55,0.0,1.49,28.2,315,0.0
7381,2022-08-04,Western,Cocoa,25.24,0.0,13.38,24.7,120,0.0
7382,2022-08-04,Eastern,Maize,13.05,0.0,2.91,26.7,452,0.0
7383,2022-08-04,Eastern,Cassava,5.54,0.0,1.46,33.6,252,0.0
7384,2022-08-04,Eastern,Cocoa,19.03,0.0,14.86,24.6,389,0.0
7385,2022-08-05,Greater Accra,Maize,3.72,0.0,3.16,24.6,131,0.0
7386,2022-08-05,Greater Accra,Cassava,13.04,0.0,1.29,25.7,163,0.0
7387,2022-08-05,Greater Accra,Cocoa,2.81,0.0,13.93,31.8,201,0.0
7388,2022-08-05,Ashanti,Maize,20.04,0.0,3.33,32.0,214,0.0
7389,2022-08-05,Ashanti,Cassava,41.64,0.0,1.24,31.6,417,0.0
7390,2022-08-05,Northern,Maize,19.97,0.0,2.83,28.5,80,0.0
7391,2022-08-05,Northern,Cassava,27.13,0.0,1.52,32.2,433,0.0
7392,2022-08-05,Western,Maize,15.21,0.0,2.58,31.0,283,0.0
7393,2022-08-05,Western,Cassava,46.78,0.0,1.6,31.3,125,0.0
7394,2022-08-05,Western,Cocoa,16.93,0.0,13.96,27.4,362,0.0
7395,2022-08-05,Eastern,Maize,30.38,0.0,3.08,25.2,183,0.0
7396,2022-08-05,Eastern,Cocoa,11.22,0.0,13.3,30.9,119,0.0
7397,2022-08-06,Greater Accra,Cassava,24.59,0.0,1.35,31.9,488,0.0
7398,2022-08-06,Greater Accra,Cocoa,10.23,0.0,16.37,28.6,78,0.0
7399,2022-08-06,Ashanti,Maize,17.97,0.0,3.12,30.1,409,0.0
7400,2022-08-06,Ashanti,Cassava,42.02,0.0,1.3,24.5,255,0.0
7401,2022-08-06,Ashanti,Cocoa,42.24,0.0,14.36,26.0,270,0.0
7402,2022-08-06,Northern,Maize,21.65,0.0,3.24,26.2,104,0.0
7403,2022-08-06,Northern,Cassava,0.0,0.0,1.38,26.4,113,0.0
7404,2022-08-06,Northern,Cocoa,10.8,0.0,16.25,30.8,117,0.0
7405,2022-08-06,Western,Maize,29.59,0.0,3.22,25.7,253,0.0
7406,2022-08-06,Western,Cassava,15.24,0.0,1.46,26.7,186,0.0
7407,2022-08-06,Western,Cocoa,47.77,0.0,13.92,24.8,482,0.0
7408,2022-08-06,Eastern,Maize,21.87,0.0,2.68,27.6,222,0.0
7409,2022-08-06,Eastern,Cassava,22.4,0.0,1.22,25.2,93,0.0
7410,2022-08-06,Eastern,Cocoa,20.96,0.0,11.93,32.0,163,0.0
7411,2022-08-07,Greater Accra,Maize,14.26,0.0,2.51,26.3,79,0.0
7412,2022-08-07,Greater Accra,Cassava,7.76,0.0,1.4,33.5,419,0.0
7413,2022-08-07,Ashanti,Maize,11.53,0.0,3.17,32.6,358,0.0
7414,2022-08-07,Ashanti,Cassava,26.98,0.0,1.44,31.6,156,0.0
7415,2022-08-07,Ashanti,Cocoa,30.31,0.0,12.11,31.3,310,0.0
7416,2022-08-07,Northern,Cassava,22.17,0.0,1.32,27.5,461,0.0
7417,2022-08-07,Northern,Cocoa,24.32,0.0,12.46,27.7,58,0.0
7418,2022-08-07,Western,Cassava,24.46,0.0,1.12,30.6,210,0.0
7419,2022-08-07,Western,Cocoa,50.08,0.0,13.38,26.2,482,0.0
7420,2022-08-07,Eastern,Cassava,8.78,0.0,1.29,28.4,398,0.0
7421,2022-08-07,Eastern,Cocoa,27.01,0.0,14.08,33.7,264,0.0
7422,2022-08-08,Greater Accra,Maize,9.76,0.0,3.11,28.7,414,0.0
7423,2022-08-08,Greater Accra,Cassava,23.89,0.0,1.42,34.0,100,0.0
7424,2022-08-08,Greater Accra,Cocoa,6.11,0.0,16.65,25.7,398,0.0
7425,2022-08-08,Ashanti,Maize,11.27,0.0,2.77,31.6,156,0.0
7426,2022-08-08,Ashanti,Cassava,17.68,0.0,1.35,31.1,458,0.0
7427,2022-08-08,Ashanti,Cocoa,37.36,0.0,16.33,29.5,355,0.0
7428,2022-08-08,Northern,Cassava,9.51,0.0,1.33,25.3,257,0.0
7429,2022-08-08,Northern,Cocoa,15.36,0.0,14.19,24.2,148,0.0
7430,2022-08-08,Western,Maize,36.28,0.0,2.64,29.0,478,0.0
7431,2022-08-08,Western,Cocoa,8.02,0.0,15.89,28.7,385,0.0
7432,2022-08-08,Eastern,Maize,34.63,0.0,2.65,31.4,189,0.0
7433,2022-08-08,Eastern,Cocoa,20.02,0.0,16.8,25.7,227,0.0
7434,2022-08-09,Greater Accra,Maize,3.44,0.0,2.61,27.1,432,0.0
7435,2022-08-09,Greater Accra,Cassava,2.44,0.0,1.16,27.2,357,0.0
7436,2022-08-09,Greater Accra,Cocoa,20.14,0.0,14.34,26.3,100,0.0
7437,2022-08-09,Ashanti,Maize,20.55,0.0,0.0,27.2,304,0.0
7438,2022-08-09,Ashanti,Cocoa,18.09,0.0,15.09,30.7,355,0.0
7439,2022-08-09,Northern,Maize,7.51,0.0,3.02,32.5,437,0.0
7440,2022-08-09,Northern,Cassava,6.3,0.0,1.32,31.1,270,0.0
7441,2022-08-09,Northern,Cocoa,23.58,0.0,15.73,26.8,477,0.0
7442,2022-08-09,Western,Maize,9.32,0.0,2.86,25.1,200,0.0
7443,2022-08-09,Western,Cassava,17.12,0.0,1.55,27.3,282,0.0
7444,2022-08-09,Western,Cocoa,50.87,0.0,15.53,32.8,268,0.0
7445,2022-08-09,Eastern,Maize,9.93,0.0,2.84,27.9,332,0.0
7446,2022-08-09,Eastern,Cassava,0.0,0.0,1.22,25.3,154,0.0
7447,2022-08-09,Eastern,Cocoa,23.12,0.0,14.87,28.1,291,0.0
7448,2022-08-10,Greater Accra,Maize,16.61,0.0,2.33,25.4,248,0.0
7449,2022-08-10,Greater Accra,Cassava,14.8,0.0,1.36,26.5,271,0.0
7450,2022-08-10,Greater Accra,Cocoa,12.9,0.0,14.04,29.2,235,0.0
7451,2022-08-10,Ashanti,Maize,19.97,0.0,2.55,29.2,88,0.0
7452,2022-08-10,Ashanti,Cassava,32.99,0.0,1.34,27.5,188,0.0
7453,2022-08-10,Ashanti,Cocoa,5.7,0.0,14.0,32.2,465,0.0
7454,2022-08-10,Northern,Maize,18.7,0.0,3.05,30.7,233,0.0
7455,2022-08-10,Northern,Cassava,9.92,0.0,1.31,27.6,124,0.0
7456,2022-08-10,Northern,Cocoa,26.84,0.0,14.13,28.6,419,0.0
7457,2022-08-10,Western,Maize,25.68,0.0,2.75,33.4,222,0.0
7458,2022-08-10,Western,Cassava,12.98,0.0,1.38,25.8,315,0.0
7459,2022-08-10,Western,Cocoa,8.14,0.0,0.0,27.1,212,0.0
7460,2022-08-10,Eastern,Maize,28.94,0.0,2.35,24.6,197,0.0
7461,2022-08-10,Eastern,Cassava,30.85,0.0,1.42,32.1,486,0.0
7462,2022-08-10,Eastern,Cocoa,9.21,0.0,13.91,29.5,419,0.0
7463,2022-08-11,Greater Accra,Maize,20.9,0.0,2.72,32.2,398,0.0
7464,2022-08-11,Greater Accra,Cassava,11.46,0.0,1.49,27.1,273,0.0
7465,2022-08-11,Ashanti,Maize,42.88,0.0,2.44,29.8,334,0.0
7466,2022-08-11,Ashanti,Cassava,14.11,0.0,1.25,33.0,378,0.0
7467,2022-08-11,Ashanti,Cocoa,14.4,0.0,14.39,24.2,208,0.0
7468,2022-08-11,Northern,Maize,10.0,0.0,2.67,29.3,350,0.0
7469,2022-08-11,Northern,Cassava,20.65,0.0,1.57,32.3,97,0.0
7470,2022-08-11,Western,Maize,36.29,0.0,2.35,24.0,77,0.0
7471,2022-08-11,Western,Cassava,24.27,0.0,1.53,25.5,463,0.0
7472,2022-08-11,Western,Cocoa,44.02,0.0,11.94,30.2,317,0.0
7473,2022-08-11,Eastern,Maize,11.58,0.0,2.65,27.5,349,0.0
7474,2022-08-11,Eastern,Cassava,9.8,0.0,1.27,29.9,230,0.0
7475,2022-08-11,Eastern,Cocoa,7.92,0.0,15.08,32.1,437,0.0
7476,2022-08-12,Greater Accra,Maize,11.29,0.0,2.78,27.9,432,0.0
7477,2022-08-12,Greater Accra,Cassava,10.97,0.0,1.35,24.2,323,0.0
7478,2022-08-12,Greater Accra,Cocoa,19.9,0.0,14.25,27.4,76,0.0
7479,2022-08-12,Ashanti,Cassava,24.46,0.0,1.34,28.5,60,0.0
7480,2022-08-12,Ashanti,Cocoa,37.48,0.0,13.6,26.1,455,0.0
7481,2022-08-12,Northern,Maize,20.08,0.0,2.9,29.1,133,0.0
7482,2022-08-12,Northern,Cassava,19.5,0.0,1.47,25.5,461,0.0
7483,2022-08-12,Northern,Cocoa,19.32,0.0,12.36,30.0,332,0.0
7484,2022-08-12,Western,Maize,34.27,0.0,2.4,25.1,111,0.0
7485,2022-08-12,Western,Cassava,16.11,0.0,1.28,32.4,350,0.0
7486,2022-08-12,Western,Cocoa,13.42,0.0,15.96,24.2,463,0.0
7487,2022-08-12,Eastern,Cassava,14.73,0.0,1.55,29.1,224,0.0
7488,2022-08-13,Greater Accra,Maize,4.45,0.0,3.12,25.6,106,0.0
7489,2022-08-13,Greater Accra,Cassava,14.03,0.0,1.28,28.5,351,0.0
7490,2022-08-13,Greater Accra,Cocoa,7.19,0.0,12.35,26.9,354,0.0
7491,2022-08-13,Ashanti,Maize,16.35,0.0,2.62,32.1,242,0.0
7492,2022-08-13,Ashanti,Cassava,20.31,0.0,1.43,25.6,275,0.0
7493,2022-08-13,Ashanti,Cocoa,27.72,0.0,13.85,27.9,366,0.0
7494,2022-08-13,Northern,Maize,9.04,0.0,2.4,32.5,307,0.0
7495,2022-08-13,Northern,Cassava,7.53,0.0,1.38,33.1,83,0.0
7496,2022-08-13,Northern,Cocoa,20.87,0.0,16.8,29.8,241,0.0
7497,2022-08-13,Western,Maize,30.4,0.0,2.84,28.9,299,0.0
7498,2022-08-13,Western,Cassava,42.44,0.0,1.43,28.6,355,0.0
7499,2022-08-13,Eastern,Maize,17.46,0.0,3.35,31.4,50,0.0
7500,2022-08-13,Eastern,Cassava,34.65,0.0,1.29,32.9,485,0.0
7501,2022-08-13,Eastern,Cocoa,30.72,0.0,15.09,25.6,53,0.0
7502,2022-08-14,Greater Accra,Maize,19.15,0.0,2.75,28.2,131,0.0
7503,2022-08-14,Greater Accra,Cocoa,7.48,0.0,16.22,27.1,478,0.0
7504,2022-08-14,Ashanti,Maize,22.8,0.0,2.91,31.1,211,0.0
7505,2022-08-14,Ashanti,Cassava,27.58,0.0,1.2,27.8,403,0.0
7506,2022-08-14,Ashanti,Cocoa,5.72,0.0,13.52,26.2,104,0.0
7507,2022-08-14,Northern,Maize,6.25,0.0,2.44,30.3,179,0.0
7508,2022-08-14,Western,Maize,34.2,0.0,2.7,31.4,175,0.0
7509,2022-08-14,Western,Cassava,29.74,0.0,1.23,27.9,181,0.0
7510,2022-08-14,Western,Cocoa,27.94,0.0,16.67,29.2,124,0.0
7511,2022-08-14,Eastern,Cassava,17.55,0.0,1.47,28.6,419,0.0
7512,2022-08-14,Eastern,Cocoa,12.4,0.0,13.86,32.1,246,0.0
7513,2022-08-15,Greater Accra,Maize,0.0,0.0,3.3,30.1,301,0.0
7514,2022-08-15,Greater Accra,Cassava,0.0,0.0,1.16,31.0,422,0.0
7515,2022-08-15,Greater Accra,Cocoa,5.49,0.0,12.55,30.0,161,0.0
7516,2022-08-15,Ashanti,Maize,6.25,0.0,3.18,32.5,138,0.0
7517,2022-08-15,Ashanti,Cassava,9.82,0.0,1.55,32.0,475,0.0
7518,2022-08-15,Ashanti,Cocoa,3.31,0.0,16.06,33.4,204,0.0
7519,2022-08-15,Northern,Maize,8.46,0.0,3.15,31.5,136,0.0
7520,2022-08-15,Northern,Cassava,16.57,0.0,1.17,32.2,221,0.0
7521,2022-08-15,Northern,Cocoa,24.42,0.0,13.9,29.2,432,0.0
7522,2022-08-15,Western,Maize,34.69,0.0,2.58,24.8,350,0.0
7523,2022-08-15,Western,Cassava,53.65,0.0,1.27,29.9,132,0.0
7524,2022-08-15,Western,Cocoa,54.59,0.0,14.45,25.2,189,0.0
7525,2022-08-15,Eastern,Maize,19.03,0.0,3.3,29.0,406,0.0
7526,2022-08-15,Eastern,Cassava,21.02,0.0,1.14,30.1,231,0.0
7527,2022-08-15,Eastern,Cocoa,30.75,0.0,16.35,26.7,350,0.0
7528,2022-08-16,Greater Accra,Maize,9.1,0.0,2.71,27.7,117,0.0
7529,2022-08-16,Greater Accra,Cassava,21.54,0.0,1.12,32.6,423,0.0
7530,2022-08-16,Greater Accra,Cocoa,10.14,0.0,12.0,32.5,203,0.0
7531,2022-08-16,Ashanti,Maize,6.92,0.0,2.84,24.0,329,0.0
7532,2022-08-16,Ashanti,Cassava,12.14,0.0,1.6,29.3,370,0.0
7533,2022-08-16,Ashanti,Cocoa,0.0,0.0,15.23,28.1,338,0.0
7534,2022-08-16,Northern,Maize,18.08,0.0,2.67,31.5,386,0.0
7535,2022-08-16,Northern,Cassava,26.05,0.0,1.4,33.6,487,0.0
7536,2022-08-16,Northern,Cocoa,18.52,0.0,14.72,32.9,499,0.0
7537,2022-08-16,Western,Cassava,0.0,0.0,1.4,26.2,102,0.0
7538,2022-08-16,Western,Cocoa,8.34,0.0,12.91,33.2,229,0.0
7539,2022-08-16,Eastern,Maize,20.06,0.0,2.95,33.1,271,0.0
7540,2022-08-16,Eastern,Cocoa,19.8,0.0,16.8,26.2,261,0.0
7541,2022-08-17,Greater Accra,Maize,19.91,0.0,2.64,27.4,397,0.0
7542,2022-08-17,Greater Accra,Cassava,2.84,0.0,1.12,33.9,421,0.0
7543,2022-08-17,Greater Accra,Cocoa,13.28,0.0,12.1,31.1,484,0.0
7544,2022-08-17,Ashanti,Maize,38.03,0.0,2.53,27.2,457,0.0
7545,2022-08-17,Ashanti,Cassava,1.63,0.0,1.53,25.3,86,0.0
7546,2022-08-17,Northern,Maize,21.6,0.0,2.99,32.1,475,0.0
7547,2022-08-17,Northern,Cocoa,0.0,0.0,13.53,30.1,406,0.0
7548,2022-08-17,Western,Maize,13.06,0.0,2.59,26.3,164,0.0
7549,2022-08-17,Western,Cassava,20.65,0.0,1.15,28.9,57,0.0
7550,2022-08-17,Eastern,Maize,32.83,0.0,2.58,31.8,346,0.0
7551,2022-08-17,Eastern,Cassava,28.16,0.0,1.57,30.4,133,0.0
7552,2022-08-17,Eastern,Cocoa,16.04,0.0,13.34,33.2,254,0.0
7553,2022-08-18,Greater Accra,Cassava,0.0,0.0,1.54,27.8,53,0.0
7554,2022-08-18,Greater Accra,Cocoa,13.38,0.0,15.07,30.7,400,0.0
7555,2022-08-18,Ashanti,Cassava,23.41,0.0,1.5,30.5,453,0.0
7556,2022-08-18,Ashanti,Cocoa,27.51,0.0,16.3,33.0,307,0.0
7557,2022-08-18,Northern,Maize,11.43,0.0,2.92,25.1,204,0.0
7558,2022-08-18,Northern,Cassava,5.47,0.0,1.37,27.3,169,0.0
7559,2022-08-18,Northern,Cocoa,6.71,0.0,15.18,30.9,95,0.0
7560,2022-08-18,Western,Maize,18.93,0.0,2.45,24.8,53,0.0
7561,2022-08-18,Western,Cassava,24.87,0.0,1.18,30.3,268,0.0
7562,2022-08-18,Western,Cocoa,38.45,0.0,12.56,25.2,257,0.0
7563,2022-08-18,Eastern,Maize,7.88,0.0,3.13,32.9,202,0.0
7564,2022-08-18,Eastern,Cassava,32.02,0.0,1.22,28.9,120,0.0
7565,2022-08-18,Eastern,Cocoa,6.13,0.0,16.31,33.4,113,0.0
7566,2022-08-19,Greater Accra,Maize,19.56,0.0,2.74,30.7,214,0.0
7567,2022-08-19,Greater Accra,Cassava,11.09,0.0,1.48,30.2,359,0.0
7568,2022-08-19,Greater Accra,Cocoa,10.48,0.0,14.7,28.3,290,0.0
7569,2022-08-19,Ashanti,Maize,6.91,0.0,2.89,24.9,364,0.0
7570,2022-08-19,Ashanti,Cassava,11.26,0.0,1.25,31.0,308,0.0
7571,2022-08-19,Ashanti,Cocoa,22.77,0.0,16.18,28.8,81,0.0
7572,2022-08-19,Northern,Maize,26.64,0.0,2.74,28.7,435,0.0
7573,2022-08-19,Northern,Cassava,0.8,0.0,1.31,27.2,327,0.0
7574,2022-08-19,Northern,Cocoa,19.2,0.0,16.65,31.3,276,0.0
7575,2022-08-19,Western,Maize,24.38,0.0,2.5,32.7,458,0.0
7576,2022-08-19,Western,Cassava,32.36,0.0,1.14,32.9,355,0.0
7577,2022-08-19,Western,Cocoa,32.69,0.0,16.02,29.7,199,0.0
7578,2022-08-19,Eastern,Cocoa,22.82,0.0,15.95,28.6,221,0.0
7579,2022-08-20,Greater Accra,Maize,14.56,0.0,2.84,29.0,214,0.0
7580,2022-08-20,Greater Accra,Cassava,19.4,0.0,1.49,32.7,438,0.0
7581,2022-08-20,Greater Accra,Cocoa,18.0,0.0,13.77,32.0,228,0.0
7582,2022-08-20,Ashanti,Cocoa,22.41,0.0,12.1,25.3,494,0.0
7583,2022-08-20,Northern,Cassava,29.34,0.0,1.35,28.0,422,0.0
7584,2022-08-20,Northern,Cocoa,12.77,0.0,13.36,25.2,128,0.0
7585,2022-08-20,Western,Maize,6.62,0.0,2.44,24.0,108,0.0
7586,2022-08-20,Western,Cassava,34.94,0.0,1.57,30.5,73,0.0
7587,2022-08-20,Western,Cocoa,26.01,0.0,16.26,24.1,299,0.0
7588,2022-08-20,Eastern,Maize,17.29,0.0,3.1,25.6,79,0.0
7589,2022-08-20,Eastern,Cocoa,19.23,0.0,12.4,31.4,148,0.0
7590,2022-08-21,Greater Accra,Maize,12.6,0.0,3.19,24.1,396,0.0
7591,2022-08-21,Greater Accra,Cassava,22.41,0.0,1.12,32.6,409,0.0
7592,2022-08-21,Greater Accra,Cocoa,9.65,0.0,12.67,27.5,83,0.0
7593,2022-08-21,Ashanti,Maize,30.84,0.0,3.02,32.6,499,0.0
7594,2022-08-21,Ashanti,Cassava,22.14,0.0,1.4,25.8,123,0.0
7595,2022-08-21,Ashanti,Cocoa,33.0,0.0,14.72,31.4,237,0.0
7596,2022-08-21,Northern,Cassava,0.0,0.0,1.37,31.9,57,0.0
7597,2022-08-21,Northern,Cocoa,0.0,0.0,16.32,26.4,266,0.0
7598,2022-08-21,Western,Cassava,12.71,0.0,1.53,31.9,208,0.0
7599,2022-08-21,Western,Cocoa,46.21,0.0,13.97,31.5,140,0.0
7600,2022-08-21,Eastern,Maize,15.49,0.0,2.75,28.9,183,0.0
7601,2022-08-21,Eastern,Cassava,21.56,0.0,1.46,32.9,341,0.0
7602,2022-08-21,Eastern,Cocoa,32.72,0.0,11.95,28.5,94,0.0
7603,2022-08-22,Greater Accra,Maize,12.53,0.0,2.72,32.2,66,0.0
7604,2022-08-22,Greater Accra,Cassava,24.17,0.0,1.24,25.2,466,0.0
7605,2022-08-22,Greater Accra,Cocoa,22.52,0.0,14.27,33.9,333,0.0
7606,2022-08-22,Ashanti,Maize,13.82,0.0,2.63,27.4,302,0.0
7607,2022-08-22,Ashanti,Cassava,9.43,0.0,1.34,27.0,327,0.0
7608,2022-08-22,Northern,Cassava,11.87,0.0,1.46,33.8,210,0.0
7609,2022-08-22,Northern,Cocoa,23.06,0.0,15.35,24.5,88,0.0
7610,2022-08-22,Western,Maize,43.58,0.0,2.56,25.4,112,0.0
7611,2022-08-22,Western,Cassava,11.45,0.0,1.3,26.1,185,0.0
7612,2022-08-22,Western,Cocoa,12.58,0.0,14.34,30.9,173,0.0
7613,2022-08-22,Eastern,Cassava,16.87,0.0,1.22,25.2,414,0.0
7614,2022-08-23,Greater Accra,Maize,11.98,0.0,3.25,31.2,287,0.0
7615,2022-08-23,Greater Accra,Cassava,7.65,0.0,1.31,26.3,188,0.0
7616,2022-08-23,Greater Accra,Cocoa,5.78,0.0,14.46,27.8,92,0.0
7617,2022-08-23,Ashanti,Maize,11.52,0.0,2.59,33.7,70,0.0
7618,2022-08-23,Ashanti,Cassava,32.94,0.0,1.57,27.6,282,0.0
7619,2022-08-23,Ashanti,Cocoa,27.38,0.0,14.85,30.0,329,0.0
7620,2022-08-23,Northern,Cassava,14.7,0.0,1.11,28.8,57,0.0
7621,2022-08-23,Northern,Cocoa,10.97,0.0,14.26,25.6,461,0.0
7622,2022-08-23,Western,Maize,33.77,0.0,2.47,27.9,109,0.0
7623,2022-08-23,Western,Cassava,28.81,0.0,1.32,33.7,56,0.0
7624,2022-08-23,Western,Cocoa,27.42,0.0,14.35,27.1,393,0.0
7625,2022-08-23,Eastern,Maize,8.07,0.0,2.45,31.8,252,0.0
7626,2022-08-23,Eastern,Cassava,29.54,0.0,1.38,30.8,329,0.0
7627,2022-08-23,Eastern,Cocoa,5.59,0.0,16.54,29.6,159,0.0
7628,2022-08-24,Greater Accra,Maize,21.74,0.0,2.73,28.9,89,0.0
7629,2022-08-24,Greater Accra,Cassava,4.19,0.0,1.13,28.6,335,0.0
7630,2022-08-24,Greater Accra,Cocoa,10.02,0.0,12.28,31.8,482,0.0
7631,2022-08-24,Ashanti,Maize,15.35,0.0,2.5,26.5,322,0.0
7632,2022-08-24,Ashanti,Cassava,10.47,0.0,1.25,28.1,461,0.0
7633,2022-08-24,Ashanti,Cocoa,19.92,0.0,14.87,26.5,176,0.0
7634,2022-08-24,Northern,Maize,16.15,0.0,2.91,32.1,73,0.0
7635,2022-08-24,Northern,Cassava,1.33,0.0,1.42,32.4,293,0.0
7636,2022-08-24,Northern,Cocoa,11.8,0.0,14.84,26.7,494,0.0
7637,2022-08-24,Western,Maize,41.61,0.0,3.37,30.9,319,0.0
7638,2022-08-24,Western,Cassava,44.47,0.0,1.12,31.9,377,0.0
7639,2022-08-24,Western,Cocoa,11.58,0.0,14.24,31.9,57,0.0
7640,2022-08-24,Eastern,Maize,10.45,0.0,3.37,28.8,266,0.0
7641,2022-08-24,Eastern,Cassava,13.64,0.0,1.36,31.4,372,0.0
7642,2022-08-24,Eastern,Cocoa,22.01,0.0,14.44,27.0,134,0.0
7643,2022-08-25,Greater Accra,Maize,9.38,0.0,2.53,31.3,258,0.0
7644,2022-08-25,Greater Accra,Cassava,4.56,0.0,1.62,30.0,490,0.0
7645,2022-08-25,Greater Accra,Cocoa,12.46,0.0,16.45,29.1,51,0.0
7646,2022-08-25,Ashanti,Maize,43.79,0.0,3.09,31.1,145,0.0
7647,2022-08-25,Ashanti,Cocoa,24.06,0.0,12.2,28.8,84,0.0
7648,2022-08-25,Northern,Maize,21.66,0.0,2.73,33.0,93,0.0
7649,2022-08-25,Northern,Cassava,15.85,0.0,1.52,25.9,403,0.0
7650,2022-08-25,Northern,Cocoa,8.13,0.0,13.23,27.5,410,0.0
7651,2022-08-25,Western,Maize,41.11,0.0,3.26,25.6,157,0.0
7652,2022-08-25,Western,Cassava,48.86,0.0,1.59,30.7,473,0.0
7653,2022-08-25,Western,Cocoa,17.85,0.0,15.76,24.7,119,0.0
7654,2022-08-25,Eastern,Maize,19.84,0.0,2.49,27.9,482,0.0
7655,2022-08-25,Eastern,Cocoa,10.87,0.0,12.99,28.8,229,0.0
7656,2022-08-26,Greater Accra,Maize,24.29,0.0,2.31,24.1,353,0.0
7657,2022-08-26,Greater Accra,Cassava,8.26,0.0,1.45,28.7,456,0.0
7658,2022-08-26,Greater Accra,Cocoa,6.2,0.0,11.92,24.2,397,0.0
7659,2022-08-26,Ashanti,Maize,20.84,0.0,2.93,33.3,155,0.0
7660,2022-08-26,Ashanti,Cassava,30.92,0.0,1.26,33.6,120,0.0
7661,2022-08-26,Ashanti,Cocoa,5.09,0.0,14.77,30.4,461,0.0
7662,2022-08-26,Northern,Cocoa,13.9,0.0,12.02,31.6,189,0.0
7663,2022-08-26,Western,Maize,19.68,0.0,3.16,30.9,273,0.0
7664,2022-08-26,Western,Cassava,35.58,0.0,1.21,25.2,204,0.0
7665,2022-08-26,Western,Cocoa,27.95,0.0,16.73,24.9,223,0.0
7666,2022-08-26,Eastern,Cassava,27.44,0.0,1.2,26.5,55,0.0
7667,2022-08-27,Greater Accra,Maize,18.82,0.0,2.94,30.9,70,0.0
7668,2022-08-27,Greater Accra,Cassava,5.29,0.0,1.12,30.7,157,0.0
7669,2022-08-27,Greater Accra,Cocoa,12.93,0.0,14.1,33.0,188,0.0
7670,2022-08-27,Ashanti,Maize,30.45,0.0,3.23,32.1,331,0.0
7671,2022-08-27,Ashanti,Cassava,24.08,0.0,1.46,24.1,268,0.0
7672,2022-08-27,Ashanti,Cocoa,8.21,0.0,15.62,25.1,303,0.0
7673,2022-08-27,Northern,Maize,13.26,0.0,2.73,27.1,151,0.0
7674,2022-08-27,Northern,Cassava,20.2,0.0,1.16,26.8,460,0.0
7675,2022-08-27,Western,Maize,17.34,0.0,2.61,33.3,321,0.0
7676,2022-08-27,Western,Cassava,43.6,0.0,1.23,25.2,84,0.0
7677,2022-08-27,Eastern,Maize,15.09,0.0,2.87,32.9,402,0.0
7678,2022-08-27,Eastern,Cassava,22.58,0.0,1.22,30.9,425,0.0
7679,2022-08-27,Eastern,Cocoa,17.62,0.0,13.08,28.2,259,0.0
7680,2022-08-28,Greater Accra,Cassava,10.9,0.0,1.31,24.8,395,0.0
7681,2022-08-28,Ashanti,Maize,44.17,0.0,3.22,27.6,347,0.0
7682,2022-08-28,Ashanti,Cocoa,32.66,0.0,13.92,30.9,264,0.0
7683,2022-08-28,Northern,Cassava,14.26,0.0,1.31,33.2,433,0.0
7684,2022-08-28,Northern,Cocoa,0.0,0.0,11.61,27.3,253,0.0
7685,2022-08-28,Western,Cassava,19.3,0.0,1.56,31.8,224,0.0
7686,2022-08-28,Eastern,Maize,14.43,0.0,2.7,32.2,230,0.0
7687,2022-08-28,Eastern,Cassava,13.69,0.0,1.44,29.0,50,0.0
7688,2022-08-28,Eastern,Cocoa,34.33,0.0,14.21,29.4,382,0.0
7689,2022-08-29,Greater Accra,Maize,15.15,0.0,3.09,27.3,219,0.0
7690,2022-08-29,Greater Accra,Cassava,11.66,0.0,1.36,29.5,464,0.0
7691,2022-08-29,Greater Accra,Cocoa,15.06,0.0,14.36,30.9,377,0.0
7692,2022-08-29,Ashanti,Maize,25.1,0.0,3.2,27.8,296,0.0
7693,2022-08-29,Ashanti,Cassava,35.65,0.0,1.13,29.4,290,0.0
7694,2022-08-29,Ashanti,Cocoa,31.37,0.0,14.86,27.4,476,0.0
7695,2022-08-29,Northern,Maize,8.05,0.0,2.89,32.7,230,0.0
7696,2022-08-29,Northern,Cassava,16.44,0.0,1.17,26.9,496,0.0
7697,2022-08-29,Northern,Cocoa,4.8,0.0,14.08,26.1,329,0.0
7698,2022-08-29,Western,Maize,12.58,0.0,3.29,29.4,167,0.0
7699,2022-08-29,Western,Cassava,36.34,0.0,1.4,33.2,418,0.0
7700,2022-08-29,Western,Cocoa,20.26,0.0,12.8,28.1,98,0.0
7701,2022-08-29,Eastern,Maize,9.37,0.0,2.75,30.3,216,0.0
7702,2022-08-29,Eastern,Cassava,28.99,0.0,1.56,29.0,405,0.0
7703,2022-08-30,Greater Accra,Maize,28.83,0.0,2.88,24.4,416,0.0
7704,2022-08-30,Greater Accra,Cassava,10.12,0.0,1.6,31.9,357,0.0
7705,2022-08-30,Greater Accra,Cocoa,12.48,0.0,12.79,30.0,347,0.0
7706,2022-08-30,Ashanti,Maize,32.91,0.0,2.97,26.7,317,0.0
7707,2022-08-30,Ashanti,Cassava,27.89,0.0,1.19,27.4,419,0.0
7708,2022-08-30,Ashanti,Cocoa,29.24,0.0,12.86,33.2,225,0.0
7709,2022-08-30,Western,Maize,21.65,0.0,2.69,30.4,74,0.0
7710,2022-08-30,Western,Cassava,46.09,0.0,0.0,28.4,424,0.0
7711,2022-08-30,Western,Cocoa,27.86,0.0,14.96,24.2,343,0.0
7712,2022-08-30,Eastern,Maize,27.43,0.0,2.31,27.1,126,0.0
7713,2022-08-30,Eastern,Cassava,7.72,0.0,1.37,29.3,280,0.0
7714,2022-08-30,Eastern,Cocoa,9.52,0.0,15.55,27.9,362,0.0
7715,2022-08-31,Greater Accra,Maize,12.0,0.0,2.85,24.9,273,0.0
7716,2022-08-31,Greater Accra,Cocoa,13.96,0.0,15.93,29.9,124,0.0
7717,2022-08-31,Ashanti,Maize,14.62,0.0,2.31,29.0,364,0.0
7718,2022-08-31,Ashanti,Cassava,39.71,0.0,1.19,24.4,384,0.0
7719,2022-08-31,Ashanti,Cocoa,16.92,0.0,14.15,32.8,271,0.0
7720,2022-08-31,Northern,Maize,8.28,0.0,2.91,26.3,478,0.0
7721,2022-08-31,Northern,Cassava,14.12,0.0,1.36,28.6,303,0.0
7722,2022-08-31,Northern,Cocoa,11.23,0.0,15.02,29.9,421,0.0
7723,2022-08-31,Western,Maize,20.62,0.0,2.35,25.8,204,0.0
7724,2022-08-31,Western,Cassava,25.26,0.0,1.4,29.6,160,0.0
7725,2022-08-31,Western,Cocoa,15.35,0.0,14.65,28.4,494,0.0
7726,2022-08-31,Eastern,Maize,12.31,0.0,3.14,29.9,156,0.0
7727,2022-08-31,Eastern,Cassava,20.52,0.0,1.42,26.3,143,0.0
7728,2022-08-31,Eastern,Cocoa,26.02,0.0,16.2,29.4,73,0.0
7729,2022-09-01,Greater Accra,Maize,24.33,0.0,2.41,30.3,364,0.0
7730,2022-09-01,Greater Accra,Cassava,18.38,0.0,1.42,27.9,107,0.0
7731,2022-09-01,Greater Accra,Cocoa,0.0,0.0,15.79,30.1,171,0.0
7732,2022-09-01,Ashanti,Maize,32.41,0.0,2.48,29.4,395,0.0
7733,2022-09-01,Ashanti,Cassava,37.38,0.0,1.16,27.2,211,0.0
7734,2022-09-01,Ashanti,Cocoa,4.29,0.0,16.76,28.6,464,0.0
7735,2022-09-01,Northern,Maize,0.0,0.0,2.78,30.8,162,0.0
7736,2022-09-01,Northern,Cassava,16.09,0.0,1.56,28.9,265,0.0
7737,2022-09-01,Northern,Cocoa,21.13,0.0,12.18,24.1,127,0.0
7738,2022-09-01,Western,Maize,42.44,0.0,2.81,26.3,336,0.0
7739,2022-09-01,Western,Cassava,41.91,0.0,1.6,31.9,167,0.0
7740,2022-09-01,Western,Cocoa,52.98,0.0,16.81,28.0,464,0.0
7741,2022-09-01,Eastern,Cassava,14.26,0.0,1.2,26.9,381,0.0
7742,2022-09-01,Eastern,Cocoa,33.09,0.0,16.85,32.0,353,0.0
7743,2022-09-02,Greater Accra,Maize,4.84,0.0,2.51,31.9,94,0.0
7744,2022-09-02,Greater Accra,Cassava,25.86,0.0,1.56,30.3,228,0.0
7745,2022-09-02,Ashanti,Maize,20.15,0.0,2.59,26.3,52,0.0
7746,2022-09-02,Ashanti,Cassava,11.39,0.0,1.34,30.6,158,0.0
7747,2022-09-02,Ashanti,Cocoa,23.05,0.0,16.62,25.0,142,0.0
7748,2022-09-02,Northern,Maize,14.37,0.0,2.85,27.6,353,0.0
7749,2022-09-02,Northern,Cassava,23.85,0.0,1.45,24.6,462,0.0
7750,2022-09-02,Western,Cassava,30.48,0.0,1.23,25.4,71,0.0
7751,2022-09-02,Western,Cocoa,34.23,0.0,14.63,24.5,125,0.0
7752,2022-09-02,Eastern,Maize,5.99,0.0,2.37,29.9,353,0.0
7753,2022-09-02,Eastern,Cassava,21.48,0.0,1.29,26.3,478,0.0
7754,2022-09-02,Eastern,Cocoa,27.34,0.0,14.05,29.5,185,0.0
7755,2022-09-03,Greater Accra,Maize,7.41,0.0,2.91,25.5,197,0.0
7756,2022-09-03,Greater Accra,Cassava,18.05,0.0,1.14,25.4,233,0.0
7757,2022-09-03,Greater Accra,Cocoa,11.05,0.0,12.6,29.7,213,0.0
7758,2022-09-03,Ashanti,Maize,35.02,0.0,3.31,27.9,205,0.0
7759,2022-09-03,Ashanti,Cassava,26.58,0.0,1.5,28.3,192,0.0
7760,2022-09-03,Ashanti,Cocoa,15.45,0.0,11.64,33.4,246,0.0
7761,2022-09-03,Northern,Maize,26.61,0.0,2.58,24.0,443,0.0
7762,2022-09-03,Northern,Cassava,11.22,0.0,1.31,32.9,329,0.0
7763,2022-09-03,Northern,Cocoa,13.24,0.0,16.32,24.9,227,0.0
7764,2022-09-03,Western,Cocoa,31.49,0.0,15.51,24.0,149,0.0
7765,2022-09-03,Eastern,Maize,35.49,0.0,2.75,31.9,304,0.0
7766,2022-09-03,Eastern,Cassava,13.34,0.0,1.23,32.8,410,0.0
7767,2022-09-03,Eastern,Cocoa,8.97,0.0,13.21,32.6,79,0.0
7768,2022-09-04,Greater Accra,Maize,20.81,0.0,2.35,27.0,226,0.0
7769,2022-09-04,Greater Accra,Cassava,15.75,0.0,1.48,29.6,340,0.0
7770,2022-09-04,Greater Accra,Cocoa,3.88,0.0,16.55,32.0,347,0.0
7771,2022-09-04,Ashanti,Cassava,21.14,0.0,1.35,29.5,240,0.0
7772,2022-09-04,Ashanti,Cocoa,26.98,0.0,12.93,29.7,204,0.0
7773,2022-09-04,Northern,Maize,8.16,0.0,2.59,31.0,281,0.0
7774,2022-09-04,Northern,Cassava,17.98,0.0,1.22,33.6,385,0.0
7775,2022-09-04,Northern,Cocoa,7.5,0.0,15.43,24.7,339,0.0
7776,2022-09-04,Western,Maize,48.82,0.0,2.76,28.8,86,0.0
7777,2022-09-04,Western,Cassava,36.33,0.0,1.13,30.2,101,0.0
7778,2022-09-04,Western,Cocoa,26.97,0.0,16.51,28.4,195,0.0
7779,2022-09-04,Eastern,Maize,17.63,0.0,3.08,32.7,161,0.0
7780,2022-09-04,Eastern,Cassava,0.0,0.0,1.19,33.4,204,0.0
7781,2022-09-04,Eastern,Cocoa,26.63,0.0,16.67,25.8,450,0.0
7782,2022-09-05,Greater Accra,Cassava,7.41,0.0,1.32,31.6,196,0.0
7783,2022-09-05,Ashanti,Maize,22.8,0.0,2.34,28.3,203,0.0
7784,2022-09-05,Ashanti,Cassava,34.41,0.0,1.55,33.8,373,0.0
7785,2022-09-05,Ashanti,Cocoa,6.03,0.0,16.77,33.2,109,0.0
7786,2022-09-05,Northern,Cassava,26.85,0.0,1.51,29.7,292,0.0
7787,2022-09-05,Western,Maize,16.51,0.0,2.65,29.3,95,0.0
7788,2022-09-05,Western,Cassava,25.47,0.0,1.61,28.0,213,0.0
7789,2022-09-05,Western,Cocoa,26.7,0.0,16.13,27.6,262,0.0
7790,2022-09-05,Eastern,Maize,11.3,0.0,3.11,24.4,384,0.0
7791,2022-09-05,Eastern,Cassava,11.7,0.0,1.2,25.1,468,0.0
7792,2022-09-05,Eastern,Cocoa,33.57,0.0,16.08,27.1,486,0.0
7793,2022-09-06,Greater Accra,Maize,21.81,0.0,2.94,33.0,203,0.0
7794,2022-09-06,Greater Accra,Cassava,6.81,0.0,1.34,32.6,67,0.0
7795,2022-09-06,Greater Accra,Cocoa,21.69,0.0,12.01,31.5,273,0.0
7796,2022-09-06,Ashanti,Maize,4.88,0.0,3.3,32.7,90,0.0
7797,2022-09-06,Ashanti,Cassava,9.27,0.0,1.48,25.6,59,0.0
7798,2022-09-06,Ashanti,Cocoa,12.82,0.0,14.16,29.9,459,0.0
7799,2022-09-06,Northern,Maize,12.52,0.0,2.39,24.5,139,0.0
7800,2022-09-06,Northern,Cassava,3.61,0.0,1.26,24.4,316,0.0
7801,2022-09-06,Northern,Cocoa,8.1,0.0,14.87,31.3,222,0.0
7802,2022-09-06,Western,Maize,29.52,0.0,2.38,25.0,482,0.0
7803,2022-09-06,Western,Cocoa,0.0,0.0,16.26,32.8,434,0.0
7804,2022-09-06,Eastern,Maize,16.04,0.0,2.32,32.1,328,0.0
7805,2022-09-06,Eastern,Cassava,34.31,0.0,1.12,24.1,480,0.0
7806,2022-09-06,Eastern,Cocoa,22.97,0.0,14.64,32.0,383,0.0
7807,2022-09-07,Greater Accra,Cassava,13.05,0.0,1.11,27.5,479,0.0
7808,2022-09-07,Ashanti,Maize,22.08,0.0,2.32,32.3,227,0.0
7809,2022-09-07,Ashanti,Cassava,9.34,0.0,1.2,28.8,347,0.0
7810,2022-09-07,Ashanti,Cocoa,38.96,0.0,16.7,32.3,353,0.0
7811,2022-09-07,Northern,Maize,17.82,0.0,2.57,30.4,315,0.0
7812,2022-09-07,Northern,Cassava,9.41,0.0,1.12,27.5,437,0.0
7813,2022-09-07,Northern,Cocoa,20.18,0.0,16.07,26.5,201,0.0
7814,2022-09-07,Western,Cassava,13.07,0.0,1.55,27.9,432,0.0
7815,2022-09-07,Western,Cocoa,40.48,0.0,14.87,28.2,388,0.0
7816,2022-09-07,Eastern,Cassava,0.0,0.0,1.18,31.7,316,0.0
7817,2022-09-07,Eastern,Cocoa,14.92,0.0,16.76,28.0,223,0.0
7818,2022-09-08,Greater Accra,Maize,24.17,0.0,2.56,33.4,468,0.0
7819,2022-09-08,Greater Accra,Cassava,16.57,0.0,1.5,25.9,347,0.0
7820,2022-09-08,Greater Accra,Cocoa,19.18,0.0,16.49,31.3,220,0.0
7821,2022-09-08,Ashanti,Maize,30.55,0.0,3.03,24.0,476,0.0
7822,2022-09-08,Ashanti,Cocoa,10.88,0.0,11.98,26.6,228,0.0
7823,2022-09-08,Northern,Maize,21.64,0.0,2.48,25.8,176,0.0
7824,2022-09-08,Northern,Cassava,25.64,0.0,1.49,27.6,340,0.0
7825,2022-09-08,Northern,Cocoa,17.58,0.0,15.09,26.1,206,0.0
7826,2022-09-08,Western,Maize,42.01,0.0,3.16,26.2,404,0.0
7827,2022-09-08,Western,Cassava,47.02,0.0,1.12,26.2,414,0.0
7828,2022-09-08,Western,Cocoa,45.06,0.0,15.49,24.7,161,0.0
7829,2022-09-08,Eastern,Maize,36.89,0.0,2.56,29.9,91,0.0
7830,2022-09-08,Eastern,Cassava,24.56,0.0,1.46,26.9,382,0.0
7831,2022-09-08,Eastern,Cocoa,11.58,0.0,12.27,30.1,121,0.0
7832,2022-09-09,Greater Accra,Maize,2.93,0.0,3.12,27.3,72,0.0
7833,2022-09-09,Greater Accra,Cassava,7.1,0.0,1.15,31.5,256,0.0
7834,2022-09-09,Greater Accra,Cocoa,15.71,0.0,12.65,29.1,73,0.0
7835,2022-09-09,Ashanti,Maize,7.56,0.0,2.93,31.1,291,0.0
7836,2022-09-09,Ashanti,Cassava,14.84,0.0,1.36,25.1,101,0.0
7837,2022-09-09,Northern,Maize,12.57,0.0,3.27,28.4,163,0.0
7838,2022-09-09,Northern,Cassava,18.24,0.0,1.19,30.8,394,0.0
7839,2022-09-09,Northern,Cocoa,8.36,0.0,11.68,33.4,197,0.0
7840,2022-09-09,Western,Cassava,46.0,0.0,1.6,28.3,220,0.0
7841,2022-09-09,Western,Cocoa,47.72,0.0,16.82,26.5,340,0.0
7842,2022-09-09,Eastern,Maize,23.19,0.0,2.92,24.5,416,0.0
7843,2022-09-09,Eastern,Cassava,24.83,0.0,1.27,33.0,479,0.0
7844,2022-09-09,Eastern,Cocoa,29.91,0.0,15.97,30.5,240,0.0
7845,2022-09-10,Greater Accra,Maize,22.81,0.0,2.49,27.5,406,0.0
7846,2022-09-10,Greater Accra,Cocoa,15.55,0.0,15.3,32.7,249,0.0
7847,2022-09-10,Ashanti,Maize,13.48,0.0,3.17,26.2,192,0.0
7848,2022-09-10,Ashanti,Cassava,7.74,0.0,1.54,28.9,355,0.0
7849,2022-09-10,Northern,Maize,11.93,0.0,3.04,28.8,386,0.0
7850,2022-09-10,Northern,Cassava,24.95,0.0,1.48,29.4,374,0.0
7851,2022-09-10,Northern,Cocoa,12.23,0.0,16.52,31.4,408,0.0
7852,2022-09-10,Western,Cassava,32.44,0.0,1.46,25.2,477,0.0
7853,2022-09-10,Western,Cocoa,35.13,0.0,15.62,25.5,191,0.0
7854,2022-09-10,Eastern,Maize,26.43,0.0,2.86,33.4,441,0.0
7855,2022-09-10,Eastern,Cocoa,15.13,0.0,15.25,29.7,390,0.0
7856,2022-09-11,Greater Accra,Maize,7.11,0.0,2.82,28.3,76,0.0
7857,2022-09-11,Greater Accra,Cassava,10.13,0.0,1.3,24.7,170,0.0
7858,2022-09-11,Greater Accra,Cocoa,8.52,0.0,12.43,33.4,102,0.0
7859,2022-09-11,Ashanti,Maize,10.24,0.0,2.51,33.8,73,0.0
7860,2022-09-11,Ashanti,Cassava,31.38,0.0,1.37,32.2,325,0.0
7861,2022-09-11,Ashanti,Cocoa,27.96,0.0,16.0,28.5,368,0.0
7862,2022-09-11,Northern,Maize,24.93,0.0,3.03,33.4,146,0.0
7863,2022-09-11,Northern,Cassava,8.81,0.0,0.0,29.5,79,0.0
7864,2022-09-11,Northern,Cocoa,19.63,0.0,15.38,28.1,105,0.0
7865,2022-09-11,Western,Cassava,12.29,0.0,1.29,33.3,334,0.0
7866,2022-09-11,Western,Cocoa,20.15,0.0,11.68,31.4,193,0.0
7867,2022-09-11,Eastern,Maize,18.33,0.0,3.14,24.7,121,0.0
7868,2022-09-11,Eastern,Cassava,21.13,0.0,1.11,30.2,260,0.0
7869,2022-09-11,Eastern,Cocoa,27.78,0.0,14.79,24.4,213,0.0
7870,2022-09-12,Greater Accra,Maize,13.22,0.0,2.49,26.0,374,0.0
7871,2022-09-12,Greater Accra,Cassava,9.39,0.0,1.54,28.4,148,0.0
7872,2022-09-12,Ashanti,Maize,13.99,0.0,2.72,31.5,117,0.0
7873,2022-09-12,Ashanti,Cassava,32.42,0.0,1.27,26.9,487,0.0
7874,2022-09-12,Ashanti,Cocoa,35.33,0.0,14.28,29.7,286,0.0
7875,2022-09-12,Northern,Maize,13.93,0.0,3.1,26.2,396,0.0
7876,2022-09-12,Northern,Cocoa,20.34,0.0,15.06,32.8,237,0.0
7877,2022-09-12,Western,Cassava,22.99,0.0,1.26,33.5,339,0.0
7878,2022-09-12,Western,Cocoa,26.28,0.0,13.53,29.8,356,0.0
7879,2022-09-12,Eastern,Maize,17.77,0.0,2.68,32.8,270,0.0
7880,2022-09-12,Eastern,Cassava,15.62,0.0,1.58,26.5,310,0.0
7881,2022-09-12,Eastern,Cocoa,26.92,0.0,12.41,32.9,183,0.0
7882,2022-09-13,Greater Accra,Maize,26.2,0.0,2.94,26.8,73,0.0
7883,2022-09-13,Greater Accra,Cassava,8.29,0.0,1.37,26.2,410,0.0
7884,2022-09-13,Greater Accra,Cocoa,10.6,0.0,12.86,24.7,277,0.0
7885,2022-09-13,Ashanti,Cocoa,16.78,0.0,14.24,30.0,260,0.0
7886,2022-09-13,Northern,Maize,10.39,0.0,2.41,33.0,126,0.0
7887,2022-09-13,Northern,Cocoa,2.41,0.0,14.13,29.9,484,0.0
7888,2022-09-13,Western,Maize,56.53,0.0,2.9,26.1,101,0.0
7889,2022-09-13,Western,Cocoa,48.96,0.0,14.19,33.8,423,0.0
7890,2022-09-13,Eastern,Maize,22.99,0.0,2.34,32.1,52,0.0
7891,2022-09-13,Eastern,Cassava,23.87,0.0,1.36,32.4,428,0.0
7892,2022-09-13,Eastern,Cocoa,32.35,0.0,16.56,33.3,296,0.0
7893,2022-09-14,Greater Accra,Cassava,24.28,0.0,1.54,27.2,393,0.0
7894,2022-09-14,Greater Accra,Cocoa,17.9,0.0,15.06,31.0,150,0.0
7895,2022-09-14,Ashanti,Maize,25.33,0.0,3.0,26.6,70,0.0
7896,2022-09-14,Ashanti,Cassava,23.71,0.0,1.16,27.3,370,0.0
7897,2022-09-14,Ashanti,Cocoa,18.2,0.0,11.69,30.4,405,0.0
7898,2022-09-14,Northern,Maize,11.45,0.0,2.88,28.5,396,0.0
7899,2022-09-14,Northern,Cassava,13.96,0.0,1.46,32.2,264,0.0
7900,2022-09-14,Northern,Cocoa,13.61,0.0,11.68,31.3,198,0.0
7901,2022-09-14,Western,Maize,35.66,0.0,3.14,25.4,298,0.0
7902,2022-09-14,Western,Cassava,37.59,0.0,1.55,32.4,410,0.0
7903,2022-09-14,Western,Cocoa,49.56,0.0,13.3,26.4,423,0.0
7904,2022-09-14,Eastern,Maize,18.73,0.0,2.99,31.1,396,0.0
7905,2022-09-14,Eastern,Cassava,34.51,0.0,1.17,24.3,94,0.0
7906,2022-09-14,Eastern,Cocoa,31.99,0.0,14.66,24.7,64,0.0
7907,2022-09-15,Greater Accra,Maize,6.19,0.0,3.25,31.6,335,0.0
7908,2022-09-15,Greater Accra,Cassava,14.49,0.0,1.34,28.0,381,0.0
7909,2022-09-15,Greater Accra,Cocoa,29.77,0.0,11.8,27.5,166,0.0
7910,2022-09-15,Ashanti,Maize,24.04,0.0,2.61,24.5,338,0.0
7911,2022-09-15,Ashanti,Cassava,28.11,0.0,1.52,29.6,110,0.0
7912,2022-09-15,Ashanti,Cocoa,10.89,0.0,12.22,28.9,280,0.0
7913,2022-09-15,Northern,Maize,15.52,0.0,2.69,28.9,443,0.0
7914,2022-09-15,Northern,Cassava,25.11,0.0,1.31,26.4,243,0.0
7915,2022-09-15,Northern,Cocoa,20.83,0.0,16.34,26.1,305,0.0
7916,2022-09-15,Western,Maize,50.07,0.0,3.28,27.9,299,0.0
7917,2022-09-15,Western,Cocoa,47.52,0.0,14.21,30.2,276,0.0
7918,2022-09-15,Eastern,Maize,23.32,0.0,2.93,32.1,477,0.0
7919,2022-09-15,Eastern,Cassava,28.45,0.0,1.28,33.2,383,0.0
7920,2022-09-15,Eastern,Cocoa,22.27,0.0,15.88,30.8,417,0.0
7921,2022-09-16,Greater Accra,Maize,29.34,0.0,2.39,25.9,420,0.0
7922,2022-09-16,Greater Accra,Cassava,9.02,0.0,1.51,27.4,329,0.0
7923,2022-09-16,Greater Accra,Cocoa,21.39,0.0,11.62,30.8,421,0.0
7924,2022-09-16,Ashanti,Maize,21.68,0.0,3.32,29.7,251,0.0
7925,2022-09-16,Ashanti,Cocoa,11.9,0.0,14.66,25.0,210,0.0
7926,2022-09-16,Northern,Cassava,2.63,0.0,1.33,30.5,220,0.0
7927,2022-09-16,Northern,Cocoa,3.19,0.0,14.89,25.3,175,0.0
7928,2022-09-16,Western,Maize,31.12,0.0,2.45,33.0,460,0.0
7929,2022-09-16,Western,Cassava,39.87,0.0,1.11,32.3,300,0.0
7930,2022-09-16,Western,Cocoa,22.47,0.0,15.0,32.9,295,0.0
7931,2022-09-16,Eastern,Cassava,28.04,0.0,1.29,28.8,361,0.0
7932,2022-09-16,Eastern,Cocoa,34.1,0.0,15.25,25.6,58,0.0
7933,2022-09-17,Greater Accra,Maize,15.88,0.0,2.97,32.8,360,0.0
7934,2022-09-17,Greater Accra,Cassava,11.96,0.0,1.5,27.3,284,0.0
7935,2022-09-17,Greater Accra,Cocoa,5.79,0.0,15.85,25.9,351,0.0
7936,2022-09-17,Ashanti,Maize,28.78,0.0,2.36,24.4,56,0.0
7937,2022-09-17,Ashanti,Cassava,31.68,0.0,1.15,26.3,75,0.0
7938,2022-09-17,Ashanti,Cocoa,11.62,0.0,14.0,33.5,409,0.0
7939,2022-09-17,Northern,Maize,22.82,0.0,3.3,31.0,226,0.0
7940,2022-09-17,Northern,Cassava,22.7,0.0,1.16,29.4,123,0.0
7941,2022-09-17,Northern,Cocoa,16.91,0.0,13.45,29.0,321,0.0
7942,2022-09-17,Western,Maize,24.87,0.0,2.76,30.2,113,0.0
7943,2022-09-17,Western,Cassava,30.46,0.0,1.17,33.5,483,0.0
7944,2022-09-17,Western,Cocoa,46.56,0.0,15.73,32.4,70,0.0
7945,2022-09-17,Eastern,Maize,20.75,0.0,3.35,33.7,308,0.0
7946,2022-09-17,Eastern,Cassava,7.13,0.0,1.5,28.2,324,0.0
7947,2022-09-17,Eastern,Cocoa,10.58,0.0,14.88,27.1,59,0.0
7948,2022-09-18,Greater Accra,Maize,10.59,0.0,3.03,25.7,241,0.0
7949,2022-09-18,Greater Accra,Cassava,14.49,0.0,1.59,33.0,189,0.0
7950,2022-09-18,Greater Accra,Cocoa,8.45,0.0,16.67,26.5,121,0.0
7951,2022-09-18,Ashanti,Maize,37.1,0.0,3.1,31.9,66,0.0
7952,2022-09-18,Ashanti,Cassava,27.22,0.0,1.42,24.8,286,0.0
7953,2022-09-18,Ashanti,Cocoa,8.23,0.0,16.22,25.9,417,0.0
7954,2022-09-18,Northern,Cassava,5.15,0.0,1.4,27.7,180,0.0
7955,2022-09-18,Northern,Cocoa,26.37,0.0,12.67,25.5,63,0.0
7956,2022-09-18,Western,Maize,39.02,0.0,2.41,27.4,267,0.0
7957,2022-09-18,Western,Cassava,29.8,0.0,1.47,32.5,74,0.0
7958,2022-09-18,Western,Cocoa,27.28,0.0,15.03,25.0,138,0.0
7959,2022-09-18,Eastern,Maize,30.74,0.0,3.28,33.4,376,0.0
7960,2022-09-18,Eastern,Cassava,6.74,0.0,1.45,25.5,199,0.0
7961,2022-09-18,Eastern,Cocoa,16.42,0.0,12.92,28.6,307,0.0
7962,2022-09-19,Greater Accra,Maize,6.45,0.0,3.34,26.7,275,0.0
7963,2022-09-19,Ashanti,Maize,31.69,0.0,3.07,25.8,184,0.0
7964,2022-09-19,Ashanti,Cassava,36.18,0.0,1.55,32.4,103,0.0
7965,2022-09-19,Ashanti,Cocoa,35.66,0.0,15.13,24.1,425,0.0
7966,2022-09-19,Northern,Maize,23.42,0.0,2.95,25.7,451,0.0
7967,2022-09-19,Northern,Cassava,24.35,0.0,1.21,25.1,317,0.0
7968,2022-09-19,Northern,Cocoa,7.42,0.0,11.54,32.6,110,0.0
7969,2022-09-19,Western,Cocoa,42.27,0.0,15.01,33.6,481,0.0
7970,2022-09-19,Eastern,Maize,20.54,0.0,3.27,32.6,213,0.0
7971,2022-09-19,Eastern,Cocoa,21.3,0.0,16.57,27.8,336,0.0
7972,2022-09-20,Greater Accra,Maize,4.85,0.0,3.25,32.2,217,0.0
7973,2022-09-20,Greater Accra,Cocoa,15.26,0.0,11.93,29.5,451,0.0
7974,2022-09-20,Ashanti,Maize,8.42,0.0,2.54,28.5,156,0.0
7975,2022-09-20,Ashanti,Cassava,18.17,0.0,1.54,32.1,177,0.0
7976,2022-09-20,Ashanti,Cocoa,37.58,0.0,12.39,33.5,233,0.0
7977,2022-09-20,Northern,Maize,4.91,0.0,2.48,29.7,349,0.0
7978,2022-09-20,Northern,Cassava,8.75,0.0,1.23,26.4,347,0.0
7979,2022-09-20,Northern,Cocoa,16.72,0.0,15.15,24.9,412,0.0
7980,2022-09-20,Western,Maize,7.86,0.0,3.25,29.1,402,0.0
7981,2022-09-20,Western,Cassava,20.05,0.0,1.54,29.2,254,0.0
7982,2022-09-20,Western,Cocoa,46.41,0.0,12.08,27.3,391,0.0
7983,2022-09-20,Eastern,Maize,11.9,0.0,3.11,32.4,168,0.0
7984,2022-09-20,Eastern,Cassava,12.27,0.0,1.37,24.1,135,0.0
7985,2022-09-20,Eastern,Cocoa,23.63,0.0,13.27,26.0,328,0.0
7986,2022-09-21,Greater Accra,Maize,7.15,0.0,3.14,29.6,391,0.0
7987,2022-09-21,Greater Accra,Cassava,0.0,0.0,1.47,26.0,494,0.0
7988,2022-09-21,Greater Accra,Cocoa,19.11,0.0,15.82,24.9,56,0.0
7989,2022-09-21,Ashanti,Maize,26.76,0.0,2.89,28.4,77,0.0
7990,2022-09-21,Ashanti,Cassava,11.99,0.0,1.27,26.4,256,0.0
7991,2022-09-21,Northern,Maize,15.92,0.0,2.49,33.9,94,0.0
7992,2022-09-21,Northern,Cassava,17.59,0.0,1.41,32.6,213,0.0
7993,2022-09-21,Northern,Cocoa,19.64,0.0,15.81,29.5,379,0.0
7994,2022-09-21,Western,Maize,8.27,0.0,3.27,26.3,343,0.0
7995,2022-09-21,Western,Cassava,21.48,0.0,1.29,25.1,265,0.0
7996,2022-09-21,Western,Cocoa,43.76,0.0,13.92,29.2,353,0.0
7997,2022-09-21,Eastern,Maize,15.29,0.0,2.37,32.1,368,0.0
7998,2022-09-21,Eastern,Cassava,13.29,0.0,1.35,25.9,175,0.0
7999,2022-09-22,Greater Accra,Maize,6.23,0.0,2.47,26.4,395,0.0
8000,2022-09-22,Greater Accra,Cassava,21.73,0.0,1.24,25.8,486,0.0
8001,2022-09-22,Ashanti,Cassava,20.08,0.0,1.54,28.1,344,0.0
8002,2022-09-22,Northern,Maize,28.54,0.0,3.18,28.6,147,0.0
8003,2022-09-22,Northern,Cassava,2.82,0.0,1.15,25.8,82,0.0
8004,2022-09-22,Northern,Cocoa,14.47,0.0,13.82,33.1,175,0.0
8005,2022-09-22,Western,Maize,44.67,0.0,2.81,32.3,132,0.0
8006,2022-09-22,Western,Cassava,25.75,0.0,1.15,31.4,216,0.0
8007,2022-09-22,Eastern,Maize,10.27,0.0,3.29,30.1,123,0.0
8008,2022-09-22,Eastern,Cassava,20.11,0.0,1.39,24.4,425,0.0
8009,2022-09-22,Eastern,Cocoa,9.41,0.0,16.44,32.1,437,0.0
8010,2022-09-23,Greater Accra,Cassava,14.62,0.0,1.44,33.1,481,0.0
8011,2022-09-23,Greater Accra,Cocoa,3.86,0.0,11.67,24.7,161,0.0
8012,2022-09-23,Ashanti,Maize,10.39,0.0,2.87,26.4,343,0.0
8013,2022-09-23,Ashanti,Cassava,30.4,0.0,1.35,24.1,162,0.0
8014,2022-09-23,Ashanti,Cocoa,13.24,0.0,12.67,24.4,152,0.0
8015,2022-09-23,Northern,Maize,16.26,0.0,2.92,26.2,231,0.0
8016,2022-09-23,Northern,Cassava,8.43,0.0,1.59,33.1,491,0.0
8017,2022-09-23,Northern,Cocoa,27.95,0.0,16.66,28.2,324,0.0
8018,2022-09-23,Western,Maize,25.24,0.0,2.67,31.8,198,0.0
8019,2022-09-23,Western,Cassava,54.41,0.0,1.46,31.3,211,0.0
8020,2022-09-23,Western,Cocoa,48.44,0.0,15.33,31.7,487,0.0
8021,2022-09-23,Eastern,Maize,32.38,0.0,2.82,30.9,316,0.0
8022,2022-09-23,Eastern,Cassava,8.67,0.0,1.5,31.5,139,0.0
8023,2022-09-23,Eastern,Cocoa,6.99,0.0,15.77,28.5,139,0.0
8024,2022-09-24,Greater Accra,Maize,3.41,0.0,2.9,27.3,157,0.0
8025,2022-09-24,Greater Accra,Cassava,0.66,0.0,1.1,28.9,411,0.0
8026,2022-09-24,Ashanti,Maize,32.68,0.0,2.36,25.3,311,0.0
8027,2022-09-24,Northern,Maize,22.67,0.0,2.43,27.1,428,0.0
8028,2022-09-24,Northern,Cassava,6.91,0.0,1.54,32.6,194,0.0
8029,2022-09-24,Northern,Cocoa,6.55,0.0,13.79,32.7,279,0.0
8030,2022-09-24,Western,Maize,47.68,0.0,2.4,33.7,123,0.0
8031,2022-09-24,Western,Cassava,43.31,0.0,1.48,25.7,184,0.0
8032,2022-09-24,Western,Cocoa,47.94,0.0,13.58,27.1,389,0.0
8033,2022-09-24,Eastern,Maize,22.38,0.0,3.29,33.6,64,0.0
8034,2022-09-24,Eastern,Cassava,15.19,0.0,1.11,27.7,259,0.0
8035,2022-09-24,Eastern,Cocoa,25.45,0.0,16.13,24.4,491,0.0
8036,2022-09-25,Greater Accra,Maize,19.53,0.0,2.57,27.4,419,0.0
8037,2022-09-25,Greater Accra,Cassava,4.58,0.0,1.52,29.6,157,0.0
8038,2022-09-25,Ashanti,Cassava,16.19,0.0,1.24,30.2,419,0.0
8039,2022-09-25,Ashanti,Cocoa,11.25,0.0,12.04,28.4,310,0.0
8040,2022-09-25,Northern,Cassava,23.62,0.0,1.58,29.6,60,0.0
8041,2022-09-25,Northern,Cocoa,21.85,0.0,14.01,27.7,436,0.0
8042,2022-09-25,Western,Maize,21.7,0.0,2.38,29.3,309,0.0
8043,2022-09-25,Western,Cassava,9.03,0.0,1.31,26.1,194,0.0
8044,2022-09-25,Western,Cocoa,38.1,0.0,14.84,31.7,330,0.0
8045,2022-09-25,Eastern,Maize,23.0,0.0,3.22,25.6,182,0.0
8046,2022-09-25,Eastern,Cassava,30.35,0.0,1.32,31.5,449,0.0
8047,2022-09-25,Eastern,Cocoa,39.75,0.0,15.68,30.6,266,0.0
8048,2022-09-26,Greater Accra,Maize,19.74,0.0,2.87,27.9,176,0.0
8049,2022-09-26,Greater Accra,Cassava,25.1,0.0,1.16,33.7,454,0.0
8050,2022-09-26,Ashanti,Maize,38.94,0.0,2.78,29.4,257,0.0
8051,2022-09-26,Ashanti,Cassava,31.7,0.0,1.42,32.6,351,0.0
8052,2022-09-26,Ashanti,Cocoa,13.62,0.0,13.72,26.6,263,0.0
8053,2022-09-26,Northern,Maize,28.45,0.0,2.43,25.6,429,0.0
8054,2022-09-26,Northern,Cassava,12.09,0.0,1.42,27.2,101,0.0
8055,2022-09-26,Northern,Cocoa,22.73,0.0,11.82,27.3,60,0.0
8056,2022-09-26,Western,Maize,40.39,0.0,2.59,24.5,308,0.0
8057,2022-09-26,Western,Cassava,11.47,0.0,1.4,26.8,370,0.0
8058,2022-09-26,Western,Cocoa,22.36,0.0,13.79,26.7,92,0.0
8059,2022-09-26,Eastern,Maize,29.97,0.0,3.08,28.5,96,0.0
8060,2022-09-26,Eastern,Cassava,17.88,0.0,1.13,33.5,489,0.0
8061,2022-09-26,Eastern,Cocoa,14.22,0.0,16.23,33.8,281,0.0
8062,2022-09-27,Greater Accra,Maize,8.85,0.0,2.56,33.4,280,0.0
8063,2022-09-27,Greater Accra,Cassava,15.64,0.0,1.29,27.8,227,0.0
8064,2022-09-27,Greater Accra,Cocoa,20.65,0.0,13.3,33.4,100,0.0
8065,2022-09-27,Ashanti,Maize,21.01,0.0,2.51,31.1,199,0.0
8066,2022-09-27,Northern,Maize,4.4,0.0,2.38,33.6,296,0.0
8067,2022-09-27,Northern,Cassava,18.98,0.0,1.24,27.5,192,0.0
8068,2022-09-27,Northern,Cocoa,7.9,0.0,13.54,30.0,304,0.0
8069,2022-09-27,Western,Maize,26.83,0.0,2.75,31.3,365,0.0
8070,2022-09-27,Western,Cassava,39.12,0.0,1.43,31.7,253,0.0
8071,2022-09-27,Western,Cocoa,12.06,0.0,15.71,32.3,440,0.0
8072,2022-09-27,Eastern,Maize,28.7,0.0,2.95,33.7,246,0.0
8073,2022-09-27,Eastern,Cassava,14.85,0.0,1.39,25.0,248,0.0
8074,2022-09-27,Eastern,Cocoa,13.16,0.0,14.53,30.0,159,0.0
8075,2022-09-28,Greater Accra,Maize,12.83,0.0,3.22,32.5,355,0.0
8076,2022-09-28,Greater Accra,Cassava,6.89,0.0,1.54,31.9,94,0.0
8077,2022-09-28,Greater Accra,Cocoa,19.07,0.0,15.63,27.2,365,0.0
8078,2022-09-28,Ashanti,Cassava,20.25,0.0,1.46,24.4,346,0.0
8079,2022-09-28,Ashanti,Cocoa,15.55,0.0,15.35,32.4,426,0.0
8080,2022-09-28,Northern,Maize,13.82,0.0,2.56,24.7,224,0.0
8081,2022-09-28,Northern,Cassava,16.13,0.0,1.27,32.3,448,0.0
8082,2022-09-28,Northern,Cocoa,5.44,0.0,14.27,32.6,400,0.0
8083,2022-09-28,Western,Maize,25.51,0.0,2.56,30.2,123,0.0
8084,2022-09-28,Western,Cassava,10.29,0.0,1.3,24.9,446,0.0
8085,2022-09-28,Western,Cocoa,31.75,0.0,16.49,32.0,436,0.0
8086,2022-09-28,Eastern,Maize,23.18,0.0,2.93,24.0,297,0.0
8087,2022-09-28,Eastern,Cassava,26.65,0.0,1.16,25.8,188,0.0
8088,2022-09-29,Greater Accra,Maize,11.11,0.0,3.28,25.8,211,0.0
8089,2022-09-29,Greater Accra,Cassava,15.46,0.0,1.3,24.6,386,0.0
8090,2022-09-29,Greater Accra,Cocoa,21.74,0.0,13.43,31.7,372,0.0
8091,2022-09-29,Ashanti,Maize,26.21,0.0,3.04,28.7,113,0.0
8092,2022-09-29,Ashanti,Cocoa,28.95,0.0,15.91,31.6,127,0.0
8093,2022-09-29,Northern,Maize,25.49,0.0,2.99,27.6,299,0.0
8094,2022-09-29,Northern,Cassava,21.18,0.0,1.41,30.0,414,0.0
8095,2022-09-29,Northern,Cocoa,26.28,0.0,14.2,26.3,52,0.0
8096,2022-09-29,Western,Maize,51.01,0.0,2.96,32.9,114,0.0
8097,2022-09-29,Western,Cassava,13.48,0.0,1.53,32.8,186,0.0
8098,2022-09-29,Western,Cocoa,37.23,0.0,0.0,28.4,222,0.0
8099,2022-09-29,Eastern,Maize,25.82,0.0,2.99,26.1,169,0.0
8100,2022-09-29,Eastern,Cassava,35.01,0.0,1.24,27.1,461,0.0
8101,2022-09-29,Eastern,Cocoa,6.68,0.0,13.21,27.2,479,0.0
8102,2022-09-30,Greater Accra,Maize,5.8,0.0,2.95,29.1,412,0.0
8103,2022-09-30,Greater Accra,Cassava,23.94,0.0,1.56,31.5,244,0.0
8104,2022-09-30,Greater Accra,Cocoa,17.28,0.0,16.42,31.5,171,0.0
8105,2022-09-30,Ashanti,Maize,22.74,0.0,2.99,32.9,317,0.0
8106,2022-09-30,Ashanti,Cassava,37.12,0.0,1.25,31.6,421,0.0
8107,2022-09-30,Ashanti,Cocoa,24.5,0.0,14.43,27.2,182,0.0
8108,2022-09-30,Northern,Maize,31.87,0.0,2.78,24.3,203,0.0
8109,2022-09-30,Northern,Cassava,4.82,0.0,1.6,31.5,391,0.0
8110,2022-09-30,Northern,Cocoa,5.09,0.0,14.07,26.7,166,0.0
8111,2022-09-30,Western,Maize,7.68,0.0,3.07,32.9,194,0.0
8112,2022-09-30,Western,Cassava,29.14,0.0,1.46,25.6,344,0.0
8113,2022-09-30,Western,Cocoa,17.18,0.0,15.63,25.7,427,0.0
8114,2022-09-30,Eastern,Maize,16.28,0.0,2.41,29.8,300,0.0
8115,2022-09-30,Eastern,Cassava,6.7,0.0,1.23,28.6,78,0.0
8116,2022-09-30,Eastern,Cocoa,10.66,0.0,11.85,31.1,81,0.0
8117,2022-10-01,Greater Accra,Maize,19.69,0.0,2.55,27.3,199,0.0
8118,2022-10-01,Greater Accra,Cassava,22.67,0.0,1.18,31.7,446,0.0
8119,2022-10-01,Greater Accra,Cocoa,0.0,0.0,12.96,28.3,411,0.0
8120,2022-10-01,Ashanti,Maize,42.26,1893.4,2.76,29.6,163,5225.784
8121,2022-10-01,Ashanti,Cassava,33.66,0.0,1.01,25.8,50,0.0
8122,2022-10-01,Ashanti,Cocoa,11.52,0.0,14.01,28.6,419,0.0
8123,2022-10-01,Northern,Maize,9.17,0.0,2.01,25.6,400,0.0
8124,2022-10-01,Northern,Cassava,4.96,0.0,1.06,33.8,441,0.0
8125,2022-10-01,Northern,Cocoa,15.06,0.0,0.0,24.9,485,0.0
8126,2022-10-01,Western,Cassava,46.07,15209.08,1.07,27.6,128,16273.715600000001
8127,2022-10-01,Western,Cocoa,30.6,0.0,13.48,25.0,303,0.0
8128,2022-10-01,Eastern,Maize,17.14,0.0,2.78,32.2,165,0.0
8129,2022-10-01,Eastern,Cassava,32.69,0.0,1.0,30.5,179,0.0
8130,2022-10-01,Eastern,Cocoa,19.52,0.0,13.86,26.9,64,0.0
8131,2022-10-02,Greater Accra,Maize,6.11,1753.57,2.78,32.7,491,4874.924599999999
8132,2022-10-02,Greater Accra,Cassava,12.56,0.0,1.2,27.3,380,0.0
8133,2022-10-02,Greater Accra,Cocoa,15.5,0.0,10.56,32.6,189,0.0
8134,2022-10-02,Ashanti,Maize,22.42,0.0,2.25,27.2,129,0.0
8135,2022-10-02,Ashanti,Cassava,33.69,0.0,1.21,31.3,487,0.0
8136,2022-10-02,Ashanti,Cocoa,3.63,0.0,13.92,28.6,82,0.0
8137,2022-10-02,Northern,Maize,6.34,0.0,2.01,25.9,302,0.0
8138,2022-10-02,Northern,Cocoa,17.87,0.0,12.4,33.8,284,0.0
8139,2022-10-02,Western,Maize,41.44,0.0,2.64,29.6,229,0.0
8140,2022-10-02,Western,Cassava,40.63,0.0,1.08,29.4,376,0.0
8141,2022-10-02,Eastern,Maize,39.42,0.0,2.69,28.4,214,0.0
8142,2022-10-02,Eastern,Cassava,10.08,0.0,1.07,32.6,265,0.0
8143,2022-10-02,Eastern,Cocoa,19.51,0.0,12.15,31.5,360,0.0
8144,2022-10-03,Greater Accra,Maize,13.55,1876.71,2.51,25.3,106,4710.5421
8145,2022-10-03,Greater Accra,Cassava,0.0,7719.82,1.38,29.0,409,10653.351599999998
8146,2022-10-03,Greater Accra,Cocoa,19.15,330.5,14.27,32.1,312,4716.235
8147,2022-10-03,Ashanti,Maize,31.93,0.0,2.09,31.1,310,0.0
8148,2022-10-03,Ashanti,Cassava,5.07,0.0,1.22,26.3,323,0.0
8149,2022-10-03,Ashanti,Cocoa,6.6,282.62,13.26,26.7,479,3747.5412
8150,2022-10-03,Northern,Cassava,6.62,0.0,1.29,32.9,265,0.0
8151,2022-10-03,Northern,Cocoa,28.87,0.0,10.07,26.0,104,0.0
8152,2022-10-03,Western,Maize,52.62,0.0,2.07,32.9,214,0.0
8153,2022-10-03,Western,Cassava,20.54,13647.52,1.15,25.0,344,15694.648
8154,2022-10-03,Western,Cocoa,18.11,0.0,10.15,26.1,387,0.0
8155,2022-10-03,Eastern,Maize,26.3,0.0,1.98,25.7,84,0.0
8156,2022-10-03,Eastern,Cassava,15.15,0.0,1.1,26.5,402,0.0
8157,2022-10-03,Eastern,Cocoa,20.57,319.46,11.19,24.8,280,3574.7573999999995
8158,2022-10-04,Greater Accra,Maize,26.28,0.0,2.57,32.6,100,0.0
8159,2022-10-04,Greater Accra,Cocoa,10.89,268.54,10.66,27.6,158,2862.6364000000003
8160,2022-10-04,Ashanti,Maize,14.68,1599.31,2.45,27.7,459,3918.3095000000003
8161,2022-10-04,Ashanti,Cassava,36.76,13187.22,1.05,28.6,167,13846.581
8162,2022-10-04,Ashanti,Cocoa,19.75,0.0,11.73,28.2,165,0.0
8163,2022-10-04,Northern,Maize,21.78,1762.01,2.34,31.0,198,4123.1034
8164,2022-10-04,Northern,Cassava,24.6,0.0,1.34,29.3,282,0.0
8165,2022-10-04,Northern,Cocoa,16.22,0.0,10.1,29.1,417,0.0
8166,2022-10-04,Western,Maize,25.44,0.0,2.57,29.3,137,0.0
8167,2022-10-04,Western,Cassava,12.96,0.0,0.98,32.3,295,0.0
8168,2022-10-04,Western,Cocoa,18.69,309.96,9.85,29.5,385,3053.1059999999998
8169,2022-10-04,Eastern,Maize,21.16,0.0,2.71,24.3,359,0.0
8170,2022-10-04,Eastern,Cassava,16.05,0.0,1.18,31.2,256,0.0
8171,2022-10-04,Eastern,Cocoa,1.37,0.0,13.99,30.4,63,0.0
8172,2022-10-05,Greater Accra,Maize,10.94,1770.37,2.64,27.5,356,4673.7768
8173,2022-10-05,Greater Accra,Cassava,22.55,0.0,1.02,24.2,194,0.0
8174,2022-10-05,Ashanti,Maize,28.6,0.0,2.19,26.2,200,0.0
8175,2022-10-05,Ashanti,Cassava,25.82,0.0,1.36,25.7,110,0.0
8176,2022-10-05,Ashanti,Cocoa,32.8,555.81,11.68,27.6,374,6491.8607999999995
8177,2022-10-05,Northern,Maize,12.87,1383.66,2.36,31.4,285,3265.4376
8178,2022-10-05,Northern,Cassava,0.85,0.0,1.22,26.9,91,0.0
8179,2022-10-05,Northern,Cocoa,7.19,0.0,9.8,25.6,418,0.0
8180,2022-10-05,Western,Maize,27.09,0.0,2.16,26.1,267,0.0
8181,2022-10-05,Western,Cassava,51.22,0.0,1.23,29.1,383,0.0
8182,2022-10-05,Western,Cocoa,46.4,0.0,12.46,24.1,343,0.0
8183,2022-10-05,Eastern,Cocoa,10.15,0.0,12.24,30.7,499,0.0
8184,2022-10-06,Greater Accra,Maize,7.41,1796.44,2.73,28.6,242,4904.2812
8185,2022-10-06,Greater Accra,Cassava,10.34,9564.1,1.34,32.1,157,12815.894000000002
8186,2022-10-06,Greater Accra,Cocoa,15.18,0.0,14.2,32.9,319,0.0
8187,2022-10-06,Ashanti,Maize,11.47,0.0,2.15,26.4,207,0.0
8188,2022-10-06,Ashanti,Cassava,28.12,10106.06,1.17,30.5,149,11824.090199999999
8189,2022-10-06,Ashanti,Cocoa,11.41,0.0,10.57,29.8,455,0.0
8190,2022-10-06,Northern,Maize,9.88,1231.56,0.0,27.9,127,0.0
8191,2022-10-06,Northern,Cassava,0.0,0.0,1.1,33.2,214,0.0
8192,2022-10-06,Western,Maize,22.85,0.0,2.21,31.4,211,0.0
8193,2022-10-06,Western,Cassava,25.81,0.0,1.3,32.6,415,0.0
8194,2022-10-06,Western,Cocoa,53.1,0.0,11.15,30.7,138,0.0
8195,2022-10-06,Eastern,Maize,10.93,0.0,2.56,24.5,67,0.0
8196,2022-10-06,Eastern,Cassava,28.46,0.0,1.32,24.0,220,0.0
8197,2022-10-06,Eastern,Cocoa,23.7,0.0,13.83,31.0,322,0.0
8198,2022-10-07,Greater Accra,Maize,20.76,0.0,2.74,26.0,301,0.0
8199,2022-10-07,Greater Accra,Cassava,2.17,0.0,1.13,28.3,464,0.0
8200,2022-10-07,Greater Accra,Cocoa,23.21,258.62,11.66,25.5,318,3015.5092
8201,2022-10-07,Ashanti,Maize,23.32,2600.13,2.75,32.8,239,7150.3575
8202,2022-10-07,Ashanti,Cassava,4.26,11343.52,1.16,32.0,185,13158.483199999999
8203,2022-10-07,Ashanti,Cocoa,34.56,0.0,13.33,28.5,160,0.0
8204,2022-10-07,Northern,Maize,21.56,0.0,2.61,29.1,221,0.0
8205,2022-10-07,Northern,Cassava,5.84,6933.74,1.12,30.3,233,7765.7888
8206,2022-10-07,Northern,Cocoa,3.82,246.26,9.82,29.7,204,2418.2732
8207,2022-10-07,Western,Maize,23.18,2970.12,2.04,28.5,123,6059.0448
8208,2022-10-07,Western,Cocoa,47.49,0.0,12.92,26.3,453,0.0
8209,2022-10-07,Eastern,Cassava,11.93,0.0,1.05,30.0,241,0.0
8210,2022-10-07,Eastern,Cocoa,6.76,301.21,11.58,33.0,282,3488.0117999999998
8211,2022-10-08,Greater Accra,Maize,5.74,0.0,2.05,32.4,97,0.0
8212,2022-10-08,Greater Accra,Cocoa,20.51,246.54,11.53,31.4,265,2842.6061999999997
8213,2022-10-08,Ashanti,Maize,16.81,0.0,2.13,34.0,414,0.0
8214,2022-10-08,Ashanti,Cassava,22.84,0.0,1.15,30.3,353,0.0
8215,2022-10-08,Northern,Maize,16.03,1696.48,2.62,32.5,295,4444.7776
8216,2022-10-08,Northern,Cassava,7.38,0.0,1.31,30.8,63,0.0
8217,2022-10-08,Northern,Cocoa,13.13,222.01,13.15,26.4,464,2919.4315
8218,2022-10-08,Western,Cassava,32.58,0.0,1.23,25.3,427,0.0
8219,2022-10-08,Western,Cocoa,16.62,0.0,10.28,32.9,109,0.0
8220,2022-10-08,Eastern,Maize,11.87,1631.33,2.31,28.5,87,3768.3723
8221,2022-10-08,Eastern,Cassava,13.08,0.0,1.23,31.5,327,0.0
8222,2022-10-08,Eastern,Cocoa,15.3,0.0,12.52,30.1,266,0.0
8223,2022-10-09,Greater Accra,Maize,6.17,0.0,2.44,26.5,115,0.0
8224,2022-10-09,Greater Accra,Cassava,1.06,0.0,1.34,26.6,432,0.0
8225,2022-10-09,Greater Accra,Cocoa,14.82,0.0,11.34,28.9,81,0.0
8226,2022-10-09,Ashanti,Maize,22.58,0.0,2.05,31.7,124,0.0
8227,2022-10-09,Ashanti,Cassava,24.63,0.0,1.17,26.9,315,0.0
8228,2022-10-09,Ashanti,Cocoa,22.92,0.0,10.71,24.1,150,0.0
8229,2022-10-09,Northern,Maize,5.77,0.0,1.98,26.9,203,0.0
8230,2022-10-09,Northern,Cocoa,16.96,0.0,13.89,26.9,227,0.0
8231,2022-10-09,Western,Maize,16.26,0.0,2.5,31.7,350,0.0
8232,2022-10-09,Western,Cassava,41.71,0.0,1.15,29.0,368,0.0
8233,2022-10-09,Western,Cocoa,14.82,461.78,14.12,25.3,170,6520.333599999999
8234,2022-10-09,Eastern,Maize,24.28,0.0,0.0,31.6,97,0.0
8235,2022-10-09,Eastern,Cassava,13.22,8428.58,1.29,31.5,295,10872.8682
8236,2022-10-09,Eastern,Cocoa,20.81,281.93,12.33,28.2,333,3476.1969
8237,2022-10-10,Greater Accra,Maize,9.0,0.0,2.65,25.0,383,0.0
8238,2022-10-10,Greater Accra,Cassava,19.34,7933.35,1.24,27.7,375,9837.354000000001
8239,2022-10-10,Greater Accra,Cocoa,8.85,0.0,12.07,33.4,145,0.0
8240,2022-10-10,Ashanti,Maize,10.78,0.0,2.58,24.3,143,0.0
8241,2022-10-10,Ashanti,Cassava,15.33,8448.76,1.33,24.5,118,11236.8508
8242,2022-10-10,Ashanti,Cocoa,33.27,0.0,12.14,30.3,231,0.0
8243,2022-10-10,Northern,Maize,11.05,0.0,2.08,28.8,471,0.0
8244,2022-10-10,Northern,Cassava,15.49,0.0,0.95,27.3,77,0.0
8245,2022-10-10,Northern,Cocoa,30.03,263.91,14.09,25.3,188,3718.4919000000004
8246,2022-10-10,Western,Cassava,35.14,17844.6,1.1,30.7,391,19629.06
8247,2022-10-10,Western,Cocoa,39.39,466.38,13.04,26.3,367,6081.5952
8248,2022-10-10,Eastern,Maize,3.66,0.0,2.02,31.2,117,0.0
8249,2022-10-10,Eastern,Cassava,7.58,0.0,1.06,27.9,225,0.0
8250,2022-10-11,Greater Accra,Maize,10.19,0.0,2.72,25.6,83,0.0
8251,2022-10-11,Greater Accra,Cassava,7.83,0.0,1.34,29.3,340,0.0
8252,2022-10-11,Ashanti,Maize,39.03,0.0,2.7,26.3,215,0.0
8253,2022-10-11,Ashanti,Cassava,19.68,8902.33,1.33,29.7,356,11840.0989
8254,2022-10-11,Ashanti,Cocoa,14.27,0.0,12.19,26.6,148,0.0
8255,2022-10-11,Northern,Maize,14.57,1305.53,2.09,30.9,208,2728.5577
8256,2022-10-11,Northern,Cassava,24.64,11866.69,1.33,25.2,441,15782.6977
8257,2022-10-11,Northern,Cocoa,12.68,261.83,12.24,25.6,370,3204.7992
8258,2022-10-11,Western,Maize,10.68,0.0,2.87,26.6,77,0.0
8259,2022-10-11,Western,Cassava,36.0,0.0,1.27,30.6,208,0.0
8260,2022-10-11,Eastern,Cassava,13.56,8784.17,1.09,31.8,446,9574.7453
8261,2022-10-11,Eastern,Cocoa,4.08,0.0,14.19,27.6,484,0.0
8262,2022-10-12,Greater Accra,Maize,10.53,0.0,2.54,27.0,395,0.0
8263,2022-10-12,Greater Accra,Cassava,19.66,8947.46,1.15,24.2,57,10289.578999999998
8264,2022-10-12,Greater Accra,Cocoa,19.76,0.0,13.05,27.7,160,0.0
8265,2022-10-12,Ashanti,Maize,23.88,2564.44,0.0,28.2,270,0.0
8266,2022-10-12,Ashanti,Cassava,22.95,0.0,1.17,33.9,172,0.0
8267,2022-10-12,Ashanti,Cocoa,13.54,0.0,12.84,28.1,370,0.0
8268,2022-10-12,Northern,Maize,21.19,0.0,2.48,29.8,126,0.0
8269,2022-10-12,Northern,Cassava,6.43,0.0,1.3,29.9,61,0.0
8270,2022-10-12,Northern,Cocoa,5.7,0.0,9.8,33.9,474,0.0
8271,2022-10-12,Western,Maize,41.9,0.0,2.65,25.4,171,0.0
8272,2022-10-12,Western,Cassava,52.96,0.0,1.08,30.4,209,0.0
8273,2022-10-12,Western,Cocoa,0.0,0.0,10.64,31.5,363,0.0
8274,2022-10-12,Eastern,Maize,31.84,0.0,2.83,33.8,484,0.0
8275,2022-10-12,Eastern,Cassava,16.0,0.0,1.18,28.4,441,0.0
8276,2022-10-12,Eastern,Cocoa,10.17,0.0,11.47,33.2,226,0.0
8277,2022-10-13,Greater Accra,Maize,8.3,0.0,2.55,33.8,297,0.0
8278,2022-10-13,Greater Accra,Cocoa,6.53,0.0,12.84,27.2,223,0.0
8279,2022-10-13,Ashanti,Maize,27.49,0.0,2.45,33.6,337,0.0
8280,2022-10-13,Ashanti,Cassava,0.0,0.0,1.36,24.2,261,0.0
8281,2022-10-13,Ashanti,Cocoa,37.33,0.0,13.62,31.3,233,0.0
8282,2022-10-13,Northern,Maize,15.37,0.0,2.23,32.0,477,0.0
8283,2022-10-13,Northern,Cassava,26.44,11750.7,1.03,32.7,137,12103.221000000001
8284,2022-10-13,Northern,Cocoa,1.51,0.0,13.35,32.5,487,0.0
8285,2022-10-13,Western,Maize,15.88,0.0,2.73,31.7,345,0.0
8286,2022-10-13,Western,Cassava,11.35,0.0,1.08,30.7,387,0.0
8287,2022-10-13,Western,Cocoa,35.59,465.35,11.02,25.3,314,5128.157
8288,2022-10-13,Eastern,Maize,25.41,1969.49,2.73,29.0,71,5376.7077
8289,2022-10-13,Eastern,Cassava,31.27,16951.97,1.15,26.8,106,19494.7655
8290,2022-10-14,Greater Accra,Maize,19.09,0.0,2.42,32.6,50,0.0
8291,2022-10-14,Ashanti,Cassava,15.73,14587.5,1.16,31.4,143,16921.5
8292,2022-10-14,Ashanti,Cocoa,24.9,0.0,12.11,33.8,361,0.0
8293,2022-10-14,Northern,Maize,9.12,0.0,2.55,29.2,429,0.0
8294,2022-10-14,Northern,Cassava,4.23,6539.55,1.12,33.0,118,7324.296000000001
8295,2022-10-14,Northern,Cocoa,26.67,0.0,11.17,33.8,496,0.0
8296,2022-10-14,Western,Maize,29.92,2426.5,2.25,24.9,176,5459.625
8297,2022-10-14,Western,Cassava,45.81,0.0,1.08,27.2,162,0.0
8298,2022-10-14,Eastern,Maize,8.67,1786.09,2.35,29.6,132,4197.3115
8299,2022-10-14,Eastern,Cocoa,17.94,0.0,12.67,25.9,274,0.0
8300,2022-10-15,Greater Accra,Maize,23.94,0.0,2.34,29.0,221,0.0
8301,2022-10-15,Greater Accra,Cassava,16.39,0.0,1.08,31.1,127,0.0
8302,2022-10-15,Greater Accra,Cocoa,15.16,0.0,10.43,28.5,462,0.0
8303,2022-10-15,Ashanti,Maize,38.67,2406.62,2.83,28.5,374,6810.7346
8304,2022-10-15,Ashanti,Cassava,17.38,0.0,1.02,29.7,395,0.0
8305,2022-10-15,Ashanti,Cocoa,23.53,0.0,11.67,29.4,303,0.0
8306,2022-10-15,Northern,Maize,25.39,0.0,2.12,28.1,316,0.0
8307,2022-10-15,Northern,Cassava,26.05,0.0,1.25,28.4,110,0.0
8308,2022-10-15,Northern,Cocoa,3.16,224.42,12.87,26.7,449,2888.2853999999998
8309,2022-10-15,Western,Maize,13.91,2601.58,2.86,29.7,401,7440.5188
8310,2022-10-15,Western,Cassava,25.2,0.0,1.34,26.9,442,0.0
8311,2022-10-15,Western,Cocoa,38.56,467.49,11.66,25.9,307,5450.9334
8312,2022-10-15,Eastern,Maize,8.04,0.0,2.45,29.2,489,0.0
8313,2022-10-15,Eastern,Cassava,22.46,0.0,0.96,30.5,119,0.0
8314,2022-10-15,Eastern,Cocoa,30.08,0.0,13.2,31.2,394,0.0
8315,2022-10-16,Greater Accra,Maize,5.32,0.0,2.31,28.6,285,0.0
8316,2022-10-16,Greater Accra,Cassava,21.54,0.0,1.33,24.3,356,0.0
8317,2022-10-16,Greater Accra,Cocoa,17.12,234.41,10.9,24.8,398,2555.069
8318,2022-10-16,Ashanti,Maize,12.98,0.0,2.7,33.8,349,0.0
8319,2022-10-16,Ashanti,Cassava,10.37,0.0,1.28,28.1,295,0.0
8320,2022-10-16,Ashanti,Cocoa,39.11,0.0,14.17,24.3,469,0.0
8321,2022-10-16,Northern,Maize,12.9,0.0,2.1,28.8,81,0.0
8322,2022-10-16,Northern,Cocoa,12.07,0.0,12.09,28.5,207,0.0
8323,2022-10-16,Western,Maize,6.48,0.0,2.46,32.3,403,0.0
8324,2022-10-16,Western,Cassava,56.52,12439.39,1.23,25.6,407,15300.4497
8325,2022-10-16,Western,Cocoa,25.65,330.42,13.33,28.4,413,4404.4986
8326,2022-10-16,Eastern,Maize,26.18,0.0,2.42,30.1,405,0.0
8327,2022-10-16,Eastern,Cassava,31.76,0.0,0.97,31.6,367,0.0
8328,2022-10-16,Eastern,Cocoa,20.72,0.0,13.69,33.9,91,0.0
8329,2022-10-17,Greater Accra,Maize,23.92,2116.37,2.35,32.1,237,4973.4695
8330,2022-10-17,Greater Accra,Cassava,7.37,7137.92,1.32,24.4,161,9422.0544
8331,2022-10-17,Greater Accra,Cocoa,0.21,0.0,13.92,26.9,463,0.0
8332,2022-10-17,Ashanti,Maize,43.36,0.0,2.33,32.5,53,0.0
8333,2022-10-17,Ashanti,Cassava,36.58,16727.55,1.34,24.4,377,22414.917
8334,2022-10-17,Ashanti,Cocoa,22.84,297.43,9.83,28.9,167,2923.7369
8335,2022-10-17,Northern,Cassava,10.42,0.0,0.97,26.7,137,0.0
8336,2022-10-17,Northern,Cocoa,13.06,0.0,11.9,31.4,335,0.0
8337,2022-10-17,Western,Cassava,40.73,0.0,1.19,24.8,179,0.0
8338,2022-10-17,Eastern,Cocoa,9.52,322.73,10.3,28.7,101,3324.1190000000006
8339,2022-10-18,Greater Accra,Maize,0.0,0.0,2.62,29.7,76,0.0
8340,2022-10-18,Greater Accra,Cassava,7.46,0.0,1.15,27.5,457,0.0
8341,2022-10-18,Greater Accra,Cocoa,11.74,0.0,10.79,31.6,291,0.0
8342,2022-10-18,Ashanti,Maize,40.25,2350.23,2.84,31.3,478,6674.6532
8343,2022-10-18,Ashanti,Cassava,11.83,0.0,1.19,29.2,435,0.0
8344,2022-10-18,Ashanti,Cocoa,36.5,0.0,11.71,33.6,122,0.0
8345,2022-10-18,Northern,Maize,26.03,0.0,2.84,33.1,499,0.0
8346,2022-10-18,Northern,Cassava,12.61,0.0,1.14,33.9,396,0.0
8347,2022-10-18,Western,Maize,44.51,0.0,2.25,28.0,350,0.0
8348,2022-10-18,Western,Cassava,34.83,0.0,1.33,27.1,406,0.0
8349,2022-10-18,Western,Cocoa,53.93,0.0,11.3,25.5,255,0.0
8350,2022-10-18,Eastern,Maize,26.21,0.0,2.45,28.1,326,0.0
8351,2022-10-18,Eastern,Cassava,32.97,0.0,0.99,26.5,138,0.0
8352,2022-10-18,Eastern,Cocoa,35.44,0.0,14.24,26.4,148,0.0
8353,2022-10-19,Greater Accra,Maize,24.43,0.0,2.76,32.9,489,0.0
8354,2022-10-19,Greater Accra,Cassava,14.61,0.0,1.23,30.5,146,0.0
8355,2022-10-19,Greater Accra,Cocoa,7.46,267.05,13.59,30.9,430,3629.2095
8356,2022-10-19,Ashanti,Maize,39.19,0.0,2.06,30.2,475,0.0
8357,2022-10-19,Ashanti,Cocoa,35.06,333.75,10.56,27.9,229,3524.4
8358,2022-10-19,Northern,Maize,16.06,0.0,2.2,29.4,489,0.0
8359,2022-10-19,Northern,Cassava,3.44,8314.5,1.02,31.7,468,8480.79
8360,2022-10-19,Northern,Cocoa,15.28,0.0,10.36,30.9,140,0.0
8361,2022-10-19,Western,Maize,38.2,0.0,2.4,30.2,86,0.0
8362,2022-10-19,Western,Cassava,44.06,0.0,1.31,28.4,127,0.0
8363,2022-10-19,Eastern,Maize,26.52,2828.47,2.85,32.6,458,8061.139499999999
8364,2022-10-19,Eastern,Cassava,12.11,0.0,1.03,26.6,130,0.0
8365,2022-10-19,Eastern,Cocoa,24.48,0.0,13.3,32.1,126,0.0
8366,2022-10-20,Greater Accra,Maize,15.59,1767.98,2.56,25.7,57,4526.0288
8367,2022-10-20,Greater Accra,Cassava,13.35,0.0,1.05,24.7,489,0.0
8368,2022-10-20,Greater Accra,Cocoa,11.37,0.0,12.41,30.3,266,0.0
8369,2022-10-20,Ashanti,Maize,29.14,0.0,2.54,29.0,151,0.0
8370,2022-10-20,Ashanti,Cassava,16.56,0.0,0.99,26.5,297,0.0
8371,2022-10-20,Ashanti,Cocoa,37.1,340.88,12.04,28.6,299,4104.195199999999
8372,2022-10-20,Northern,Maize,17.38,0.0,2.72,33.9,469,0.0
8373,2022-10-20,Northern,Cassava,1.98,4732.7,1.35,32.6,459,6389.145
8374,2022-10-20,Northern,Cocoa,25.05,0.0,12.95,32.6,144,0.0
8375,2022-10-20,Western,Maize,54.68,0.0,2.32,28.8,326,0.0
8376,2022-10-20,Western,Cassava,28.99,0.0,1.24,28.5,93,0.0
8377,2022-10-21,Greater Accra,Maize,11.62,1988.86,2.32,33.2,413,4614.155199999999
8378,2022-10-21,Greater Accra,Cocoa,27.55,0.0,13.45,32.7,268,0.0
8379,2022-10-21,Ashanti,Maize,18.18,0.0,2.32,28.0,229,0.0
8380,2022-10-21,Ashanti,Cassava,5.68,0.0,1.09,29.6,191,0.0
8381,2022-10-21,Ashanti,Cocoa,17.66,0.0,12.8,27.5,422,0.0
8382,2022-10-21,Northern,Maize,17.9,0.0,2.6,31.1,364,0.0
8383,2022-10-21,Northern,Cassava,21.4,0.0,1.31,28.4,218,0.0
8384,2022-10-21,Northern,Cocoa,12.7,0.0,13.59,32.3,386,0.0
8385,2022-10-21,Western,Maize,33.47,0.0,2.43,31.3,397,0.0
8386,2022-10-21,Western,Cassava,18.21,0.0,1.18,32.2,357,0.0
8387,2022-10-21,Eastern,Maize,37.37,1876.17,2.62,29.5,246,4915.5654
8388,2022-10-21,Eastern,Cassava,13.65,0.0,1.25,25.0,256,0.0
8389,2022-10-22,Greater Accra,Maize,17.37,0.0,2.27,27.0,83,0.0
8390,2022-10-22,Greater Accra,Cassava,4.55,0.0,1.09,28.3,56,0.0
8391,2022-10-22,Greater Accra,Cocoa,20.64,271.64,13.03,32.3,146,3539.4691999999995
8392,2022-10-22,Ashanti,Maize,33.97,0.0,2.39,33.6,58,0.0
8393,2022-10-22,Ashanti,Cassava,37.91,0.0,1.27,32.6,186,0.0
8394,2022-10-22,Ashanti,Cocoa,21.72,481.85,10.18,32.3,335,4905.233
8395,2022-10-22,Northern,Maize,22.15,2027.44,1.95,33.4,440,3953.508
8396,2022-10-22,Northern,Cassava,12.67,0.0,1.03,30.9,276,0.0
8397,2022-10-22,Northern,Cocoa,15.3,0.0,11.77,24.0,363,0.0
8398,2022-10-22,Western,Maize,38.26,0.0,2.7,31.0,184,0.0
8399,2022-10-22,Western,Cassava,42.25,0.0,0.96,29.1,382,0.0
8400,2022-10-22,Western,Cocoa,7.28,0.0,11.49,32.8,124,0.0
8401,2022-10-22,Eastern,Maize,27.11,0.0,2.12,29.7,393,0.0
8402,2022-10-22,Eastern,Cassava,6.5,0.0,1.29,27.9,290,0.0
8403,2022-10-23,Greater Accra,Maize,8.11,0.0,2.48,29.2,191,0.0
8404,2022-10-23,Greater Accra,Cassava,7.4,0.0,1.32,30.0,198,0.0
8405,2022-10-23,Greater Accra,Cocoa,15.35,0.0,12.43,33.0,386,0.0
8406,2022-10-23,Ashanti,Maize,33.95,0.0,2.57,32.4,392,0.0
8407,2022-10-23,Ashanti,Cocoa,41.17,0.0,13.24,31.0,217,0.0
8408,2022-10-23,Northern,Maize,20.99,0.0,2.61,33.1,181,0.0
8409,2022-10-23,Northern,Cassava,19.12,8262.86,0.98,32.1,108,8097.602800000001
8410,2022-10-23,Northern,Cocoa,20.47,0.0,14.33,32.9,226,0.0
8411,2022-10-23,Western,Maize,40.86,0.0,2.24,31.9,88,0.0
8412,2022-10-23,Western,Cassava,25.5,0.0,0.95,30.8,433,0.0
8413,2022-10-23,Western,Cocoa,14.06,0.0,12.94,32.8,299,0.0
8414,2022-10-23,Eastern,Maize,23.07,0.0,2.66,26.3,149,0.0
8415,2022-10-23,Eastern,Cassava,27.89,0.0,1.16,26.6,247,0.0
8416,2022-10-23,Eastern,Cocoa,26.56,0.0,12.73,29.5,488,0.0
8417,2022-10-24,Greater Accra,Maize,2.02,0.0,2.5,24.5,439,0.0
8418,2022-10-24,Greater Accra,Cassava,24.27,0.0,1.13,28.5,309,0.0
8419,2022-10-24,Ashanti,Maize,30.93,0.0,2.28,29.9,238,0.0
8420,2022-10-24,Ashanti,Cassava,24.66,0.0,1.15,29.7,322,0.0
8421,2022-10-24,Ashanti,Cocoa,26.53,0.0,10.6,25.6,324,0.0
8422,2022-10-24,Northern,Maize,23.12,1867.66,2.11,33.1,420,3940.7626
8423,2022-10-24,Northern,Cocoa,4.65,0.0,11.09,32.2,478,0.0
8424,2022-10-24,Western,Maize,17.05,2616.8,2.0,27.3,149,5233.6
8425,2022-10-24,Western,Cassava,11.98,9203.49,1.22,28.5,238,11228.2578
8426,2022-10-24,Western,Cocoa,17.05,0.0,11.4,28.8,481,0.0
8427,2022-10-24,Eastern,Cocoa,23.85,0.0,13.38,30.0,144,0.0
8428,2022-10-25,Greater Accra,Maize,5.56,0.0,2.05,29.6,210,0.0
8429,2022-10-25,Greater Accra,Cassava,15.64,0.0,1.33,28.3,376,0.0
8430,2022-10-25,Greater Accra,Cocoa,16.82,277.05,12.57,29.1,405,3482.5185
8431,2022-10-25,Ashanti,Maize,11.58,0.0,2.45,24.4,110,0.0
8432,2022-10-25,Ashanti,Cassava,41.77,0.0,0.97,30.1,296,0.0
8433,2022-10-25,Ashanti,Cocoa,7.63,327.83,13.57,28.6,187,4448.6530999999995
8434,2022-10-25,Northern,Cassava,19.36,0.0,1.24,30.5,373,0.0
8435,2022-10-25,Northern,Cocoa,11.04,322.31,10.55,28.0,114,3400.3705000000004
8436,2022-10-25,Western,Maize,25.05,0.0,2.5,24.4,132,0.0
8437,2022-10-25,Western,Cassava,38.78,0.0,0.99,32.3,368,0.0
8438,2022-10-25,Western,Cocoa,38.76,0.0,13.76,24.2,193,0.0
8439,2022-10-25,Eastern,Maize,34.7,0.0,2.81,30.6,159,0.0
8440,2022-10-25,Eastern,Cassava,28.4,14555.39,1.05,27.5,64,15283.1595
8441,2022-10-25,Eastern,Cocoa,7.54,0.0,10.55,26.5,116,0.0
8442,2022-10-26,Greater Accra,Maize,11.92,1993.79,2.35,26.8,151,4685.4065
8443,2022-10-26,Greater Accra,Cassava,15.15,0.0,0.96,27.9,480,0.0
8444,2022-10-26,Greater Accra,Cocoa,20.39,0.0,11.29,29.5,190,0.0
8445,2022-10-26,Ashanti,Maize,14.09,1761.72,2.53,29.8,165,4457.1516
8446,2022-10-26,Ashanti,Cassava,27.42,0.0,0.96,25.4,291,0.0
8447,2022-10-26,Northern,Cassava,10.38,0.0,0.96,30.6,349,0.0
8448,2022-10-26,Northern,Cocoa,10.81,0.0,13.45,28.3,243,0.0
8449,2022-10-26,Western,Maize,52.19,0.0,2.15,30.2,371,0.0
8450,2022-10-26,Western,Cassava,30.81,15350.46,1.17,24.0,237,17960.0382
8451,2022-10-26,Eastern,Maize,12.34,0.0,2.79,25.7,467,0.0
8452,2022-10-26,Eastern,Cassava,12.74,0.0,1.08,24.1,127,0.0
8453,2022-10-26,Eastern,Cocoa,1.84,0.0,12.68,32.3,413,0.0
8454,2022-10-27,Greater Accra,Maize,10.86,0.0,2.78,30.1,329,0.0
8455,2022-10-27,Greater Accra,Cassava,13.08,0.0,1.37,27.8,446,0.0
8456,2022-10-27,Greater Accra,Cocoa,14.04,269.33,10.51,28.7,442,2830.6582999999996
8457,2022-10-27,Ashanti,Maize,42.89,1473.69,2.73,27.1,409,4023.1737000000003
8458,2022-10-27,Ashanti,Cassava,10.82,0.0,1.21,24.8,114,0.0
8459,2022-10-27,Ashanti,Cocoa,19.87,279.26,10.36,33.3,106,2893.1335999999997
8460,2022-10-27,Northern,Maize,3.69,0.0,2.73,27.5,93,0.0
8461,2022-10-27,Northern,Cassava,30.67,0.0,0.95,28.5,378,0.0
8462,2022-10-27,Northern,Cocoa,7.84,270.4,13.1,30.6,124,3542.24
8463,2022-10-27,Western,Maize,14.87,0.0,2.16,25.7,413,0.0
8464,2022-10-27,Western,Cassava,31.94,15903.47,0.98,31.9,439,15585.400599999999
8465,2022-10-27,Eastern,Maize,13.6,1966.31,1.96,27.7,186,3853.9676
8466,2022-10-28,Greater Accra,Maize,16.49,0.0,2.79,26.3,373,0.0
8467,2022-10-28,Greater Accra,Cassava,10.66,0.0,1.32,30.8,278,0.0
8468,2022-10-28,Greater Accra,Cocoa,20.23,306.57,11.69,31.5,460,3583.8032999999996
8469,2022-10-28,Ashanti,Maize,26.89,1951.55,2.59,33.9,300,5054.514499999999
8470,2022-10-28,Ashanti,Cassava,11.97,0.0,0.96,30.4,129,0.0
8471,2022-10-28,Ashanti,Cocoa,16.37,440.02,10.53,28.8,152,4633.410599999999
8472,2022-10-28,Northern,Maize,21.28,0.0,2.2,27.7,414,0.0
8473,2022-10-28,Northern,Cassava,23.34,0.0,1.2,26.8,443,0.0
8474,2022-10-28,Northern,Cocoa,17.88,0.0,13.78,31.2,342,0.0
8475,2022-10-28,Western,Cassava,41.3,0.0,1.29,29.8,103,0.0
8476,2022-10-28,Eastern,Maize,16.95,0.0,0.0,33.7,69,0.0
8477,2022-10-28,Eastern,Cassava,31.52,0.0,1.37,26.2,385,0.0
8478,2022-10-28,Eastern,Cocoa,27.07,427.9,10.79,28.5,265,4617.040999999999
8479,2022-10-29,Greater Accra,Maize,28.41,2226.94,2.14,25.6,78,4765.6516
8480,2022-10-29,Greater Accra,Cassava,6.16,0.0,1.21,33.4,204,0.0
8481,2022-10-29,Greater Accra,Cocoa,1.2,277.32,10.57,24.8,233,2931.2724
8482,2022-10-29,Ashanti,Maize,19.41,0.0,2.62,32.2,413,0.0
8483,2022-10-29,Ashanti,Cassava,10.89,0.0,1.15,31.7,478,0.0
8484,2022-10-29,Ashanti,Cocoa,7.12,0.0,13.25,28.9,451,0.0
8485,2022-10-29,Northern,Maize,24.09,0.0,2.57,25.6,477,0.0
8486,2022-10-29,Northern,Cassava,19.17,0.0,1.25,31.3,426,0.0
8487,2022-10-29,Northern,Cocoa,11.73,0.0,14.02,31.9,130,0.0
8488,2022-10-29,Western,Maize,13.27,0.0,2.66,30.9,162,0.0
8489,2022-10-29,Western,Cassava,36.9,21666.2,1.09,29.2,173,23616.158000000003
8490,2022-10-29,Eastern,Maize,18.95,2242.54,2.15,32.2,72,4821.460999999999
8491,2022-10-29,Eastern,Cassava,10.84,11867.29,0.95,28.0,315,11273.925500000001
8492,2022-10-30,Greater Accra,Cassava,6.32,8765.78,1.02,30.9,251,8941.0956
8493,2022-10-30,Greater Accra,Cocoa,15.0,0.0,9.81,29.2,147,0.0
8494,2022-10-30,Ashanti,Maize,30.72,2400.78,2.7,30.6,351,6482.106000000001
8495,2022-10-30,Ashanti,Cassava,27.76,0.0,1.26,32.7,370,0.0
8496,2022-10-30,Ashanti,Cocoa,24.33,0.0,12.45,32.7,337,0.0
8497,2022-10-30,Northern,Maize,6.23,0.0,2.56,31.8,272,0.0
8498,2022-10-30,Northern,Cassava,18.16,0.0,1.03,30.9,219,0.0
8499,2022-10-30,Northern,Cocoa,17.78,0.0,11.09,29.3,365,0.0
8500,2022-10-30,Western,Maize,24.99,0.0,2.11,25.2,92,0.0
8501,2022-10-30,Western,Cassava,48.49,0.0,0.98,25.7,247,0.0
8502,2022-10-30,Eastern,Maize,11.52,0.0,2.79,27.9,167,0.0
8503,2022-10-31,Greater Accra,Cassava,8.65,0.0,0.99,26.0,146,0.0
8504,2022-10-31,Greater Accra,Cocoa,10.89,0.0,12.77,31.0,400,0.0
8505,2022-10-31,Ashanti,Maize,39.95,0.0,2.03,29.2,268,0.0
8506,2022-10-31,Ashanti,Cassava,42.88,0.0,1.21,32.9,499,0.0
8507,2022-10-31,Ashanti,Cocoa,25.86,434.44,12.01,33.1,434,5217.6244
8508,2022-10-31,Northern,Maize,6.32,0.0,2.4,32.5,155,0.0
8509,2022-10-31,Northern,Cassava,16.42,0.0,1.34,27.8,160,0.0
8510,2022-10-31,Western,Maize,39.3,0.0,2.01,26.0,157,0.0
8511,2022-10-31,Western,Cocoa,4.67,0.0,12.23,32.3,499,0.0
8512,2022-10-31,Eastern,Maize,21.02,1592.5,1.95,26.3,250,3105.375
8513,2022-10-31,Eastern,Cassava,17.8,8019.07,0.98,26.4,278,7858.6885999999995
8514,2022-10-31,Eastern,Cocoa,19.47,0.0,11.53,25.2,302,0.0
8515,2022-11-01,Greater Accra,Cocoa,8.1,0.0,11.94,33.4,228,0.0
8516,2022-11-01,Ashanti,Maize,4.19,0.0,2.45,24.5,472,0.0
8517,2022-11-01,Ashanti,Cassava,5.15,10480.19,1.14,25.8,59,11947.416599999999
8518,2022-11-01,Northern,Maize,4.96,0.0,2.05,29.1,472,0.0
8519,2022-11-01,Northern,Cassava,7.3,0.0,0.0,26.8,68,0.0
8520,2022-11-01,Western,Maize,13.67,0.0,2.55,26.5,485,0.0
8521,2022-11-01,Western,Cassava,14.99,0.0,1.11,27.5,397,0.0
8522,2022-11-01,Western,Cocoa,4.56,366.39,12.73,29.1,205,4664.1447
8523,2022-11-01,Eastern,Cassava,1.44,9606.79,1.23,32.6,77,11816.351700000001
8524,2022-11-01,Eastern,Cocoa,2.83,0.0,12.73,32.8,445,0.0
8525,2022-11-02,Greater Accra,Maize,3.08,1353.43,2.47,33.6,213,3342.9721000000004
8526,2022-11-02,Greater Accra,Cassava,0.0,0.0,1.12,28.8,414,0.0
8527,2022-11-02,Greater Accra,Cocoa,0.0,0.0,13.31,25.5,187,0.0
8528,2022-11-02,Ashanti,Maize,4.3,0.0,2.7,33.0,153,0.0
8529,2022-11-02,Ashanti,Cassava,5.15,0.0,1.0,26.1,156,0.0
8530,2022-11-02,Ashanti,Cocoa,0.64,0.0,9.97,29.9,253,0.0
8531,2022-11-02,Northern,Maize,4.33,0.0,2.71,29.0,481,0.0
8532,2022-11-02,Northern,Cassava,3.65,0.0,1.03,28.6,109,0.0
8533,2022-11-02,Western,Maize,9.77,0.0,2.48,29.9,300,0.0
8534,2022-11-02,Western,Cassava,3.11,0.0,1.09,33.0,381,0.0
8535,2022-11-02,Western,Cocoa,5.96,398.28,14.24,30.8,435,5671.5072
8536,2022-11-02,Eastern,Maize,2.04,0.0,2.07,29.4,201,0.0
8537,2022-11-02,Eastern,Cassava,7.32,0.0,1.05,31.4,293,0.0
8538,2022-11-02,Eastern,Cocoa,6.14,0.0,12.32,26.3,142,0.0
8539,2022-11-03,Greater Accra,Maize,0.0,977.19,2.38,32.2,374,2325.7122
8540,2022-11-03,Greater Accra,Cassava,5.17,0.0,1.18,31.0,402,0.0
8541,2022-11-03,Greater Accra,Cocoa,6.48,311.78,10.56,24.1,141,3292.3968
8542,2022-11-03,Ashanti,Maize,8.85,0.0,2.58,30.7,286,0.0
8543,2022-11-03,Ashanti,Cassava,0.0,0.0,1.27,28.0,107,0.0
8544,2022-11-03,Ashanti,Cocoa,1.27,0.0,13.63,31.0,139,0.0
8545,2022-11-03,Northern,Maize,5.26,1366.32,1.99,27.9,357,2718.9768
8546,2022-11-03,Northern,Cocoa,6.05,0.0,11.05,28.5,225,0.0
8547,2022-11-03,Western,Maize,11.38,0.0,2.77,24.6,256,0.0
8548,2022-11-03,Western,Cocoa,9.48,331.42,12.49,25.7,152,4139.4358
8549,2022-11-03,Eastern,Maize,0.0,1010.14,2.53,28.0,300,2555.6542
8550,2022-11-04,Greater Accra,Maize,3.54,0.0,2.06,24.4,415,0.0
8551,2022-11-04,Greater Accra,Cassava,5.3,0.0,0.96,27.6,81,0.0
8552,2022-11-04,Greater Accra,Cocoa,3.15,0.0,12.53,29.5,390,0.0
8553,2022-11-04,Ashanti,Cassava,6.76,0.0,1.13,27.5,99,0.0
8554,2022-11-04,Northern,Maize,4.69,0.0,2.37,31.8,225,0.0
8555,2022-11-04,Northern,Cassava,7.89,0.0,0.95,24.6,61,0.0
8556,2022-11-04,Northern,Cocoa,1.75,0.0,13.8,26.7,285,0.0
8557,2022-11-04,Western,Maize,2.23,1323.25,2.33,26.5,478,3083.1725
8558,2022-11-04,Western,Cassava,9.66,0.0,1.36,28.4,287,0.0
8559,2022-11-04,Western,Cocoa,0.0,0.0,10.2,28.4,458,0.0
8560,2022-11-04,Eastern,Maize,6.63,2016.78,2.3,27.2,351,4638.593999999999
8561,2022-11-04,Eastern,Cassava,3.3,9916.97,1.31,26.6,485,12991.2307
8562,2022-11-04,Eastern,Cocoa,5.58,0.0,13.9,29.0,171,0.0
8563,2022-11-05,Greater Accra,Maize,1.64,0.0,2.76,27.4,118,0.0
8564,2022-11-05,Ashanti,Cassava,4.95,0.0,1.3,25.2,375,0.0
8565,2022-11-05,Northern,Maize,5.26,1525.87,2.24,33.0,430,3417.9488
8566,2022-11-05,Western,Maize,13.25,0.0,2.77,33.3,235,0.0
8567,2022-11-05,Western,Cassava,3.45,0.0,0.94,24.1,462,0.0
8568,2022-11-05,Eastern,Maize,11.11,0.0,2.56,25.0,312,0.0
8569,2022-11-05,Eastern,Cassava,5.21,0.0,1.07,25.9,409,0.0
8570,2022-11-05,Eastern,Cocoa,7.13,280.69,11.89,32.3,52,3337.4041
8571,2022-11-06,Greater Accra,Maize,10.17,1688.39,2.04,31.1,438,3444.3156000000004
8572,2022-11-06,Greater Accra,Cassava,0.0,0.0,1.16,25.2,253,0.0
8573,2022-11-06,Greater Accra,Cocoa,1.82,0.0,10.39,30.3,377,0.0
8574,2022-11-06,Ashanti,Cassava,16.33,0.0,1.16,29.3,299,0.0
8575,2022-11-06,Ashanti,Cocoa,1.25,0.0,9.82,29.1,220,0.0
8576,2022-11-06,Northern,Cassava,3.83,0.0,1.21,32.2,62,0.0
8577,2022-11-06,Northern,Cocoa,0.0,0.0,12.61,30.2,313,0.0
8578,2022-11-06,Western,Maize,5.62,1476.41,2.21,24.6,103,3262.8661
8579,2022-11-06,Western,Cassava,0.0,10899.38,1.34,31.4,96,14605.1692
8580,2022-11-06,Western,Cocoa,12.11,0.0,11.68,30.7,107,0.0
8581,2022-11-06,Eastern,Maize,0.0,1515.01,2.43,29.7,331,3681.4743000000003
8582,2022-11-06,Eastern,Cassava,0.78,0.0,0.99,29.8,354,0.0
8583,2022-11-07,Greater Accra,Maize,0.11,1239.53,2.67,32.6,144,3309.5451
8584,2022-11-07,Greater Accra,Cassava,0.0,0.0,0.94,25.1,324,0.0
8585,2022-11-07,Ashanti,Maize,0.0,0.0,2.29,29.9,173,0.0
8586,2022-11-07,Ashanti,Cassava,0.0,8330.66,1.29,29.5,406,10746.5514
8587,2022-11-07,Western,Maize,12.73,0.0,2.86,29.7,378,0.0
8588,2022-11-07,Western,Cassava,13.69,0.0,1.05,32.0,370,0.0
8589,2022-11-07,Eastern,Maize,1.63,0.0,2.34,32.1,160,0.0
8590,2022-11-07,Eastern,Cocoa,4.23,0.0,13.84,25.7,262,0.0
8591,2022-11-08,Greater Accra,Maize,5.07,1149.01,2.15,29.7,156,2470.3714999999997
8592,2022-11-08,Greater Accra,Cassava,0.0,5972.42,1.1,33.9,82,6569.662
8593,2022-11-08,Greater Accra,Cocoa,6.53,0.0,10.29,33.8,363,0.0
8594,2022-11-08,Ashanti,Maize,6.33,0.0,2.29,24.4,226,0.0
8595,2022-11-08,Ashanti,Cassava,7.83,0.0,1.19,31.6,453,0.0
8596,2022-11-08,Ashanti,Cocoa,1.87,0.0,11.83,25.2,398,0.0
8597,2022-11-08,Northern,Maize,1.39,945.69,1.95,28.4,73,1844.0955000000001
8598,2022-11-08,Northern,Cassava,0.0,0.0,1.18,24.1,158,0.0
8599,2022-11-08,Northern,Cocoa,1.43,179.41,9.87,27.3,316,1770.7767
8600,2022-11-08,Western,Cocoa,15.69,360.47,14.21,31.4,123,5122.278700000001
8601,2022-11-08,Eastern,Maize,6.4,1290.81,2.11,32.1,218,2723.6090999999997
8602,2022-11-08,Eastern,Cassava,3.55,0.0,1.32,24.9,134,0.0
8603,2022-11-08,Eastern,Cocoa,6.96,0.0,12.03,31.9,170,0.0
8604,2022-11-09,Greater Accra,Maize,5.39,0.0,2.46,33.5,485,0.0
8605,2022-11-09,Greater Accra,Cassava,5.98,6562.03,1.21,29.0,242,7940.056299999999
8606,2022-11-09,Greater Accra,Cocoa,3.87,0.0,13.26,30.7,385,0.0
8607,2022-11-09,Ashanti,Maize,3.17,0.0,2.18,33.7,408,0.0
8608,2022-11-09,Ashanti,Cocoa,5.47,0.0,12.4,30.1,284,0.0
8609,2022-11-09,Northern,Maize,3.39,0.0,2.1,31.6,205,0.0
8610,2022-11-09,Northern,Cassava,5.92,0.0,1.09,29.0,405,0.0
8611,2022-11-09,Northern,Cocoa,4.36,296.84,13.54,26.6,380,4019.2135999999996
8612,2022-11-09,Western,Maize,0.0,0.0,2.57,33.5,237,0.0
8613,2022-11-09,Western,Cassava,10.74,11085.03,1.29,26.7,166,14299.6887
8614,2022-11-09,Western,Cocoa,6.9,412.44,12.63,28.5,289,5209.117200000001
8615,2022-11-09,Eastern,Maize,4.85,0.0,2.56,27.1,254,0.0
8616,2022-11-09,Eastern,Cassava,2.09,0.0,1.14,24.2,283,0.0
8617,2022-11-09,Eastern,Cocoa,10.17,0.0,11.37,24.8,378,0.0
8618,2022-11-10,Greater Accra,Maize,4.52,0.0,2.51,28.7,99,0.0
8619,2022-11-10,Greater Accra,Cassava,1.86,8298.1,1.23,24.3,139,10206.663
8620,2022-11-10,Greater Accra,Cocoa,3.39,0.0,10.26,29.3,137,0.0
8621,2022-11-10,Ashanti,Maize,4.47,0.0,2.49,26.1,414,0.0
8622,2022-11-10,Ashanti,Cassava,1.87,0.0,1.28,31.3,162,0.0
8623,2022-11-10,Ashanti,Cocoa,10.86,0.0,12.42,29.8,104,0.0
8624,2022-11-10,Northern,Maize,4.77,0.0,2.32,29.4,63,0.0
8625,2022-11-10,Northern,Cassava,6.94,0.0,1.23,25.4,481,0.0
8626,2022-11-10,Northern,Cocoa,3.23,220.46,11.74,28.9,499,2588.2004
8627,2022-11-10,Western,Maize,7.37,1631.14,2.84,32.1,376,4632.4376
8628,2022-11-10,Western,Cassava,5.94,0.0,1.34,29.2,170,0.0
8629,2022-11-10,Western,Cocoa,2.91,0.0,0.0,26.1,418,0.0
8630,2022-11-10,Eastern,Maize,6.21,0.0,2.66,26.0,139,0.0
8631,2022-11-10,Eastern,Cassava,6.39,0.0,1.12,32.0,417,0.0
8632,2022-11-10,Eastern,Cocoa,0.83,0.0,12.05,25.7,103,0.0
8633,2022-11-11,Greater Accra,Maize,0.0,860.68,2.65,31.9,452,2280.8019999999997
8634,2022-11-11,Greater Accra,Cassava,0.0,0.0,1.35,31.4,423,0.0
8635,2022-11-11,Greater Accra,Cocoa,6.72,219.1,12.92,32.0,457,2830.772
8636,2022-11-11,Ashanti,Maize,6.68,0.0,2.12,29.7,129,0.0
8637,2022-11-11,Ashanti,Cassava,1.18,0.0,0.98,33.1,281,0.0
8638,2022-11-11,Ashanti,Cocoa,5.89,0.0,12.64,32.5,478,0.0
8639,2022-11-11,Northern,Cassava,2.06,5466.73,1.07,28.9,340,5849.4011
8640,2022-11-11,Western,Maize,11.44,2311.68,2.02,31.2,272,4669.5936
8641,2022-11-11,Western,Cassava,1.82,7273.61,1.06,27.9,258,7710.0266
8642,2022-11-11,Western,Cocoa,0.0,416.07,9.99,31.9,71,4156.5393
8643,2022-11-11,Eastern,Maize,4.66,0.0,2.53,31.3,58,0.0
8644,2022-11-11,Eastern,Cassava,6.01,0.0,1.31,30.7,432,0.0
8645,2022-11-11,Eastern,Cocoa,0.0,0.0,10.53,32.6,74,0.0
8646,2022-11-12,Greater Accra,Maize,0.12,0.0,2.56,24.0,333,0.0
8647,2022-11-12,Greater Accra,Cassava,0.0,0.0,1.07,26.5,435,0.0
8648,2022-11-12,Greater Accra,Cocoa,0.0,254.31,10.29,31.0,491,2616.8498999999997
8649,2022-11-12,Ashanti,Maize,3.52,0.0,2.0,29.1,335,0.0
8650,2022-11-12,Ashanti,Cassava,2.42,0.0,1.16,27.6,312,0.0
8651,2022-11-12,Ashanti,Cocoa,10.86,0.0,13.55,25.2,167,0.0
8652,2022-11-12,Northern,Maize,1.56,0.0,2.23,24.8,263,0.0
8653,2022-11-12,Northern,Cassava,7.37,0.0,1.09,24.8,367,0.0
8654,2022-11-12,Northern,Cocoa,3.74,197.01,10.27,26.6,74,2023.2926999999997
8655,2022-11-12,Western,Maize,5.73,1592.94,2.49,27.4,425,3966.4206000000004
8656,2022-11-12,Western,Cassava,0.0,0.0,1.27,32.8,310,0.0
8657,2022-11-12,Western,Cocoa,1.39,252.45,9.87,28.0,349,2491.6814999999997
8658,2022-11-12,Eastern,Maize,8.11,0.0,2.33,33.9,478,0.0
8659,2022-11-12,Eastern,Cassava,2.63,0.0,1.24,32.1,233,0.0
8660,2022-11-12,Eastern,Cocoa,1.89,293.81,9.92,26.5,167,2914.5952
8661,2022-11-13,Greater Accra,Maize,4.37,1678.0,2.46,32.1,331,4127.88
8662,2022-11-13,Greater Accra,Cassava,0.0,0.0,1.21,30.8,491,0.0
8663,2022-11-13,Greater Accra,Cocoa,0.0,0.0,13.5,24.3,459,0.0
8664,2022-11-13,Ashanti,Maize,5.12,0.0,2.81,27.4,456,0.0
8665,2022-11-13,Ashanti,Cocoa,9.68,0.0,13.13,25.6,285,0.0
8666,2022-11-13,Northern,Maize,1.05,0.0,2.18,28.3,499,0.0
8667,2022-11-13,Northern,Cassava,0.55,5726.68,1.28,26.5,234,7330.1504
8668,2022-11-13,Western,Maize,6.5,0.0,1.98,27.1,440,0.0
8669,2022-11-13,Western,Cassava,0.0,0.0,0.99,32.1,351,0.0
8670,2022-11-13,Western,Cocoa,5.09,0.0,11.74,32.4,313,0.0
8671,2022-11-13,Eastern,Maize,4.85,0.0,2.76,30.5,279,0.0
8672,2022-11-13,Eastern,Cassava,7.01,0.0,0.0,26.2,180,0.0
8673,2022-11-13,Eastern,Cocoa,0.08,203.93,12.2,33.5,289,2487.946
8674,2022-11-14,Greater Accra,Maize,0.0,0.0,2.33,31.6,241,0.0
8675,2022-11-14,Greater Accra,Cassava,0.0,0.0,1.13,33.1,317,0.0
8676,2022-11-14,Greater Accra,Cocoa,9.49,0.0,14.34,29.0,255,0.0
8677,2022-11-14,Ashanti,Maize,0.67,0.0,2.25,24.5,438,0.0
8678,2022-11-14,Ashanti,Cocoa,11.84,0.0,10.13,30.8,339,0.0
8679,2022-11-14,Northern,Cassava,8.79,0.0,1.03,31.2,192,0.0
8680,2022-11-14,Northern,Cocoa,0.0,0.0,13.13,32.0,212,0.0
8681,2022-11-14,Western,Cassava,11.72,0.0,1.34,27.3,131,0.0
8682,2022-11-14,Eastern,Cassava,0.0,6940.35,1.34,32.8,419,9300.069000000001
8683,2022-11-14,Eastern,Cocoa,4.45,322.09,11.69,25.4,213,3765.2320999999997
8684,2022-11-15,Greater Accra,Maize,5.15,0.0,2.04,30.7,303,0.0
8685,2022-11-15,Greater Accra,Cassava,2.95,0.0,1.3,29.0,125,0.0
8686,2022-11-15,Greater Accra,Cocoa,0.0,166.21,13.72,32.7,51,2280.4012000000002
8687,2022-11-15,Ashanti,Maize,6.72,0.0,2.12,27.2,416,0.0
8688,2022-11-15,Ashanti,Cassava,0.0,8646.27,1.11,29.4,108,9597.3597
8689,2022-11-15,Ashanti,Cocoa,12.45,0.0,13.74,25.5,59,0.0
8690,2022-11-15,Northern,Maize,8.98,0.0,2.25,26.2,119,0.0
8691,2022-11-15,Northern,Cocoa,1.2,0.0,12.59,24.5,492,0.0
8692,2022-11-15,Western,Maize,0.72,0.0,2.24,29.0,308,0.0
8693,2022-11-15,Western,Cassava,7.88,0.0,1.2,31.1,95,0.0
8694,2022-11-15,Western,Cocoa,16.31,0.0,10.7,26.9,75,0.0
8695,2022-11-15,Eastern,Maize,0.0,1258.38,2.65,29.6,498,3334.7070000000003
8696,2022-11-15,Eastern,Cassava,0.0,0.0,0.97,26.0,441,0.0
8697,2022-11-15,Eastern,Cocoa,4.73,0.0,10.11,26.6,461,0.0
8698,2022-11-16,Greater Accra,Maize,7.3,1712.48,2.42,27.7,226,4144.2016
8699,2022-11-16,Greater Accra,Cassava,3.1,0.0,0.98,29.1,330,0.0
8700,2022-11-16,Greater Accra,Cocoa,0.0,0.0,12.06,27.8,324,0.0
8701,2022-11-16,Ashanti,Maize,0.0,1346.92,1.97,25.0,254,2653.4324
8702,2022-11-16,Ashanti,Cassava,7.56,0.0,1.18,31.8,373,0.0
8703,2022-11-16,Ashanti,Cocoa,0.0,300.65,12.4,24.2,210,3728.06
8704,2022-11-16,Northern,Cocoa,1.56,0.0,10.94,33.3,156,0.0
8705,2022-11-16,Western,Maize,8.49,0.0,2.85,31.0,119,0.0
8706,2022-11-16,Western,Cocoa,0.0,0.0,11.22,24.8,277,0.0
8707,2022-11-16,Eastern,Maize,10.89,0.0,0.0,32.3,336,0.0
8708,2022-11-16,Eastern,Cassava,0.0,0.0,1.07,25.3,145,0.0
8709,2022-11-16,Eastern,Cocoa,7.76,0.0,12.84,31.8,283,0.0
8710,2022-11-17,Greater Accra,Maize,2.65,0.0,1.99,32.3,240,0.0
8711,2022-11-17,Greater Accra,Cassava,0.78,6130.33,1.36,33.0,109,8337.248800000001
8712,2022-11-17,Greater Accra,Cocoa,1.72,0.0,9.79,25.5,490,0.0
8713,2022-11-17,Ashanti,Maize,12.62,0.0,2.69,26.3,203,0.0
8714,2022-11-17,Ashanti,Cassava,3.49,0.0,1.04,26.0,386,0.0
8715,2022-11-17,Ashanti,Cocoa,1.98,0.0,14.05,32.1,192,0.0
8716,2022-11-17,Northern,Maize,5.59,0.0,2.56,25.0,352,0.0
8717,2022-11-17,Northern,Cassava,9.17,0.0,1.21,24.5,202,0.0
8718,2022-11-17,Northern,Cocoa,1.11,0.0,14.03,26.7,476,0.0
8719,2022-11-17,Western,Maize,4.72,1779.44,2.69,24.3,237,4786.6936
8720,2022-11-17,Western,Cassava,10.21,0.0,1.24,28.2,295,0.0
8721,2022-11-17,Western,Cocoa,13.54,0.0,12.54,24.1,343,0.0
8722,2022-11-17,Eastern,Maize,7.76,0.0,2.59,29.3,203,0.0
8723,2022-11-17,Eastern,Cassava,1.67,6418.4,0.97,25.4,344,6225.847999999999
8724,2022-11-17,Eastern,Cocoa,1.71,0.0,11.94,26.2,313,0.0
8725,2022-11-18,Greater Accra,Maize,3.46,0.0,2.61,31.9,193,0.0
8726,2022-11-18,Greater Accra,Cassava,7.15,0.0,1.13,27.1,88,0.0
8727,2022-11-18,Greater Accra,Cocoa,1.07,0.0,11.12,28.3,489,0.0
8728,2022-11-18,Ashanti,Maize,5.89,1619.07,2.12,32.9,183,3432.4284000000002
8729,2022-11-18,Ashanti,Cocoa,7.94,227.58,10.53,27.8,497,2396.4174
8730,2022-11-18,Northern,Maize,3.93,0.0,2.81,31.2,131,0.0
8731,2022-11-18,Northern,Cassava,4.46,0.0,1.08,27.1,96,0.0
8732,2022-11-18,Western,Cocoa,5.37,303.31,10.99,32.2,344,3333.3769
8733,2022-11-18,Eastern,Maize,0.0,1140.08,2.37,25.9,224,2701.9896
8734,2022-11-18,Eastern,Cassava,8.86,0.0,1.27,30.7,370,0.0
8735,2022-11-18,Eastern,Cocoa,10.4,0.0,13.42,33.9,111,0.0
8736,2022-11-19,Greater Accra,Maize,2.8,0.0,2.59,26.7,194,0.0
8737,2022-11-19,Greater Accra,Cassava,2.05,0.0,1.25,30.3,326,0.0
8738,2022-11-19,Ashanti,Maize,7.99,0.0,2.73,27.4,293,0.0
8739,2022-11-19,Ashanti,Cassava,0.72,0.0,1.35,31.5,76,0.0
8740,2022-11-19,Ashanti,Cocoa,0.0,0.0,9.78,28.9,209,0.0
8741,2022-11-19,Northern,Maize,4.08,0.0,2.27,28.4,277,0.0
8742,2022-11-19,Northern,Cassava,1.14,5499.95,1.03,33.4,206,5664.9484999999995
8743,2022-11-19,Western,Maize,12.83,0.0,2.17,25.0,338,0.0
8744,2022-11-19,Western,Cassava,1.2,0.0,1.35,26.3,152,0.0
8745,2022-11-19,Eastern,Maize,5.68,0.0,2.67,24.7,223,0.0
8746,2022-11-19,Eastern,Cassava,4.22,9159.19,0.98,29.4,435,8976.0062
8747,2022-11-19,Eastern,Cocoa,5.6,0.0,9.97,24.8,194,0.0
8748,2022-11-20,Greater Accra,Maize,0.0,0.0,2.62,24.4,330,0.0
8749,2022-11-20,Greater Accra,Cocoa,9.22,0.0,0.0,28.5,173,0.0
8750,2022-11-20,Ashanti,Maize,5.51,0.0,2.76,32.2,422,0.0
8751,2022-11-20,Ashanti,Cassava,0.0,0.0,1.02,25.4,438,0.0
8752,2022-11-20,Ashanti,Cocoa,3.24,286.42,13.53,25.5,231,3875.2626
8753,2022-11-20,Northern,Maize,7.94,0.0,2.52,26.3,448,0.0
8754,2022-11-20,Northern,Cassava,6.26,0.0,1.3,25.6,322,0.0
8755,2022-11-20,Western,Maize,0.0,0.0,2.18,28.7,129,0.0
8756,2022-11-20,Western,Cassava,10.15,0.0,1.35,26.3,72,0.0
8757,2022-11-20,Western,Cocoa,5.21,357.32,12.54,32.3,60,4480.792799999999
8758,2022-11-20,Eastern,Maize,4.89,0.0,2.38,30.3,394,0.0
8759,2022-11-20,Eastern,Cassava,9.14,0.0,1.29,25.7,121,0.0
8760,2022-11-20,Eastern,Cocoa,6.37,274.06,12.47,33.9,278,3417.5282
8761,2022-11-21,Greater Accra,Maize,9.51,0.0,2.67,26.3,447,0.0
8762,2022-11-21,Greater Accra,Cassava,1.84,0.0,1.24,28.4,275,0.0
8763,2022-11-21,Greater Accra,Cocoa,0.0,0.0,13.33,28.3,130,0.0
8764,2022-11-21,Ashanti,Cassava,10.22,0.0,1.18,30.4,370,0.0
8765,2022-11-21,Ashanti,Cocoa,1.82,0.0,14.09,27.5,348,0.0
8766,2022-11-21,Northern,Maize,0.0,939.69,2.68,32.8,334,2518.3692
8767,2022-11-21,Northern,Cassava,7.97,8721.85,1.09,28.9,161,9506.8165
8768,2022-11-21,Northern,Cocoa,9.9,0.0,13.05,26.2,388,0.0
8769,2022-11-21,Western,Maize,11.23,0.0,2.43,33.5,66,0.0
8770,2022-11-21,Western,Cassava,9.74,0.0,1.09,28.4,426,0.0
8771,2022-11-21,Western,Cocoa,7.16,0.0,14.26,28.2,448,0.0
8772,2022-11-21,Eastern,Maize,1.12,0.0,2.35,32.8,418,0.0
8773,2022-11-21,Eastern,Cassava,1.36,0.0,1.14,29.7,350,0.0
8774,2022-11-21,Eastern,Cocoa,6.54,0.0,14.29,24.5,332,0.0
8775,2022-11-22,Greater Accra,Maize,2.11,0.0,1.98,27.2,232,0.0
8776,2022-11-22,Greater Accra,Cassava,2.69,0.0,1.11,30.7,453,0.0
8777,2022-11-22,Ashanti,Maize,9.76,0.0,2.31,28.3,404,0.0
8778,2022-11-22,Ashanti,Cassava,10.56,0.0,0.97,31.4,482,0.0
8779,2022-11-22,Ashanti,Cocoa,10.36,0.0,9.92,25.4,461,0.0
8780,2022-11-22,Northern,Maize,1.51,867.65,2.33,29.6,351,2021.6245
8781,2022-11-22,Northern,Cassava,5.72,5674.49,0.97,27.8,61,5504.2553
8782,2022-11-22,Western,Maize,1.4,1765.02,2.07,27.6,355,3653.5914
8783,2022-11-22,Western,Cassava,0.0,0.0,1.06,25.7,96,0.0
8784,2022-11-22,Western,Cocoa,8.86,0.0,12.74,32.5,334,0.0
8785,2022-11-22,Eastern,Maize,7.57,0.0,2.63,32.9,411,0.0
8786,2022-11-22,Eastern,Cassava,2.58,0.0,1.03,25.9,292,0.0
8787,2022-11-22,Eastern,Cocoa,0.51,0.0,10.43,33.5,247,0.0
8788,2022-11-23,Greater Accra,Maize,6.88,0.0,0.0,29.2,209,0.0
8789,2022-11-23,Greater Accra,Cassava,1.78,0.0,1.25,29.3,377,0.0
8790,2022-11-23,Greater Accra,Cocoa,0.12,0.0,9.96,33.6,125,0.0
8791,2022-11-23,Ashanti,Maize,7.99,0.0,2.75,25.5,217,0.0
8792,2022-11-23,Ashanti,Cassava,8.4,7134.53,1.36,31.8,155,9702.9608
8793,2022-11-23,Ashanti,Cocoa,8.47,0.0,12.92,25.2,449,0.0
8794,2022-11-23,Northern,Maize,2.16,0.0,2.68,32.4,289,0.0
8795,2022-11-23,Northern,Cassava,2.28,0.0,1.03,31.1,281,0.0
8796,2022-11-23,Northern,Cocoa,2.39,0.0,13.18,26.4,131,0.0
8797,2022-11-23,Western,Maize,7.38,0.0,2.01,25.1,463,0.0
8798,2022-11-23,Western,Cassava,4.44,0.0,1.04,24.1,436,0.0
8799,2022-11-23,Western,Cocoa,3.16,0.0,11.83,32.2,219,0.0
8800,2022-11-23,Eastern,Maize,1.96,1146.22,2.34,31.2,372,2682.1548
8801,2022-11-23,Eastern,Cocoa,7.87,0.0,10.44,28.2,407,0.0
8802,2022-11-24,Greater Accra,Maize,3.85,0.0,2.48,25.0,363,0.0
8803,2022-11-24,Greater Accra,Cassava,1.34,7749.17,1.26,30.6,318,9763.9542
8804,2022-11-24,Greater Accra,Cocoa,2.58,0.0,13.35,33.8,75,0.0
8805,2022-11-24,Ashanti,Maize,0.0,1749.34,2.07,30.9,431,3621.1337999999996
8806,2022-11-24,Ashanti,Cassava,7.53,8648.84,1.16,27.0,73,10032.6544
8807,2022-11-24,Ashanti,Cocoa,1.72,0.0,12.64,28.8,466,0.0
8808,2022-11-24,Northern,Cassava,5.64,0.0,1.19,33.3,478,0.0
8809,2022-11-24,Northern,Cocoa,8.63,0.0,13.7,32.9,299,0.0
8810,2022-11-24,Western,Cassava,11.44,0.0,1.23,31.2,462,0.0
8811,2022-11-24,Eastern,Maize,0.0,0.0,2.27,27.1,424,0.0
8812,2022-11-24,Eastern,Cassava,0.0,0.0,1.08,30.1,385,0.0
8813,2022-11-24,Eastern,Cocoa,1.88,326.89,13.2,26.5,144,4314.947999999999
8814,2022-11-25,Greater Accra,Maize,8.4,0.0,2.04,27.9,208,0.0
8815,2022-11-25,Greater Accra,Cassava,4.9,0.0,1.31,31.0,322,0.0
8816,2022-11-25,Greater Accra,Cocoa,0.0,0.0,10.02,24.6,477,0.0
8817,2022-11-25,Ashanti,Maize,2.57,1946.57,2.66,24.3,279,5177.8762
8818,2022-11-25,Ashanti,Cassava,3.53,0.0,1.08,26.5,55,0.0
8819,2022-11-25,Ashanti,Cocoa,5.26,0.0,13.88,33.2,391,0.0
8820,2022-11-25,Northern,Maize,2.78,0.0,2.36,25.9,125,0.0
8821,2022-11-25,Northern,Cassava,2.27,0.0,1.12,27.6,112,0.0
8822,2022-11-25,Northern,Cocoa,6.79,271.51,10.15,27.3,124,2755.8265
8823,2022-11-25,Western,Maize,0.0,0.0,2.64,30.4,191,0.0
8824,2022-11-25,Western,Cassava,14.36,0.0,1.33,26.5,404,0.0
8825,2022-11-25,Western,Cocoa,10.15,0.0,11.07,28.9,445,0.0
8826,2022-11-25,Eastern,Maize,2.28,0.0,2.73,33.3,300,0.0
8827,2022-11-25,Eastern,Cassava,2.16,0.0,1.36,28.2,116,0.0
8828,2022-11-25,Eastern,Cocoa,0.96,224.54,11.22,31.3,108,2519.3388
8829,2022-11-26,Greater Accra,Maize,4.88,1525.66,2.7,28.9,260,4119.282
8830,2022-11-26,Greater Accra,Cassava,1.78,8508.38,1.25,30.7,330,10635.474999999999
8831,2022-11-26,Ashanti,Maize,1.31,0.0,2.57,26.2,325,0.0
8832,2022-11-26,Ashanti,Cassava,0.0,0.0,1.16,27.6,369,0.0
8833,2022-11-26,Ashanti,Cocoa,2.45,0.0,11.08,33.7,56,0.0
8834,2022-11-26,Northern,Cassava,0.0,0.0,1.02,30.1,371,0.0
8835,2022-11-26,Northern,Cocoa,0.0,0.0,12.94,30.6,187,0.0
8836,2022-11-26,Western,Maize,3.19,0.0,2.4,28.7,480,0.0
8837,2022-11-26,Western,Cassava,0.0,0.0,1.17,28.8,423,0.0
8838,2022-11-26,Western,Cocoa,2.83,0.0,12.41,27.3,389,0.0
8839,2022-11-26,Eastern,Maize,9.01,0.0,2.62,28.1,342,0.0
8840,2022-11-26,Eastern,Cassava,0.0,8490.25,0.96,29.1,370,8150.639999999999
8841,2022-11-26,Eastern,Cocoa,4.84,0.0,14.17,28.7,90,0.0
8842,2022-11-27,Greater Accra,Maize,0.0,0.0,2.63,28.4,60,0.0
8843,2022-11-27,Greater Accra,Cassava,2.63,0.0,1.38,24.2,435,0.0
8844,2022-11-27,Ashanti,Maize,4.83,0.0,2.3,32.6,364,0.0
8845,2022-11-27,Ashanti,Cassava,4.85,0.0,0.99,26.9,51,0.0
8846,2022-11-27,Ashanti,Cocoa,5.29,371.95,9.99,27.2,397,3715.7805
8847,2022-11-27,Northern,Maize,3.13,0.0,2.04,33.9,387,0.0
8848,2022-11-27,Northern,Cassava,7.21,0.0,1.23,25.7,226,0.0
8849,2022-11-27,Northern,Cocoa,6.39,0.0,12.39,32.4,452,0.0
8850,2022-11-27,Western,Maize,3.27,0.0,2.38,32.9,284,0.0
8851,2022-11-27,Western,Cassava,1.32,0.0,1.27,28.8,332,0.0
8852,2022-11-27,Western,Cocoa,3.3,0.0,9.77,26.2,426,0.0
8853,2022-11-27,Eastern,Maize,0.47,0.0,1.98,30.3,183,0.0
8854,2022-11-27,Eastern,Cassava,2.16,0.0,1.37,33.7,137,0.0
8855,2022-11-28,Greater Accra,Maize,0.98,0.0,1.98,32.4,492,0.0
8856,2022-11-28,Greater Accra,Cassava,1.8,0.0,1.3,26.0,286,0.0
8857,2022-11-28,Greater Accra,Cocoa,0.0,0.0,9.85,27.4,252,0.0
8858,2022-11-28,Ashanti,Maize,4.54,0.0,2.84,31.3,64,0.0
8859,2022-11-28,Ashanti,Cassava,1.4,0.0,1.03,26.2,229,0.0
8860,2022-11-28,Ashanti,Cocoa,4.86,0.0,11.59,32.1,399,0.0
8861,2022-11-28,Northern,Maize,2.96,0.0,2.1,28.2,421,0.0
8862,2022-11-28,Northern,Cassava,3.62,0.0,0.96,26.1,74,0.0
8863,2022-11-28,Northern,Cocoa,5.74,280.98,14.23,30.8,95,3998.3454
8864,2022-11-28,Western,Cassava,6.94,0.0,1.34,32.9,61,0.0
8865,2022-11-28,Western,Cocoa,9.33,0.0,10.12,25.9,117,0.0
8866,2022-11-28,Eastern,Maize,0.0,0.0,2.33,30.2,202,0.0
8867,2022-11-28,Eastern,Cassava,3.52,0.0,0.94,31.9,168,0.0
8868,2022-11-28,Eastern,Cocoa,0.37,0.0,13.64,25.6,375,0.0
8869,2022-11-29,Greater Accra,Maize,2.24,1125.23,0.0,30.0,459,0.0
8870,2022-11-29,Greater Accra,Cassava,0.0,8047.21,1.27,31.4,171,10219.9567
8871,2022-11-29,Greater Accra,Cocoa,4.59,0.0,14.3,25.1,164,0.0
8872,2022-11-29,Ashanti,Maize,4.0,0.0,2.16,27.6,462,0.0
8873,2022-11-29,Ashanti,Cassava,6.95,0.0,0.97,28.8,161,0.0
8874,2022-11-29,Ashanti,Cocoa,11.35,0.0,12.45,28.1,492,0.0
8875,2022-11-29,Western,Maize,11.11,0.0,2.66,28.8,248,0.0
8876,2022-11-29,Western,Cocoa,3.9,0.0,13.81,26.2,96,0.0
8877,2022-11-29,Eastern,Maize,4.08,1429.76,2.0,29.4,404,2859.52
8878,2022-11-29,Eastern,Cassava,0.0,0.0,1.1,26.3,326,0.0
8879,2022-11-29,Eastern,Cocoa,10.89,0.0,10.14,28.2,151,0.0
8880,2022-11-30,Greater Accra,Maize,3.61,0.0,2.2,25.0,492,0.0
8881,2022-11-30,Greater Accra,Cassava,2.32,7719.6,1.23,24.7,383,9495.108
8882,2022-11-30,Greater Accra,Cocoa,0.0,267.93,12.91,33.9,292,3458.9763000000003
8883,2022-11-30,Ashanti,Maize,0.07,1742.73,2.85,29.5,378,4966.7805
8884,2022-11-30,Ashanti,Cassava,7.94,9373.13,1.0,33.5,223,9373.13
8885,2022-11-30,Ashanti,Cocoa,0.0,0.0,13.71,32.4,184,0.0
8886,2022-11-30,Northern,Maize,3.44,0.0,2.6,25.7,384,0.0
8887,2022-11-30,Northern,Cassava,0.0,0.0,1.36,25.1,281,0.0
8888,2022-11-30,Northern,Cocoa,0.0,0.0,11.71,27.7,261,0.0
8889,2022-11-30,Western,Maize,3.11,0.0,2.76,28.5,454,0.0
8890,2022-11-30,Western,Cassava,2.68,0.0,1.11,32.3,65,0.0
8891,2022-11-30,Western,Cocoa,5.46,0.0,10.37,26.0,145,0.0
8892,2022-11-30,Eastern,Maize,5.41,1639.77,2.77,32.6,52,4542.1629
8893,2022-11-30,Eastern,Cassava,0.0,0.0,1.17,30.1,190,0.0
8894,2022-12-01,Greater Accra,Maize,5.89,1050.53,2.07,28.0,161,2174.5971
8895,2022-12-01,Greater Accra,Cassava,0.0,7101.76,1.37,28.1,182,9729.4112
8896,2022-12-01,Greater Accra,Cocoa,3.64,0.0,13.63,24.8,236,0.0
8897,2022-12-01,Ashanti,Cassava,7.22,10874.56,1.1,26.6,223,11962.016
8898,2022-12-01,Northern,Maize,3.34,0.0,2.34,33.7,302,0.0
8899,2022-12-01,Northern,Cassava,1.95,0.0,1.09,25.6,268,0.0
8900,2022-12-01,Northern,Cocoa,4.94,0.0,0.0,29.6,381,0.0
8901,2022-12-01,Western,Maize,8.28,1817.76,2.73,27.7,472,4962.4848
8902,2022-12-01,Western,Cassava,2.56,0.0,0.97,33.3,402,0.0
8903,2022-12-01,Western,Cocoa,8.88,0.0,10.83,25.8,101,0.0
8904,2022-12-01,Eastern,Maize,2.53,1225.4,2.41,33.7,475,2953.2140000000004
8905,2022-12-01,Eastern,Cassava,8.74,0.0,1.21,26.1,216,0.0
8906,2022-12-01,Eastern,Cocoa,8.46,0.0,10.12,25.4,331,0.0
8907,2022-12-02,Greater Accra,Maize,5.37,1657.8,2.71,29.2,97,4492.638
8908,2022-12-02,Greater Accra,Cocoa,4.3,0.0,11.62,24.1,341,0.0
8909,2022-12-02,Ashanti,Cassava,2.07,0.0,1.32,29.5,50,0.0
8910,2022-12-02,Ashanti,Cocoa,0.86,0.0,10.8,25.7,438,0.0
8911,2022-12-02,Northern,Maize,0.0,1245.76,2.39,25.1,446,2977.3664000000003
8912,2022-12-02,Northern,Cassava,1.77,5386.04,1.01,28.8,151,5439.9004
8913,2022-12-02,Western,Maize,6.08,0.0,2.36,30.6,418,0.0
8914,2022-12-02,Western,Cassava,12.44,0.0,1.19,29.5,163,0.0
8915,2022-12-02,Western,Cocoa,3.28,0.0,14.18,27.8,189,0.0
8916,2022-12-02,Eastern,Maize,1.23,0.0,2.82,28.5,151,0.0
8917,2022-12-02,Eastern,Cassava,0.0,0.0,1.29,24.7,188,0.0
8918,2022-12-02,Eastern,Cocoa,2.36,184.58,0.0,25.5,274,0.0
8919,2022-12-03,Greater Accra,Maize,3.86,0.0,2.45,31.0,339,0.0
8920,2022-12-03,Greater Accra,Cassava,0.0,0.0,1.0,33.4,201,0.0
8921,2022-12-03,Greater Accra,Cocoa,8.62,0.0,11.07,27.3,327,0.0
8922,2022-12-03,Ashanti,Maize,10.99,0.0,2.01,32.0,426,0.0
8923,2022-12-03,Ashanti,Cassava,5.45,0.0,1.06,25.0,243,0.0
8924,2022-12-03,Ashanti,Cocoa,1.73,0.0,12.55,31.1,141,0.0
8925,2022-12-03,Northern,Maize,5.0,0.0,2.47,24.1,222,0.0
8926,2022-12-03,Northern,Cocoa,2.81,0.0,13.73,28.8,491,0.0
8927,2022-12-03,Western,Maize,7.62,0.0,2.08,32.4,249,0.0
8928,2022-12-03,Western,Cocoa,7.57,0.0,13.86,29.7,418,0.0
8929,2022-12-03,Eastern,Maize,3.47,0.0,2.13,24.2,397,0.0
8930,2022-12-03,Eastern,Cassava,6.4,8899.12,1.18,27.3,241,10500.9616
8931,2022-12-03,Eastern,Cocoa,0.0,0.0,12.45,28.3,299,0.0
8932,2022-12-04,Greater Accra,Maize,4.81,0.0,2.3,26.3,271,0.0
8933,2022-12-04,Greater Accra,Cassava,2.48,5794.69,1.23,27.8,147,7127.468699999999
8934,2022-12-04,Greater Accra,Cocoa,2.88,0.0,14.05,31.9,67,0.0
8935,2022-12-04,Ashanti,Maize,11.74,0.0,2.78,30.5,429,0.0
8936,2022-12-04,Ashanti,Cassava,8.13,0.0,1.02,33.4,165,0.0
8937,2022-12-04,Ashanti,Cocoa,7.74,0.0,12.98,29.4,453,0.0
8938,2022-12-04,Northern,Maize,10.24,0.0,2.75,30.8,172,0.0
8939,2022-12-04,Northern,Cocoa,3.68,221.56,11.57,32.8,136,2563.4492
8940,2022-12-04,Western,Maize,0.0,0.0,2.58,25.7,450,0.0
8941,2022-12-04,Western,Cassava,10.84,0.0,1.29,25.6,365,0.0
8942,2022-12-04,Western,Cocoa,2.83,214.06,11.19,25.5,102,2395.3314
8943,2022-12-04,Eastern,Maize,6.63,0.0,2.33,32.7,98,0.0
8944,2022-12-04,Eastern,Cassava,3.24,6240.86,1.05,32.4,466,6552.903
8945,2022-12-05,Greater Accra,Maize,1.83,0.0,2.65,33.0,282,0.0
8946,2022-12-05,Greater Accra,Cassava,2.27,6219.57,0.0,27.2,114,0.0
8947,2022-12-05,Greater Accra,Cocoa,2.3,263.55,9.93,32.1,148,2617.0515
8948,2022-12-05,Ashanti,Maize,2.6,0.0,2.6,25.7,154,0.0
8949,2022-12-05,Ashanti,Cassava,6.79,6866.62,1.01,26.6,102,6935.2862
8950,2022-12-05,Ashanti,Cocoa,5.37,223.38,10.07,29.7,294,2249.4366
8951,2022-12-05,Northern,Maize,8.91,0.0,2.56,24.7,464,0.0
8952,2022-12-05,Northern,Cassava,3.28,0.0,1.05,31.3,367,0.0
8953,2022-12-05,Northern,Cocoa,3.77,264.02,10.98,25.2,422,2898.9395999999997
8954,2022-12-05,Western,Maize,0.0,0.0,2.75,24.3,409,0.0
8955,2022-12-05,Western,Cassava,4.87,11088.7,1.08,25.5,71,11975.796000000002
8956,2022-12-05,Western,Cocoa,10.58,308.77,11.99,30.3,118,3702.1522999999997
8957,2022-12-05,Eastern,Maize,0.0,0.0,2.29,30.3,421,0.0
8958,2022-12-05,Eastern,Cassava,0.0,7368.42,1.07,30.2,166,7884.209400000001
8959,2022-12-05,Eastern,Cocoa,6.1,330.9,13.75,29.0,257,4549.875
8960,2022-12-06,Greater Accra,Maize,0.16,1214.21,2.68,31.5,411,3254.0828
8961,2022-12-06,Greater Accra,Cassava,0.22,0.0,0.98,29.0,238,0.0
8962,2022-12-06,Ashanti,Maize,2.54,0.0,2.4,30.9,448,0.0
8963,2022-12-06,Ashanti,Cocoa,0.0,235.79,10.88,27.0,344,2565.3952
8964,2022-12-06,Northern,Maize,0.0,0.0,2.27,28.5,321,0.0
8965,2022-12-06,Northern,Cocoa,9.68,292.47,12.31,31.7,212,3600.3057000000003
8966,2022-12-06,Western,Maize,0.0,1195.46,2.78,30.5,356,3323.3788
8967,2022-12-06,Western,Cassava,8.27,0.0,1.05,24.5,281,0.0
8968,2022-12-06,Western,Cocoa,2.04,0.0,13.31,29.5,125,0.0
8969,2022-12-06,Eastern,Maize,1.6,0.0,2.59,29.7,184,0.0
8970,2022-12-06,Eastern,Cassava,0.81,7262.39,1.28,24.7,114,9295.8592
8971,2022-12-06,Eastern,Cocoa,0.99,0.0,12.51,27.9,370,0.0
8972,2022-12-07,Greater Accra,Maize,0.0,0.0,2.35,31.9,156,0.0
8973,2022-12-07,Greater Accra,Cassava,2.57,0.0,1.05,31.0,283,0.0
8974,2022-12-07,Greater Accra,Cocoa,0.0,0.0,13.71,33.6,120,0.0
8975,2022-12-07,Ashanti,Maize,12.6,0.0,2.54,25.9,330,0.0
8976,2022-12-07,Ashanti,Cassava,4.56,8898.54,1.11,30.2,236,9877.379400000002
8977,2022-12-07,Ashanti,Cocoa,5.32,0.0,10.32,33.1,182,0.0
8978,2022-12-07,Northern,Maize,3.57,0.0,2.37,24.1,260,0.0
8979,2022-12-07,Northern,Cassava,2.81,7914.95,1.12,32.0,357,8864.744
8980,2022-12-07,Northern,Cocoa,0.99,0.0,13.06,30.6,58,0.0
8981,2022-12-07,Western,Maize,3.23,1408.06,2.66,29.3,402,3745.4396
8982,2022-12-07,Western,Cassava,8.65,0.0,1.05,31.6,318,0.0
8983,2022-12-07,Western,Cocoa,4.68,0.0,11.7,34.0,459,0.0
8984,2022-12-07,Eastern,Maize,8.63,0.0,2.65,27.6,379,0.0
8985,2022-12-07,Eastern,Cocoa,0.65,0.0,14.13,32.0,170,0.0
8986,2022-12-08,Greater Accra,Maize,4.24,0.0,2.33,25.8,104,0.0
8987,2022-12-08,Greater Accra,Cassava,0.0,7501.84,1.37,25.4,275,10277.5208
8988,2022-12-08,Greater Accra,Cocoa,0.51,294.16,9.87,27.1,347,2903.3592
8989,2022-12-08,Ashanti,Cocoa,1.99,0.0,11.03,24.8,73,0.0
8990,2022-12-08,Northern,Maize,5.36,1330.29,2.82,30.7,223,3751.4177999999997
8991,2022-12-08,Northern,Cassava,2.66,0.0,0.96,25.8,153,0.0
8992,2022-12-08,Northern,Cocoa,4.06,0.0,14.2,31.1,299,0.0
8993,2022-12-08,Western,Cassava,0.0,0.0,1.12,30.3,230,0.0
8994,2022-12-08,Western,Cocoa,6.39,0.0,10.42,29.6,68,0.0
8995,2022-12-08,Eastern,Cocoa,2.58,255.97,12.48,32.6,275,3194.5056
8996,2022-12-09,Greater Accra,Maize,6.22,0.0,2.8,26.6,293,0.0
8997,2022-12-09,Greater Accra,Cassava,0.0,0.0,1.0,31.4,439,0.0
8998,2022-12-09,Greater Accra,Cocoa,0.0,0.0,13.46,32.8,458,0.0
8999,2022-12-09,Ashanti,Maize,5.41,1210.47,2.46,26.4,68,2977.7562
9000,2022-12-09,Ashanti,Cocoa,4.73,0.0,14.09,30.3,421,0.0
9001,2022-12-09,Northern,Maize,6.82,0.0,2.64,31.5,229,0.0
9002,2022-12-09,Northern,Cassava,8.47,0.0,1.29,27.1,327,0.0
9003,2022-12-09,Northern,Cocoa,0.55,167.33,10.28,32.2,90,1720.1524
9004,2022-12-09,Western,Maize,6.83,0.0,2.65,32.1,100,0.0
9005,2022-12-09,Western,Cassava,5.46,0.0,1.19,33.0,226,0.0
9006,2022-12-09,Western,Cocoa,2.74,0.0,13.01,33.0,113,0.0
9007,2022-12-09,Eastern,Maize,0.94,0.0,2.38,24.1,399,0.0
9008,2022-12-09,Eastern,Cassava,0.73,0.0,1.31,25.8,239,0.0
9009,2022-12-09,Eastern,Cocoa,0.26,0.0,13.65,31.6,401,0.0
9010,2022-12-10,Greater Accra,Maize,1.5,0.0,2.63,32.8,404,0.0
9011,2022-12-10,Greater Accra,Cassava,3.15,0.0,1.04,31.1,244,0.0
9012,2022-12-10,Greater Accra,Cocoa,0.0,189.44,14.06,33.5,64,2663.5264
9013,2022-12-10,Ashanti,Cassava,8.71,0.0,1.14,27.4,95,0.0
9014,2022-12-10,Ashanti,Cocoa,5.48,0.0,11.52,24.0,148,0.0
9015,2022-12-10,Northern,Maize,0.0,0.0,2.65,25.6,338,0.0
9016,2022-12-10,Western,Cocoa,0.0,330.49,10.27,33.1,346,3394.1322999999998
9017,2022-12-10,Eastern,Maize,2.66,0.0,2.36,24.9,497,0.0
9018,2022-12-10,Eastern,Cassava,2.47,0.0,1.12,30.7,209,0.0
9019,2022-12-10,Eastern,Cocoa,10.6,0.0,10.18,24.5,426,0.0
9020,2022-12-11,Greater Accra,Maize,5.38,0.0,2.29,24.2,389,0.0
9021,2022-12-11,Greater Accra,Cassava,5.8,9480.99,1.26,29.3,91,11946.0474
9022,2022-12-11,Greater Accra,Cocoa,3.64,256.8,10.93,31.8,211,2806.824
9023,2022-12-11,Ashanti,Maize,6.57,1507.08,2.75,28.0,92,4144.469999999999
9024,2022-12-11,Ashanti,Cassava,6.35,12299.99,1.3,30.3,231,15989.987000000001
9025,2022-12-11,Northern,Maize,10.66,0.0,2.0,31.9,195,0.0
9026,2022-12-11,Northern,Cassava,0.54,6611.76,1.15,28.7,304,7603.523999999999
9027,2022-12-11,Western,Maize,8.42,0.0,2.04,28.2,368,0.0
9028,2022-12-11,Western,Cassava,3.77,8314.92,1.35,28.9,386,11225.142000000002
9029,2022-12-11,Western,Cocoa,8.73,0.0,13.03,32.6,140,0.0
9030,2022-12-11,Eastern,Maize,3.51,0.0,2.52,32.1,60,0.0
9031,2022-12-11,Eastern,Cassava,2.99,0.0,1.0,29.4,157,0.0
9032,2022-12-11,Eastern,Cocoa,14.74,0.0,10.82,32.8,359,0.0
9033,2022-12-12,Greater Accra,Cassava,3.15,0.0,1.33,27.1,483,0.0
9034,2022-12-12,Greater Accra,Cocoa,1.39,0.0,12.89,27.2,137,0.0
9035,2022-12-12,Ashanti,Cassava,8.45,9243.35,1.09,28.1,282,10075.2515
9036,2022-12-12,Ashanti,Cocoa,1.71,0.0,13.5,25.7,399,0.0
9037,2022-12-12,Northern,Maize,0.0,1254.6,2.11,31.3,385,2647.2059999999997
9038,2022-12-12,Northern,Cassava,3.71,0.0,1.27,26.7,365,0.0
9039,2022-12-12,Western,Cassava,5.6,12329.82,1.25,28.9,110,15412.275
9040,2022-12-12,Western,Cocoa,10.26,0.0,11.29,31.5,116,0.0
9041,2022-12-12,Eastern,Maize,10.87,0.0,2.06,33.6,252,0.0
9042,2022-12-12,Eastern,Cassava,0.0,0.0,1.36,32.9,231,0.0
9043,2022-12-12,Eastern,Cocoa,3.88,349.82,14.19,32.6,164,4963.9457999999995
9044,2022-12-13,Greater Accra,Cassava,8.51,0.0,1.35,28.5,289,0.0
9045,2022-12-13,Greater Accra,Cocoa,6.68,0.0,12.43,27.8,201,0.0
9046,2022-12-13,Ashanti,Cassava,1.75,0.0,1.11,24.3,197,0.0
9047,2022-12-13,Ashanti,Cocoa,8.5,0.0,12.53,26.4,307,0.0
9048,2022-12-13,Northern,Cassava,0.8,0.0,1.05,30.9,349,0.0
9049,2022-12-13,Northern,Cocoa,2.23,230.34,12.85,30.8,482,2959.869
9050,2022-12-13,Western,Maize,7.42,0.0,2.77,30.4,389,0.0
9051,2022-12-13,Western,Cassava,7.79,0.0,1.34,28.7,86,0.0
9052,2022-12-13,Western,Cocoa,13.23,277.88,12.6,31.3,267,3501.288
9053,2022-12-13,Eastern,Maize,0.0,0.0,2.83,33.6,128,0.0
9054,2022-12-13,Eastern,Cassava,1.46,0.0,1.11,29.6,257,0.0
9055,2022-12-13,Eastern,Cocoa,0.0,0.0,13.69,25.7,447,0.0
9056,2022-12-14,Greater Accra,Maize,3.15,0.0,2.53,26.5,339,0.0
9057,2022-12-14,Greater Accra,Cassava,2.74,0.0,1.0,31.8,165,0.0
9058,2022-12-14,Greater Accra,Cocoa,2.33,250.63,11.64,30.5,297,2917.3332
9059,2022-12-14,Ashanti,Maize,0.0,0.0,2.46,32.5,216,0.0
9060,2022-12-14,Ashanti,Cassava,3.45,0.0,1.05,31.3,62,0.0
9061,2022-12-14,Ashanti,Cocoa,3.59,0.0,12.2,24.6,255,0.0
9062,2022-12-14,Northern,Maize,10.42,1201.09,2.0,30.1,376,2402.18
9063,2022-12-14,Northern,Cassava,0.0,0.0,1.26,29.5,158,0.0
9064,2022-12-14,Northern,Cocoa,7.3,249.78,12.0,27.1,300,2997.36
9065,2022-12-14,Western,Maize,5.83,0.0,2.62,29.6,254,0.0
9066,2022-12-14,Western,Cassava,5.7,10947.32,1.38,32.1,130,15107.301599999999
9067,2022-12-14,Eastern,Maize,1.1,0.0,2.79,31.4,164,0.0
9068,2022-12-14,Eastern,Cassava,1.31,0.0,1.25,30.2,191,0.0
9069,2022-12-15,Greater Accra,Maize,3.6,0.0,2.02,33.2,73,0.0
9070,2022-12-15,Greater Accra,Cassava,1.19,6621.01,1.35,26.9,461,8938.363500000001
9071,2022-12-15,Greater Accra,Cocoa,3.59,0.0,11.2,25.7,484,0.0
9072,2022-12-15,Ashanti,Cassava,6.61,6908.45,1.08,31.9,313,7461.126
9073,2022-12-15,Northern,Cassava,1.63,0.0,1.24,24.7,200,0.0
9074,2022-12-15,Western,Maize,8.31,0.0,1.98,28.3,458,0.0
9075,2022-12-15,Western,Cassava,7.16,0.0,0.99,29.3,201,0.0
9076,2022-12-15,Eastern,Maize,3.79,0.0,2.7,27.5,383,0.0
9077,2022-12-15,Eastern,Cassava,7.85,0.0,1.32,33.0,344,0.0
9078,2022-12-15,Eastern,Cocoa,4.1,0.0,11.31,25.4,437,0.0
9079,2022-12-16,Greater Accra,Maize,5.66,1398.0,2.26,32.9,252,3159.4799999999996
9080,2022-12-16,Greater Accra,Cassava,0.44,0.0,1.14,28.6,368,0.0
9081,2022-12-16,Ashanti,Maize,4.57,0.0,2.46,30.3,277,0.0
9082,2022-12-16,Ashanti,Cassava,10.02,12175.19,1.03,31.0,94,12540.4457
9083,2022-12-16,Ashanti,Cocoa,1.79,0.0,0.0,26.9,391,0.0
9084,2022-12-16,Northern,Maize,0.0,0.0,2.59,30.6,221,0.0
9085,2022-12-16,Northern,Cassava,3.57,0.0,1.24,25.3,309,0.0
9086,2022-12-16,Northern,Cocoa,4.36,178.93,9.96,28.4,336,1782.1428000000003
9087,2022-12-16,Western,Maize,6.92,0.0,2.12,29.8,320,0.0
9088,2022-12-16,Western,Cassava,1.73,0.0,1.03,28.5,397,0.0
9089,2022-12-16,Western,Cocoa,4.0,0.0,13.25,26.4,250,0.0
9090,2022-12-16,Eastern,Maize,3.88,0.0,2.45,30.9,97,0.0
9091,2022-12-16,Eastern,Cassava,0.0,7641.01,1.32,28.5,50,10086.1332
9092,2022-12-16,Eastern,Cocoa,5.62,0.0,14.32,24.3,251,0.0
9093,2022-12-17,Greater Accra,Maize,0.0,0.0,1.95,27.1,158,0.0
9094,2022-12-17,Greater Accra,Cassava,6.69,0.0,1.24,29.8,163,0.0
9095,2022-12-17,Greater Accra,Cocoa,0.0,0.0,13.59,31.7,489,0.0
9096,2022-12-17,Ashanti,Maize,6.12,2016.99,2.13,29.8,466,4296.1887
9097,2022-12-17,Ashanti,Cassava,0.61,7885.82,1.06,30.4,335,8358.9692
9098,2022-12-17,Ashanti,Cocoa,0.0,0.0,14.28,24.9,200,0.0
9099,2022-12-17,Northern,Maize,1.68,0.0,2.36,24.9,198,0.0
9100,2022-12-17,Northern,Cassava,2.23,0.0,1.05,25.4,437,0.0
9101,2022-12-17,Northern,Cocoa,6.31,0.0,13.18,24.7,113,0.0
9102,2022-12-17,Western,Maize,0.0,0.0,2.42,29.2,376,0.0
9103,2022-12-17,Western,Cassava,11.79,0.0,1.34,27.7,83,0.0
9104,2022-12-17,Western,Cocoa,9.05,383.68,13.15,26.3,142,5045.392
9105,2022-12-17,Eastern,Maize,11.07,0.0,2.65,24.3,429,0.0
9106,2022-12-17,Eastern,Cassava,0.0,0.0,1.17,32.9,335,0.0
9107,2022-12-17,Eastern,Cocoa,4.59,239.22,12.65,25.2,368,3026.1330000000003
9108,2022-12-18,Greater Accra,Maize,0.0,0.0,2.11,25.9,142,0.0
9109,2022-12-18,Greater Accra,Cassava,5.05,9639.5,1.29,29.3,327,12434.955
9110,2022-12-18,Greater Accra,Cocoa,6.18,318.78,10.92,32.9,297,3481.0775999999996
9111,2022-12-18,Ashanti,Maize,6.51,1841.29,2.47,26.5,231,4547.9863000000005
9112,2022-12-18,Ashanti,Cassava,7.0,0.0,0.0,29.7,465,0.0
9113,2022-12-18,Ashanti,Cocoa,7.69,0.0,10.49,32.9,374,0.0
9114,2022-12-18,Northern,Cassava,1.25,0.0,1.18,27.2,443,0.0
9115,2022-12-18,Northern,Cocoa,1.3,0.0,11.58,30.3,215,0.0
9116,2022-12-18,Western,Maize,10.01,0.0,2.71,29.8,205,0.0
9117,2022-12-18,Western,Cocoa,7.21,0.0,12.74,32.9,360,0.0
9118,2022-12-18,Eastern,Maize,3.8,0.0,2.47,24.3,141,0.0
9119,2022-12-18,Eastern,Cassava,0.0,0.0,1.28,33.4,444,0.0
9120,2022-12-18,Eastern,Cocoa,5.94,0.0,10.92,24.7,363,0.0
9121,2022-12-19,Greater Accra,Cassava,0.0,0.0,1.17,25.9,419,0.0
9122,2022-12-19,Greater Accra,Cocoa,6.58,0.0,13.29,25.8,195,0.0
9123,2022-12-19,Ashanti,Maize,4.19,0.0,2.05,25.6,133,0.0
9124,2022-12-19,Ashanti,Cassava,5.65,0.0,1.3,30.9,86,0.0
9125,2022-12-19,Ashanti,Cocoa,1.01,303.0,10.72,28.9,482,3248.1600000000003
9126,2022-12-19,Northern,Maize,9.26,1082.48,2.21,24.2,146,2392.2808
9127,2022-12-19,Northern,Cocoa,0.0,188.71,11.83,29.3,123,2232.4393
9128,2022-12-19,Western,Cassava,6.27,0.0,1.12,32.9,372,0.0
9129,2022-12-19,Western,Cocoa,9.91,298.48,11.07,24.8,410,3304.1736
9130,2022-12-19,Eastern,Maize,9.2,0.0,2.76,24.5,242,0.0
9131,2022-12-19,Eastern,Cassava,1.01,8576.03,1.04,31.7,328,8919.0712
9132,2022-12-19,Eastern,Cocoa,4.73,262.84,12.54,25.0,441,3296.0135999999993
9133,2022-12-20,Greater Accra,Maize,0.64,0.0,2.2,24.5,51,0.0
9134,2022-12-20,Greater Accra,Cassava,0.0,0.0,1.37,31.9,196,0.0
9135,2022-12-20,Greater Accra,Cocoa,1.77,0.0,12.42,28.6,215,0.0
9136,2022-12-20,Ashanti,Cassava,0.0,0.0,1.26,33.2,80,0.0
9137,2022-12-20,Ashanti,Cocoa,2.97,0.0,9.84,27.8,426,0.0
9138,2022-12-20,Northern,Maize,5.31,0.0,2.76,26.3,324,0.0
9139,2022-12-20,Northern,Cassava,10.42,0.0,1.27,30.4,493,0.0
9140,2022-12-20,Northern,Cocoa,3.52,195.45,11.81,27.1,225,2308.2644999999998
9141,2022-12-20,Western,Maize,5.26,0.0,2.79,29.1,421,0.0
9142,2022-12-20,Western,Cocoa,4.16,293.83,10.64,24.6,380,3126.3512
9143,2022-12-20,Eastern,Maize,5.07,0.0,2.32,32.6,291,0.0
9144,2022-12-20,Eastern,Cassava,7.96,9195.53,0.95,32.3,241,8735.7535
9145,2022-12-20,Eastern,Cocoa,1.56,0.0,11.52,33.9,424,0.0
9146,2022-12-21,Greater Accra,Maize,3.8,1174.71,2.29,24.3,172,2690.0859
9147,2022-12-21,Ashanti,Maize,3.84,0.0,2.05,32.2,218,0.0
9148,2022-12-21,Ashanti,Cassava,10.54,13404.41,0.95,27.4,248,12734.189499999999
9149,2022-12-21,Northern,Maize,0.28,1336.27,2.45,27.2,420,3273.8615
9150,2022-12-21,Northern,Cassava,3.73,0.0,1.22,25.2,447,0.0
9151,2022-12-21,Northern,Cocoa,2.76,253.04,10.53,28.3,163,2664.5112
9152,2022-12-21,Western,Maize,1.07,0.0,2.54,27.2,140,0.0
9153,2022-12-21,Western,Cassava,7.59,0.0,1.3,27.3,130,0.0
9154,2022-12-21,Western,Cocoa,12.64,254.92,11.23,33.7,210,2862.7516
9155,2022-12-21,Eastern,Maize,1.95,1550.61,1.98,26.2,157,3070.2077999999997
9156,2022-12-21,Eastern,Cassava,0.0,0.0,1.15,27.5,134,0.0
9157,2022-12-21,Eastern,Cocoa,1.0,256.31,13.72,26.2,242,3516.5732000000003
9158,2022-12-22,Greater Accra,Cassava,5.6,0.0,1.18,26.7,466,0.0
9159,2022-12-22,Greater Accra,Cocoa,0.0,222.82,13.6,26.4,306,3030.352
9160,2022-12-22,Ashanti,Maize,0.0,0.0,2.76,30.4,323,0.0
9161,2022-12-22,Ashanti,Cassava,0.78,0.0,1.02,29.6,383,0.0
9162,2022-12-22,Ashanti,Cocoa,6.44,352.41,14.33,30.0,292,5050.0353000000005
9163,2022-12-22,Northern,Maize,5.15,0.0,2.65,26.6,353,0.0
9164,2022-12-22,Northern,Cassava,3.1,0.0,1.1,27.5,128,0.0
9165,2022-12-22,Northern,Cocoa,8.55,0.0,11.29,26.0,310,0.0
9166,2022-12-22,Western,Maize,7.76,0.0,2.16,25.3,122,0.0
9167,2022-12-22,Western,Cassava,3.28,0.0,0.99,24.7,199,0.0
9168,2022-12-22,Western,Cocoa,4.48,0.0,13.8,28.6,52,0.0
9169,2022-12-22,Eastern,Maize,8.16,0.0,2.09,27.4,84,0.0
9170,2022-12-22,Eastern,Cocoa,5.84,0.0,11.58,31.2,334,0.0
9171,2022-12-23,Greater Accra,Maize,2.68,1139.76,2.35,31.5,152,2678.436
9172,2022-12-23,Greater Accra,Cassava,5.43,0.0,1.12,25.5,55,0.0
9173,2022-12-23,Greater Accra,Cocoa,6.8,201.4,10.22,29.4,300,2058.308
9174,2022-12-23,Ashanti,Maize,7.45,0.0,2.27,26.1,122,0.0
9175,2022-12-23,Ashanti,Cassava,13.05,12089.45,0.95,33.6,461,11484.9775
9176,2022-12-23,Ashanti,Cocoa,0.0,0.0,13.58,26.9,460,0.0
9177,2022-12-23,Northern,Maize,3.96,0.0,2.83,30.0,244,0.0
9178,2022-12-23,Northern,Cassava,2.81,6096.25,1.1,26.6,324,6705.875000000001
9179,2022-12-23,Northern,Cocoa,0.0,0.0,14.21,26.7,222,0.0
9180,2022-12-23,Western,Cassava,0.73,7496.21,1.01,30.0,377,7571.1721
9181,2022-12-23,Western,Cocoa,11.35,448.36,12.69,28.0,458,5689.6884
9182,2022-12-23,Eastern,Maize,1.48,1629.7,2.8,32.1,292,4563.16
9183,2022-12-23,Eastern,Cassava,3.49,0.0,1.0,30.8,163,0.0
9184,2022-12-23,Eastern,Cocoa,8.63,0.0,10.07,28.4,167,0.0
9185,2022-12-24,Greater Accra,Maize,2.13,0.0,2.18,31.1,235,0.0
9186,2022-12-24,Greater Accra,Cassava,2.26,0.0,1.1,26.2,239,0.0
9187,2022-12-24,Greater Accra,Cocoa,0.0,0.0,9.91,29.3,224,0.0
9188,2022-12-24,Ashanti,Maize,0.0,0.0,2.73,27.1,493,0.0
9189,2022-12-24,Ashanti,Cassava,10.06,0.0,1.1,25.8,230,0.0
9190,2022-12-24,Ashanti,Cocoa,4.43,0.0,12.6,26.3,191,0.0
9191,2022-12-24,Northern,Maize,3.86,0.0,2.48,27.8,65,0.0
9192,2022-12-24,Northern,Cassava,0.0,0.0,1.25,31.6,83,0.0
9193,2022-12-24,Northern,Cocoa,5.83,205.51,13.59,27.9,340,2792.8808999999997
9194,2022-12-24,Western,Maize,7.02,0.0,1.99,27.2,422,0.0
9195,2022-12-24,Western,Cassava,9.69,0.0,1.09,27.2,286,0.0
9196,2022-12-24,Western,Cocoa,2.68,0.0,11.91,33.4,425,0.0
9197,2022-12-24,Eastern,Cassava,0.0,0.0,1.17,24.2,410,0.0
9198,2022-12-25,Greater Accra,Maize,3.31,0.0,2.01,29.2,357,0.0
9199,2022-12-25,Greater Accra,Cassava,4.12,0.0,1.05,26.2,164,0.0
9200,2022-12-25,Greater Accra,Cocoa,1.09,234.38,12.84,31.4,271,3009.4392
9201,2022-12-25,Ashanti,Maize,6.21,0.0,2.06,30.7,184,0.0
9202,2022-12-25,Ashanti,Cassava,8.02,0.0,1.06,28.0,170,0.0
9203,2022-12-25,Ashanti,Cocoa,2.97,0.0,10.69,28.0,177,0.0
9204,2022-12-25,Northern,Maize,0.0,0.0,0.0,25.7,203,0.0
9205,2022-12-25,Northern,Cocoa,5.32,0.0,12.74,29.2,172,0.0
9206,2022-12-25,Western,Cassava,1.62,0.0,1.09,26.6,154,0.0
9207,2022-12-25,Western,Cocoa,7.35,377.63,11.48,26.9,477,4335.1924
9208,2022-12-25,Eastern,Maize,6.06,0.0,2.09,28.3,380,0.0
9209,2022-12-25,Eastern,Cocoa,8.01,0.0,14.29,33.2,289,0.0
9210,2022-12-26,Greater Accra,Maize,4.94,0.0,2.59,30.6,435,0.0
9211,2022-12-26,Greater Accra,Cassava,9.9,0.0,1.09,24.1,459,0.0
9212,2022-12-26,Greater Accra,Cocoa,4.95,0.0,13.44,32.3,121,0.0
9213,2022-12-26,Ashanti,Maize,2.16,0.0,2.39,29.8,414,0.0
9214,2022-12-26,Northern,Maize,5.12,0.0,2.32,28.1,349,0.0
9215,2022-12-26,Northern,Cassava,1.66,0.0,1.04,33.2,226,0.0
9216,2022-12-26,Northern,Cocoa,6.1,193.28,13.76,25.2,71,2659.5328
9217,2022-12-26,Western,Cassava,8.46,0.0,1.08,26.4,76,0.0
9218,2022-12-26,Eastern,Cassava,7.17,6407.84,0.96,28.5,251,6151.5264
9219,2022-12-26,Eastern,Cocoa,11.34,394.82,13.47,26.9,471,5318.2254
9220,2022-12-27,Greater Accra,Maize,4.6,0.0,2.54,27.0,168,0.0
9221,2022-12-27,Greater Accra,Cassava,3.47,0.0,1.24,31.8,141,0.0
9222,2022-12-27,Greater Accra,Cocoa,0.0,220.32,12.74,26.3,436,2806.8768
9223,2022-12-27,Ashanti,Maize,6.27,0.0,1.97,31.8,249,0.0
9224,2022-12-27,Ashanti,Cassava,5.39,0.0,1.35,27.7,178,0.0
9225,2022-12-27,Ashanti,Cocoa,1.41,0.0,13.31,27.3,413,0.0
9226,2022-12-27,Northern,Maize,7.06,0.0,2.27,34.0,483,0.0
9227,2022-12-27,Northern,Cassava,1.44,0.0,1.24,24.2,135,0.0
9228,2022-12-27,Northern,Cocoa,0.85,0.0,10.97,29.1,422,0.0
9229,2022-12-27,Western,Maize,3.52,0.0,2.09,27.7,203,0.0
9230,2022-12-27,Western,Cassava,16.46,12578.95,0.95,25.5,193,11950.0025
9231,2022-12-27,Western,Cocoa,9.96,0.0,10.85,29.8,341,0.0
9232,2022-12-27,Eastern,Cassava,3.54,0.0,1.23,31.1,378,0.0
9233,2022-12-27,Eastern,Cocoa,3.41,0.0,11.44,31.5,176,0.0
9234,2022-12-28,Greater Accra,Maize,1.81,0.0,2.54,30.3,352,0.0
9235,2022-12-28,Greater Accra,Cocoa,5.68,255.25,11.81,29.9,436,3014.5025
9236,2022-12-28,Ashanti,Maize,0.0,1420.57,2.65,24.1,120,3764.5105
9237,2022-12-28,Ashanti,Cassava,0.0,0.0,1.03,29.9,170,0.0
9238,2022-12-28,Ashanti,Cocoa,2.02,0.0,13.51,32.3,400,0.0
9239,2022-12-28,Northern,Maize,1.41,0.0,2.61,33.0,352,0.0
9240,2022-12-28,Northern,Cassava,1.22,0.0,1.02,24.3,199,0.0
9241,2022-12-28,Northern,Cocoa,1.04,0.0,12.34,31.7,87,0.0
9242,2022-12-28,Western,Maize,12.09,2456.46,2.11,26.9,368,5183.1305999999995
9243,2022-12-28,Western,Cassava,7.8,0.0,1.23,31.3,332,0.0
9244,2022-12-28,Western,Cocoa,5.32,248.42,11.69,26.1,297,2904.0298
9245,2022-12-28,Eastern,Maize,3.93,0.0,2.29,26.1,485,0.0
9246,2022-12-28,Eastern,Cassava,0.0,9178.88,1.28,24.6,84,11748.9664
9247,2022-12-28,Eastern,Cocoa,1.86,0.0,11.15,27.2,499,0.0
9248,2022-12-29,Greater Accra,Maize,5.81,0.0,2.59,29.8,214,0.0
9249,2022-12-29,Greater Accra,Cassava,0.0,0.0,1.18,27.6,171,0.0
9250,2022-12-29,Greater Accra,Cocoa,3.54,0.0,10.06,26.9,152,0.0
9251,2022-12-29,Ashanti,Maize,8.6,2339.77,2.05,30.1,459,4796.528499999999
9252,2022-12-29,Ashanti,Cassava,10.58,0.0,1.19,24.5,311,0.0
9253,2022-12-29,Ashanti,Cocoa,7.26,0.0,11.29,30.7,193,0.0
9254,2022-12-29,Northern,Maize,0.0,1006.02,2.37,27.3,410,2384.2674
9255,2022-12-29,Northern,Cassava,6.33,0.0,0.0,26.5,398,0.0
9256,2022-12-29,Northern,Cocoa,7.75,264.97,13.61,29.4,413,3606.2417
9257,2022-12-29,Western,Maize,7.74,0.0,2.06,30.6,382,0.0
9258,2022-12-29,Western,Cassava,1.35,8044.11,1.15,27.9,245,9250.726499999999
9259,2022-12-29,Western,Cocoa,14.45,325.19,13.8,26.3,154,4487.622
9260,2022-12-29,Eastern,Maize,0.0,0.0,2.86,31.0,313,0.0
9261,2022-12-29,Eastern,Cassava,6.34,6332.36,1.15,30.8,139,7282.213999999999
9262,2022-12-29,Eastern,Cocoa,1.6,0.0,10.31,24.7,158,0.0
9263,2022-12-30,Greater Accra,Maize,7.89,0.0,2.55,24.3,120,0.0
9264,2022-12-30,Greater Accra,Cassava,0.0,0.0,1.26,30.9,68,0.0
9265,2022-12-30,Greater Accra,Cocoa,4.86,263.97,11.41,29.5,304,3011.8977000000004
9266,2022-12-30,Ashanti,Maize,9.88,0.0,2.24,25.6,456,0.0
9267,2022-12-30,Ashanti,Cocoa,2.47,0.0,14.09,32.8,155,0.0
9268,2022-12-30,Northern,Maize,4.92,0.0,2.08,30.7,71,0.0
9269,2022-12-30,Northern,Cassava,5.66,0.0,1.2,33.8,303,0.0
9270,2022-12-30,Northern,Cocoa,7.2,212.72,10.73,28.3,470,2282.4856
9271,2022-12-30,Western,Cassava,4.93,0.0,1.08,27.3,456,0.0
9272,2022-12-30,Western,Cocoa,8.15,0.0,12.81,27.3,285,0.0
9273,2022-12-30,Eastern,Maize,2.55,0.0,2.68,33.1,459,0.0
9274,2022-12-30,Eastern,Cassava,4.36,0.0,1.17,28.2,154,0.0
9275,2022-12-30,Eastern,Cocoa,0.0,0.0,10.71,32.0,458,0.0
9276,2022-12-31,Greater Accra,Maize,0.0,0.0,2.55,31.1,419,0.0
9277,2022-12-31,Greater Accra,Cassava,0.0,0.0,1.05,30.5,324,0.0
9278,2022-12-31,Greater Accra,Cocoa,1.96,0.0,10.42,28.3,73,0.0
9279,2022-12-31,Ashanti,Maize,0.75,0.0,2.68,27.3,333,0.0
9280,2022-12-31,Ashanti,Cassava,3.34,8137.55,1.18,33.3,179,9602.309
9281,2022-12-31,Ashanti,Cocoa,9.67,0.0,13.97,25.3,54,0.0
9282,2022-12-31,Northern,Maize,6.88,0.0,2.61,31.7,55,0.0
9283,2022-12-31,Northern,Cassava,4.54,6954.32,1.31,28.6,315,9110.1592
9284,2022-12-31,Northern,Cocoa,5.25,0.0,12.27,33.7,398,0.0
9285,2022-12-31,Western,Maize,14.99,0.0,2.39,26.9,437,0.0
9286,2022-12-31,Western,Cassava,0.0,0.0,1.23,32.7,426,0.0
9287,2022-12-31,Eastern,Maize,1.33,1116.79,2.1,25.9,67,2345.259
9288,2022-12-31,Eastern,Cassava,4.49,0.0,1.25,29.2,138,0.0
9289,2022-12-31,Eastern,Cocoa,10.74,0.0,12.16,29.3,453,0.0
9290,2023-01-01,Greater Accra,Maize,3.75,1268.31,2.57,28.2,492,3259.5566999999996
9291,2023-01-01,Greater Accra,Cassava,0.0,7575.22,1.05,28.3,201,7953.981000000001
9292,2023-01-01,Greater Accra,Cocoa,0.34,202.55,13.27,31.0,496,2687.8385
9293,2023-01-01,Ashanti,Maize,5.73,0.0,2.64,28.5,237,0.0
9294,2023-01-01,Ashanti,Cassava,10.14,0.0,1.33,25.4,344,0.0
9295,2023-01-01,Northern,Maize,0.0,995.28,2.41,28.1,285,2398.6248
9296,2023-01-01,Northern,Cassava,1.13,0.0,1.06,33.3,226,0.0
9297,2023-01-01,Northern,Cocoa,2.35,208.36,13.45,24.9,237,2802.442
9298,2023-01-01,Western,Maize,2.54,0.0,2.94,29.0,347,0.0
9299,2023-01-01,Western,Cassava,0.6,0.0,1.16,24.1,479,0.0
9300,2023-01-01,Western,Cocoa,7.4,0.0,11.7,33.8,395,0.0
9301,2023-01-01,Eastern,Cassava,0.0,0.0,1.4,28.2,316,0.0
9302,2023-01-01,Eastern,Cocoa,2.66,0.0,12.99,30.6,58,0.0
9303,2023-01-02,Greater Accra,Maize,0.0,0.0,2.3,31.6,253,0.0
9304,2023-01-02,Greater Accra,Cassava,0.0,0.0,1.4,29.9,450,0.0
9305,2023-01-02,Greater Accra,Cocoa,1.27,0.0,12.47,31.3,401,0.0
9306,2023-01-02,Ashanti,Maize,4.24,0.0,2.66,24.8,262,0.0
9307,2023-01-02,Ashanti,Cassava,4.87,0.0,1.23,27.7,335,0.0
9308,2023-01-02,Ashanti,Cocoa,6.48,287.86,12.32,28.6,163,3546.4352000000003
9309,2023-01-02,Northern,Maize,9.59,1307.06,2.71,24.4,472,3542.1326
9310,2023-01-02,Northern,Cassava,0.0,0.0,1.44,24.1,342,0.0
9311,2023-01-02,Northern,Cocoa,4.82,0.0,11.36,32.5,134,0.0
9312,2023-01-02,Western,Maize,7.72,0.0,2.51,25.9,293,0.0
9313,2023-01-02,Western,Cassava,7.77,0.0,1.28,26.5,102,0.0
9314,2023-01-02,Western,Cocoa,6.08,0.0,15.04,29.0,54,0.0
9315,2023-01-02,Eastern,Maize,1.09,0.0,2.59,32.4,373,0.0
9316,2023-01-02,Eastern,Cassava,2.33,9242.83,1.3,28.0,474,12015.679
9317,2023-01-02,Eastern,Cocoa,10.53,311.32,15.4,33.9,486,4794.328
9318,2023-01-03,Greater Accra,Maize,5.15,1705.89,2.15,32.9,110,3667.6635
9319,2023-01-03,Greater Accra,Cocoa,1.45,0.0,14.39,25.2,131,0.0
9320,2023-01-03,Ashanti,Maize,4.62,0.0,2.81,26.8,256,0.0
9321,2023-01-03,Ashanti,Cassava,0.0,10214.91,1.31,25.3,445,13381.5321
9322,2023-01-03,Ashanti,Cocoa,2.55,0.0,12.15,25.7,170,0.0
9323,2023-01-03,Northern,Maize,0.0,0.0,2.85,33.8,378,0.0
9324,2023-01-03,Northern,Cassava,3.66,0.0,1.01,28.7,217,0.0
9325,2023-01-03,Northern,Cocoa,4.76,0.0,13.5,31.3,259,0.0
9326,2023-01-03,Western,Maize,11.26,2663.22,2.26,32.4,125,6018.877199999999
9327,2023-01-03,Western,Cassava,8.76,0.0,1.47,27.8,85,0.0
9328,2023-01-03,Western,Cocoa,9.7,0.0,11.62,32.3,439,0.0
9329,2023-01-03,Eastern,Maize,9.12,0.0,3.07,24.1,308,0.0
9330,2023-01-03,Eastern,Cassava,9.49,0.0,1.33,25.2,394,0.0
9331,2023-01-03,Eastern,Cocoa,6.59,0.0,14.21,29.3,189,0.0
9332,2023-01-04,Greater Accra,Maize,6.97,0.0,2.3,25.3,423,0.0
9333,2023-01-04,Greater Accra,Cocoa,0.0,185.65,11.66,30.7,191,2164.679
9334,2023-01-04,Ashanti,Maize,9.77,1673.65,2.64,25.3,118,4418.436000000001
9335,2023-01-04,Ashanti,Cassava,4.29,0.0,1.27,28.3,381,0.0
9336,2023-01-04,Ashanti,Cocoa,7.25,273.34,11.07,28.2,107,3025.8738
9337,2023-01-04,Northern,Maize,5.08,1302.32,2.63,33.2,90,3425.1015999999995
9338,2023-01-04,Northern,Cassava,0.0,0.0,1.39,33.7,87,0.0
9339,2023-01-04,Northern,Cocoa,4.71,0.0,13.92,30.3,143,0.0
9340,2023-01-04,Western,Maize,7.98,0.0,2.57,29.4,94,0.0
9341,2023-01-04,Western,Cassava,0.0,0.0,1.44,25.1,216,0.0
9342,2023-01-04,Western,Cocoa,2.57,0.0,14.24,33.5,494,0.0
9343,2023-01-04,Eastern,Cassava,3.47,0.0,1.05,29.2,285,0.0
9344,2023-01-05,Greater Accra,Maize,5.93,0.0,2.34,24.4,237,0.0
9345,2023-01-05,Greater Accra,Cassava,4.38,8846.08,1.18,25.9,330,10438.374399999999
9346,2023-01-05,Ashanti,Maize,4.2,1373.83,2.3,31.9,480,3159.8089999999997
9347,2023-01-05,Ashanti,Cassava,0.0,0.0,1.41,32.1,67,0.0
9348,2023-01-05,Ashanti,Cocoa,4.9,299.71,11.13,32.4,426,3335.7723
9349,2023-01-05,Northern,Maize,10.76,0.0,2.82,33.0,318,0.0
9350,2023-01-05,Northern,Cocoa,6.74,0.0,15.05,31.4,488,0.0
9351,2023-01-05,Western,Maize,5.1,0.0,2.21,33.7,285,0.0
9352,2023-01-05,Western,Cassava,12.43,0.0,1.11,26.3,58,0.0
9353,2023-01-05,Eastern,Maize,1.73,1388.42,2.18,30.6,455,3026.7556000000004
9354,2023-01-05,Eastern,Cassava,12.41,0.0,1.14,25.5,149,0.0
9355,2023-01-05,Eastern,Cocoa,0.0,303.6,10.79,31.1,354,3275.844
9356,2023-01-06,Greater Accra,Cassava,2.71,0.0,1.05,27.6,164,0.0
9357,2023-01-06,Greater Accra,Cocoa,2.67,0.0,11.48,32.1,261,0.0
9358,2023-01-06,Ashanti,Maize,6.96,0.0,2.14,28.8,409,0.0
9359,2023-01-06,Ashanti,Cassava,0.09,0.0,1.46,33.5,154,0.0
9360,2023-01-06,Ashanti,Cocoa,5.56,0.0,12.24,27.7,106,0.0
9361,2023-01-06,Northern,Maize,0.0,1274.56,2.15,32.0,351,2740.3039999999996
9362,2023-01-06,Northern,Cassava,1.95,0.0,1.06,32.3,232,0.0
9363,2023-01-06,Northern,Cocoa,0.76,198.43,12.12,25.0,90,2404.9716
9364,2023-01-06,Western,Maize,10.29,0.0,2.46,25.1,54,0.0
9365,2023-01-06,Western,Cocoa,0.72,272.99,12.66,27.6,463,3456.0534000000002
9366,2023-01-06,Eastern,Maize,8.73,1399.17,2.12,32.9,198,2966.2404
9367,2023-01-06,Eastern,Cassava,3.16,0.0,1.14,25.0,321,0.0
9368,2023-01-06,Eastern,Cocoa,5.42,0.0,12.01,31.2,311,0.0
9369,2023-01-07,Greater Accra,Maize,0.0,0.0,2.53,25.5,219,0.0
9370,2023-01-07,Greater Accra,Cassava,2.7,0.0,1.16,24.8,384,0.0
9371,2023-01-07,Greater Accra,Cocoa,3.56,294.08,13.05,25.4,219,3837.744
9372,2023-01-07,Ashanti,Maize,0.32,1151.92,2.66,31.3,482,3064.1072000000004
9373,2023-01-07,Ashanti,Cassava,3.82,0.0,1.19,27.1,128,0.0
9374,2023-01-07,Ashanti,Cocoa,6.52,0.0,13.14,31.2,407,0.0
9375,2023-01-07,Northern,Cassava,2.96,7784.85,1.3,29.1,53,10120.305
9376,2023-01-07,Northern,Cocoa,0.0,271.42,11.83,28.8,107,3210.8986
9377,2023-01-07,Western,Maize,0.0,0.0,2.75,28.0,291,0.0
9378,2023-01-07,Western,Cassava,13.29,8200.67,1.07,30.9,212,8774.716900000001
9379,2023-01-07,Western,Cocoa,9.44,0.0,10.77,31.4,373,0.0
9380,2023-01-07,Eastern,Maize,7.51,0.0,2.32,33.5,470,0.0
9381,2023-01-07,Eastern,Cassava,4.6,0.0,1.28,29.6,431,0.0
9382,2023-01-08,Greater Accra,Cassava,0.0,7026.4,1.06,30.8,141,7447.984
9383,2023-01-08,Greater Accra,Cocoa,7.16,311.81,12.95,33.7,173,4037.9395
9384,2023-01-08,Ashanti,Maize,0.0,0.0,3.04,24.7,363,0.0
9385,2023-01-08,Ashanti,Cassava,1.94,0.0,1.26,25.7,60,0.0
9386,2023-01-08,Ashanti,Cocoa,2.85,218.29,12.93,27.3,104,2822.4896999999996
9387,2023-01-08,Northern,Maize,6.91,1556.5,2.97,33.7,402,4622.805
9388,2023-01-08,Northern,Cassava,0.0,0.0,1.42,29.7,91,0.0
9389,2023-01-08,Northern,Cocoa,4.42,0.0,11.59,33.8,357,0.0
9390,2023-01-08,Western,Maize,0.0,1427.29,2.63,29.5,62,3753.7726999999995
9391,2023-01-08,Western,Cassava,2.69,0.0,1.03,30.3,81,0.0
9392,2023-01-08,Western,Cocoa,0.33,0.0,11.1,25.6,222,0.0
9393,2023-01-08,Eastern,Maize,9.42,0.0,2.29,28.9,462,0.0
9394,2023-01-08,Eastern,Cassava,5.43,0.0,1.39,31.8,107,0.0
9395,2023-01-08,Eastern,Cocoa,0.0,0.0,15.28,30.3,382,0.0
9396,2023-01-09,Greater Accra,Maize,4.9,0.0,2.2,28.5,324,0.0
9397,2023-01-09,Greater Accra,Cassava,10.08,8951.35,1.02,26.6,247,9130.377
9398,2023-01-09,Greater Accra,Cocoa,0.0,192.25,15.26,29.7,465,2933.735
9399,2023-01-09,Ashanti,Maize,7.6,1295.6,2.73,32.3,135,3536.988
9400,2023-01-09,Ashanti,Cassava,8.79,11645.86,1.43,27.3,293,16653.5798
9401,2023-01-09,Ashanti,Cocoa,5.27,0.0,15.45,28.7,443,0.0
9402,2023-01-09,Northern,Maize,2.68,0.0,3.03,30.2,464,0.0
9403,2023-01-09,Northern,Cocoa,3.65,0.0,12.64,24.4,142,0.0
9404,2023-01-09,Western,Maize,11.08,1631.01,3.02,33.7,145,4925.6502
9405,2023-01-09,Western,Cassava,2.05,0.0,1.18,26.2,295,0.0
9406,2023-01-09,Western,Cocoa,10.21,0.0,14.77,33.5,327,0.0
9407,2023-01-09,Eastern,Maize,0.0,992.89,2.85,32.3,100,2829.7365
9408,2023-01-09,Eastern,Cocoa,9.87,360.02,11.29,32.0,110,4064.6257999999993
9409,2023-01-10,Greater Accra,Maize,1.57,0.0,2.83,30.6,490,0.0
9410,2023-01-10,Greater Accra,Cassava,4.66,0.0,1.15,28.2,346,0.0
9411,2023-01-10,Greater Accra,Cocoa,0.0,0.0,14.03,26.0,400,0.0
9412,2023-01-10,Ashanti,Maize,6.77,2236.65,2.41,33.6,396,5390.3265
9413,2023-01-10,Ashanti,Cassava,4.44,0.0,1.16,25.0,255,0.0
9414,2023-01-10,Ashanti,Cocoa,7.15,255.46,13.63,30.5,247,3481.9198
9415,2023-01-10,Northern,Maize,0.0,0.0,2.84,31.2,186,0.0
9416,2023-01-10,Northern,Cocoa,3.03,268.57,11.38,24.5,471,3056.3266000000003
9417,2023-01-10,Western,Maize,0.2,1057.0,2.74,29.3,74,2896.1800000000003
9418,2023-01-10,Western,Cassava,4.61,0.0,1.1,27.0,307,0.0
9419,2023-01-10,Western,Cocoa,2.53,0.0,14.43,31.5,311,0.0
9420,2023-01-10,Eastern,Maize,0.3,1328.94,2.44,26.5,480,3242.6136
9421,2023-01-10,Eastern,Cassava,9.02,8814.17,1.08,24.5,190,9519.303600000001
9422,2023-01-10,Eastern,Cocoa,13.92,0.0,11.99,24.5,211,0.0
9423,2023-01-11,Greater Accra,Maize,3.66,0.0,2.57,29.8,67,0.0
9424,2023-01-11,Greater Accra,Cassava,0.0,0.0,1.35,31.1,351,0.0
9425,2023-01-11,Ashanti,Maize,12.33,0.0,2.4,28.9,467,0.0
9426,2023-01-11,Ashanti,Cassava,4.0,9464.74,1.48,31.4,405,14007.8152
9427,2023-01-11,Ashanti,Cocoa,5.67,0.0,15.11,25.5,252,0.0
9428,2023-01-11,Northern,Maize,5.02,0.0,2.31,26.5,494,0.0
9429,2023-01-11,Northern,Cocoa,4.1,0.0,13.74,25.5,396,0.0
9430,2023-01-11,Western,Maize,4.23,1650.91,2.55,29.3,269,4209.8205
9431,2023-01-11,Western,Cassava,2.76,0.0,1.17,25.3,389,0.0
9432,2023-01-11,Western,Cocoa,4.42,317.86,10.81,33.7,477,3436.0666
9433,2023-01-11,Eastern,Maize,0.79,1516.2,2.64,26.9,286,4002.7680000000005
9434,2023-01-11,Eastern,Cassava,0.0,8476.46,1.24,32.5,373,10510.810399999998
9435,2023-01-11,Eastern,Cocoa,7.06,0.0,11.06,31.7,202,0.0
9436,2023-01-12,Greater Accra,Cassava,7.16,0.0,1.22,26.3,108,0.0
9437,2023-01-12,Greater Accra,Cocoa,5.16,0.0,11.13,26.5,360,0.0
9438,2023-01-12,Ashanti,Maize,6.67,0.0,2.37,28.4,71,0.0
9439,2023-01-12,Ashanti,Cassava,0.0,0.0,1.02,24.0,463,0.0
9440,2023-01-12,Ashanti,Cocoa,9.12,330.42,13.6,33.4,452,4493.712
9441,2023-01-12,Northern,Cassava,0.0,6251.9,1.07,30.3,156,6689.533
9442,2023-01-12,Northern,Cocoa,2.12,0.0,12.41,24.3,160,0.0
9443,2023-01-12,Western,Cassava,5.96,0.0,1.46,29.6,237,0.0
9444,2023-01-12,Western,Cocoa,9.14,423.4,10.6,32.6,205,4488.04
9445,2023-01-12,Eastern,Cassava,2.3,0.0,1.15,33.1,337,0.0
9446,2023-01-12,Eastern,Cocoa,0.0,0.0,13.08,31.0,65,0.0
9447,2023-01-13,Greater Accra,Maize,0.72,0.0,2.13,24.6,124,0.0
9448,2023-01-13,Greater Accra,Cassava,0.0,4731.88,1.45,31.5,277,6861.226
9449,2023-01-13,Ashanti,Maize,4.87,1338.17,2.6,30.8,345,3479.242
9450,2023-01-13,Ashanti,Cassava,5.39,0.0,1.31,30.5,232,0.0
9451,2023-01-13,Ashanti,Cocoa,3.3,0.0,10.95,33.2,308,0.0
9452,2023-01-13,Northern,Maize,3.23,0.0,2.58,28.9,401,0.0
9453,2023-01-13,Northern,Cassava,0.0,0.0,1.27,24.6,59,0.0
9454,2023-01-13,Northern,Cocoa,9.78,0.0,11.11,28.3,472,0.0
9455,2023-01-13,Western,Maize,0.0,0.0,2.2,25.0,464,0.0
9456,2023-01-13,Western,Cassava,2.82,0.0,1.44,28.6,497,0.0
9457,2023-01-13,Western,Cocoa,0.0,0.0,14.91,28.9,145,0.0
9458,2023-01-13,Eastern,Cassava,7.61,0.0,1.35,25.7,212,0.0
9459,2023-01-13,Eastern,Cocoa,3.15,0.0,13.73,25.0,101,0.0
9460,2023-01-14,Greater Accra,Maize,6.24,0.0,2.42,27.9,325,0.0
9461,2023-01-14,Greater Accra,Cassava,0.0,0.0,1.21,32.3,468,0.0
9462,2023-01-14,Greater Accra,Cocoa,0.0,0.0,11.17,30.2,410,0.0
9463,2023-01-14,Ashanti,Maize,7.72,0.0,2.21,28.2,231,0.0
9464,2023-01-14,Ashanti,Cassava,6.02,7515.23,1.25,25.0,303,9394.037499999999
9465,2023-01-14,Ashanti,Cocoa,0.0,0.0,12.45,26.7,466,0.0
9466,2023-01-14,Northern,Cassava,10.06,8587.53,1.05,29.1,389,9016.906500000001
9467,2023-01-14,Northern,Cocoa,1.1,0.0,13.94,28.8,410,0.0
9468,2023-01-14,Western,Maize,11.42,1937.68,2.34,29.4,166,4534.1712
9469,2023-01-14,Western,Cassava,8.2,11221.15,1.02,25.4,171,11445.573
9470,2023-01-14,Western,Cocoa,0.0,242.45,11.88,26.6,418,2880.306
9471,2023-01-14,Eastern,Maize,9.7,0.0,2.44,33.7,333,0.0
9472,2023-01-14,Eastern,Cassava,6.4,0.0,1.45,32.0,356,0.0
9473,2023-01-15,Greater Accra,Maize,5.58,0.0,2.98,33.8,60,0.0
9474,2023-01-15,Greater Accra,Cassava,6.34,0.0,1.47,25.7,394,0.0
9475,2023-01-15,Ashanti,Cassava,7.32,0.0,1.26,31.4,416,0.0
9476,2023-01-15,Ashanti,Cocoa,7.75,292.75,13.07,27.4,77,3826.2425000000003
9477,2023-01-15,Northern,Cassava,0.55,0.0,1.31,24.4,228,0.0
9478,2023-01-15,Northern,Cocoa,3.76,275.64,10.98,29.2,110,3026.5272
9479,2023-01-15,Western,Maize,0.0,0.0,2.35,32.3,208,0.0
9480,2023-01-15,Western,Cassava,0.0,0.0,1.15,30.5,383,0.0
9481,2023-01-15,Western,Cocoa,7.71,0.0,13.07,28.9,242,0.0
9482,2023-01-15,Eastern,Maize,7.67,1588.47,2.7,32.2,440,4288.869000000001
9483,2023-01-15,Eastern,Cassava,4.36,0.0,1.14,29.8,479,0.0
9484,2023-01-15,Eastern,Cocoa,3.62,0.0,14.27,29.7,220,0.0
9485,2023-01-16,Greater Accra,Maize,2.21,0.0,2.19,26.2,205,0.0
9486,2023-01-16,Greater Accra,Cassava,0.0,0.0,1.11,24.9,356,0.0
9487,2023-01-16,Greater Accra,Cocoa,9.35,209.08,12.36,29.4,85,2584.2288
9488,2023-01-16,Ashanti,Maize,7.31,1425.73,2.35,33.4,348,3350.4655000000002
9489,2023-01-16,Ashanti,Cocoa,6.91,0.0,14.85,24.6,180,0.0
9490,2023-01-16,Western,Maize,8.52,2314.67,2.98,33.2,236,6897.7166
9491,2023-01-16,Western,Cocoa,11.25,0.0,11.12,33.3,228,0.0
9492,2023-01-16,Eastern,Maize,7.31,1926.51,2.71,32.6,452,5220.8421
9493,2023-01-16,Eastern,Cocoa,0.31,181.62,12.99,30.8,154,2359.2438
9494,2023-01-17,Greater Accra,Maize,5.4,1462.16,2.37,24.2,267,3465.3192000000004
9495,2023-01-17,Greater Accra,Cassava,0.83,0.0,1.03,29.8,147,0.0
9496,2023-01-17,Greater Accra,Cocoa,3.62,0.0,13.4,29.4,141,0.0
9497,2023-01-17,Ashanti,Maize,14.69,0.0,2.29,31.3,404,0.0
9498,2023-01-17,Ashanti,Cassava,0.0,0.0,1.25,33.6,194,0.0
9499,2023-01-17,Northern,Maize,1.3,0.0,2.94,30.1,240,0.0
9500,2023-01-17,Northern,Cassava,1.09,7805.75,1.21,24.2,307,9444.9575
9501,2023-01-17,Northern,Cocoa,0.0,0.0,12.54,30.0,149,0.0
9502,2023-01-17,Western,Cassava,8.68,0.0,1.05,24.6,484,0.0
9503,2023-01-17,Western,Cocoa,4.24,0.0,12.12,33.8,311,0.0
9504,2023-01-17,Eastern,Maize,2.18,0.0,2.17,27.3,455,0.0
9505,2023-01-17,Eastern,Cassava,6.32,0.0,1.37,31.9,263,0.0
9506,2023-01-17,Eastern,Cocoa,2.8,327.61,15.0,30.1,456,4914.150000000001
9507,2023-01-18,Greater Accra,Maize,5.57,0.0,2.6,26.8,431,0.0
9508,2023-01-18,Greater Accra,Cassava,1.39,0.0,1.06,29.5,351,0.0
9509,2023-01-18,Ashanti,Cassava,6.89,0.0,1.3,25.7,177,0.0
9510,2023-01-18,Ashanti,Cocoa,5.67,0.0,13.3,30.2,451,0.0
9511,2023-01-18,Northern,Maize,8.12,0.0,2.3,25.9,465,0.0
9512,2023-01-18,Northern,Cocoa,10.95,0.0,15.11,29.3,99,0.0
9513,2023-01-18,Western,Maize,11.12,0.0,2.57,33.9,404,0.0
9514,2023-01-18,Western,Cassava,2.76,0.0,1.18,31.7,281,0.0
9515,2023-01-18,Western,Cocoa,11.83,301.37,15.42,27.7,452,4647.1254
9516,2023-01-18,Eastern,Maize,0.0,0.0,3.09,31.0,324,0.0
9517,2023-01-18,Eastern,Cassava,4.85,7280.65,1.33,33.2,425,9683.2645
9518,2023-01-18,Eastern,Cocoa,1.71,0.0,12.99,33.6,272,0.0
9519,2023-01-19,Greater Accra,Maize,4.36,0.0,2.94,25.9,440,0.0
9520,2023-01-19,Greater Accra,Cassava,4.71,0.0,1.38,27.2,430,0.0
9521,2023-01-19,Greater Accra,Cocoa,3.17,0.0,12.59,24.1,396,0.0
9522,2023-01-19,Ashanti,Maize,2.87,0.0,3.06,33.7,499,0.0
9523,2023-01-19,Ashanti,Cassava,10.53,13380.74,1.02,30.5,66,13648.3548
9524,2023-01-19,Ashanti,Cocoa,5.9,0.0,14.45,25.0,467,0.0
9525,2023-01-19,Northern,Maize,4.62,0.0,2.31,24.9,267,0.0
9526,2023-01-19,Northern,Cassava,0.73,0.0,1.36,32.7,391,0.0
9527,2023-01-19,Western,Maize,9.11,0.0,3.05,24.8,74,0.0
9528,2023-01-19,Western,Cassava,6.5,0.0,1.45,28.4,112,0.0
9529,2023-01-19,Western,Cocoa,8.91,0.0,14.91,29.8,241,0.0
9530,2023-01-19,Eastern,Maize,1.92,0.0,3.03,26.7,476,0.0
9531,2023-01-19,Eastern,Cassava,2.58,0.0,1.43,24.7,175,0.0
9532,2023-01-19,Eastern,Cocoa,6.88,283.79,14.37,33.5,488,4078.0623
9533,2023-01-20,Greater Accra,Maize,0.38,0.0,2.39,27.7,375,0.0
9534,2023-01-20,Greater Accra,Cassava,0.0,0.0,1.04,32.9,379,0.0
9535,2023-01-20,Greater Accra,Cocoa,5.35,0.0,14.04,27.1,225,0.0
9536,2023-01-20,Ashanti,Maize,0.57,1757.69,3.02,26.1,287,5308.2238
9537,2023-01-20,Ashanti,Cassava,1.52,0.0,1.11,25.8,129,0.0
9538,2023-01-20,Ashanti,Cocoa,2.54,260.84,15.07,30.3,356,3930.8587999999995
9539,2023-01-20,Northern,Maize,0.0,1227.6,2.96,24.8,218,3633.696
9540,2023-01-20,Northern,Cocoa,4.15,0.0,13.76,31.7,102,0.0
9541,2023-01-20,Western,Maize,0.73,1215.05,2.72,33.0,119,3304.936
9542,2023-01-20,Eastern,Maize,6.0,1599.27,3.03,30.5,202,4845.7881
9543,2023-01-20,Eastern,Cassava,5.16,8929.75,1.33,24.7,76,11876.567500000001
9544,2023-01-20,Eastern,Cocoa,1.0,0.0,14.52,27.0,293,0.0
9545,2023-01-21,Greater Accra,Maize,3.39,1243.55,3.03,25.3,195,3767.9565
9546,2023-01-21,Greater Accra,Cassava,8.79,0.0,1.06,31.7,318,0.0
9547,2023-01-21,Greater Accra,Cocoa,7.8,0.0,14.39,32.0,459,0.0
9548,2023-01-21,Ashanti,Cassava,7.45,0.0,1.07,29.0,356,0.0
9549,2023-01-21,Ashanti,Cocoa,8.38,0.0,15.2,31.2,488,0.0
9550,2023-01-21,Northern,Maize,6.54,1576.68,2.72,24.5,284,4288.569600000001
9551,2023-01-21,Northern,Cassava,0.77,8018.48,1.46,33.0,353,11706.9808
9552,2023-01-21,Northern,Cocoa,2.2,0.0,11.37,32.5,263,0.0
9553,2023-01-21,Western,Cassava,13.01,9552.58,1.24,32.8,384,11845.1992
9554,2023-01-21,Western,Cocoa,2.41,229.28,13.29,27.1,96,3047.1312
9555,2023-01-21,Eastern,Maize,7.25,0.0,3.09,31.5,421,0.0
9556,2023-01-22,Greater Accra,Maize,0.0,0.0,3.07,26.7,261,0.0
9557,2023-01-22,Greater Accra,Cassava,0.0,0.0,1.25,27.9,239,0.0
9558,2023-01-22,Greater Accra,Cocoa,0.0,0.0,13.28,30.2,111,0.0
9559,2023-01-22,Ashanti,Maize,1.45,1762.33,2.69,24.9,70,4740.6677
9560,2023-01-22,Ashanti,Cassava,0.0,0.0,1.44,28.0,91,0.0
9561,2023-01-22,Ashanti,Cocoa,6.14,312.24,10.93,30.3,223,3412.7832
9562,2023-01-22,Northern,Cassava,4.34,0.0,1.28,28.0,56,0.0
9563,2023-01-22,Northern,Cocoa,1.73,201.87,12.23,30.5,415,2468.8701
9564,2023-01-22,Western,Cassava,5.13,8726.74,1.39,32.7,61,12130.168599999999
9565,2023-01-22,Western,Cocoa,0.0,0.0,14.94,25.0,448,0.0
9566,2023-01-22,Eastern,Maize,0.0,1525.22,2.98,24.7,429,4545.1556
9567,2023-01-22,Eastern,Cassava,5.18,0.0,1.07,29.9,385,0.0
9568,2023-01-22,Eastern,Cocoa,11.25,0.0,12.78,24.4,208,0.0
9569,2023-01-23,Greater Accra,Maize,5.9,0.0,2.97,24.0,98,0.0
9570,2023-01-23,Greater Accra,Cassava,0.0,0.0,1.26,24.4,153,0.0
9571,2023-01-23,Greater Accra,Cocoa,12.63,0.0,11.41,33.9,150,0.0
9572,2023-01-23,Ashanti,Cassava,0.6,0.0,1.47,25.6,410,0.0
9573,2023-01-23,Ashanti,Cocoa,3.59,0.0,12.81,26.9,366,0.0
9574,2023-01-23,Northern,Maize,3.22,0.0,2.74,31.3,133,0.0
9575,2023-01-23,Northern,Cassava,3.1,0.0,1.41,31.9,197,0.0
9576,2023-01-23,Northern,Cocoa,11.9,0.0,10.7,26.3,228,0.0
9577,2023-01-23,Western,Maize,7.33,0.0,2.75,24.2,318,0.0
9578,2023-01-23,Western,Cassava,1.48,6653.86,1.02,29.3,482,6786.937199999999
9579,2023-01-23,Western,Cocoa,6.46,308.92,11.76,31.0,257,3632.8992000000003
9580,2023-01-23,Eastern,Maize,7.29,0.0,3.06,27.4,371,0.0
9581,2023-01-23,Eastern,Cassava,6.69,0.0,1.43,28.4,239,0.0
9582,2023-01-24,Greater Accra,Maize,5.1,0.0,2.31,32.4,378,0.0
9583,2023-01-24,Greater Accra,Cassava,0.0,0.0,1.05,29.7,248,0.0
9584,2023-01-24,Greater Accra,Cocoa,0.79,180.34,14.46,24.6,143,2607.7164000000002
9585,2023-01-24,Ashanti,Maize,5.89,0.0,2.29,30.1,296,0.0
9586,2023-01-24,Ashanti,Cassava,3.21,0.0,1.03,24.0,354,0.0
9587,2023-01-24,Northern,Maize,0.0,0.0,2.85,24.7,462,0.0
9588,2023-01-24,Northern,Cassava,2.55,5758.49,1.32,30.0,248,7601.2068
9589,2023-01-24,Northern,Cocoa,5.51,0.0,15.33,28.2,432,0.0
9590,2023-01-24,Western,Maize,12.94,0.0,2.99,32.4,212,0.0
9591,2023-01-24,Western,Cocoa,6.79,0.0,14.84,25.6,243,0.0
9592,2023-01-24,Eastern,Maize,4.46,0.0,3.02,31.5,163,0.0
9593,2023-01-24,Eastern,Cassava,6.86,8372.9,1.04,32.8,135,8707.816
9594,2023-01-24,Eastern,Cocoa,0.0,0.0,14.61,30.8,188,0.0
9595,2023-01-25,Greater Accra,Maize,3.37,0.0,2.93,27.7,120,0.0
9596,2023-01-25,Greater Accra,Cocoa,0.28,243.85,12.1,27.3,267,2950.585
9597,2023-01-25,Ashanti,Maize,0.0,0.0,2.71,28.6,469,0.0
9598,2023-01-25,Ashanti,Cassava,7.23,0.0,1.33,32.6,72,0.0
9599,2023-01-25,Ashanti,Cocoa,1.83,0.0,13.32,31.5,422,0.0
9600,2023-01-25,Northern,Maize,7.94,0.0,3.09,29.0,62,0.0
9601,2023-01-25,Northern,Cassava,0.0,8137.87,1.17,26.6,221,9521.3079
9602,2023-01-25,Northern,Cocoa,2.3,0.0,11.93,28.7,425,0.0
9603,2023-01-25,Western,Maize,6.91,0.0,2.22,28.1,260,0.0
9604,2023-01-25,Western,Cassava,0.0,0.0,1.45,25.5,61,0.0
9605,2023-01-25,Western,Cocoa,3.54,0.0,11.67,27.4,473,0.0
9606,2023-01-25,Eastern,Maize,1.12,1683.33,2.38,24.7,267,4006.3253999999997
9607,2023-01-25,Eastern,Cassava,10.4,0.0,1.19,27.3,290,0.0
9608,2023-01-25,Eastern,Cocoa,7.84,309.67,14.67,26.7,429,4542.8589
9609,2023-01-26,Greater Accra,Maize,4.36,0.0,2.59,32.2,315,0.0
9610,2023-01-26,Greater Accra,Cocoa,0.0,0.0,13.55,31.2,163,0.0
9611,2023-01-26,Ashanti,Cassava,4.01,0.0,1.04,28.7,346,0.0
9612,2023-01-26,Ashanti,Cocoa,14.09,0.0,14.74,32.0,62,0.0
9613,2023-01-26,Northern,Maize,0.0,0.0,0.0,25.2,283,0.0
9614,2023-01-26,Northern,Cassava,0.0,8002.02,1.22,29.7,96,9762.4644
9615,2023-01-26,Western,Maize,7.66,0.0,2.65,28.8,51,0.0
9616,2023-01-26,Western,Cassava,6.78,8936.58,1.48,33.5,306,13226.1384
9617,2023-01-26,Western,Cocoa,11.19,398.94,10.66,31.9,94,4252.7004
9618,2023-01-26,Eastern,Maize,8.46,1628.21,2.42,30.9,396,3940.2682
9619,2023-01-26,Eastern,Cassava,0.0,0.0,1.29,33.1,238,0.0
9620,2023-01-27,Greater Accra,Maize,7.62,0.0,2.83,25.3,134,0.0
9621,2023-01-27,Greater Accra,Cocoa,2.48,0.0,11.38,28.2,325,0.0
9622,2023-01-27,Ashanti,Maize,0.41,0.0,3.02,31.8,113,0.0
9623,2023-01-27,Ashanti,Cocoa,7.12,0.0,12.35,31.4,293,0.0
9624,2023-01-27,Northern,Cassava,0.0,0.0,1.34,28.5,186,0.0
9625,2023-01-27,Western,Maize,2.54,1435.43,2.82,29.5,205,4047.9126
9626,2023-01-27,Western,Cassava,10.76,0.0,1.23,32.5,256,0.0
9627,2023-01-27,Western,Cocoa,2.67,0.0,13.72,25.6,299,0.0
9628,2023-01-27,Eastern,Cassava,0.0,0.0,1.38,27.1,218,0.0
9629,2023-01-28,Greater Accra,Maize,3.22,0.0,2.88,27.3,484,0.0
9630,2023-01-28,Greater Accra,Cassava,0.0,0.0,1.3,31.8,421,0.0
9631,2023-01-28,Greater Accra,Cocoa,5.64,0.0,12.76,26.8,63,0.0
9632,2023-01-28,Ashanti,Maize,2.22,0.0,2.24,29.8,329,0.0
9633,2023-01-28,Ashanti,Cassava,8.21,0.0,1.14,30.8,243,0.0
9634,2023-01-28,Ashanti,Cocoa,8.47,0.0,15.13,30.9,283,0.0
9635,2023-01-28,Northern,Maize,2.94,0.0,2.43,29.3,321,0.0
9636,2023-01-28,Northern,Cassava,4.94,0.0,1.28,30.0,340,0.0
9637,2023-01-28,Western,Maize,0.0,0.0,2.48,26.4,192,0.0
9638,2023-01-28,Western,Cassava,3.96,0.0,1.13,30.1,75,0.0
9639,2023-01-28,Western,Cocoa,9.96,403.14,13.11,32.1,477,5285.1654
9640,2023-01-28,Eastern,Maize,4.64,0.0,3.08,28.1,169,0.0
9641,2023-01-28,Eastern,Cassava,11.27,0.0,1.16,32.8,119,0.0
9642,2023-01-28,Eastern,Cocoa,12.42,0.0,13.62,29.0,321,0.0
9643,2023-01-29,Greater Accra,Cassava,9.52,9431.22,1.33,29.9,218,12543.5226
9644,2023-01-29,Ashanti,Maize,4.16,2015.44,2.53,25.0,110,5099.0632
9645,2023-01-29,Ashanti,Cassava,5.63,0.0,1.06,31.8,137,0.0
9646,2023-01-29,Ashanti,Cocoa,8.69,0.0,11.4,27.9,409,0.0
9647,2023-01-29,Northern,Maize,1.17,0.0,2.25,32.3,375,0.0
9648,2023-01-29,Northern,Cassava,3.39,6133.95,1.36,30.8,439,8342.172
9649,2023-01-29,Western,Maize,0.0,0.0,2.29,27.2,53,0.0
9650,2023-01-29,Western,Cassava,5.05,0.0,1.04,33.7,442,0.0
9651,2023-01-29,Eastern,Maize,2.19,0.0,2.66,32.3,79,0.0
9652,2023-01-29,Eastern,Cassava,0.47,0.0,1.43,24.8,118,0.0
9653,2023-01-29,Eastern,Cocoa,1.35,0.0,11.9,33.6,89,0.0
9654,2023-01-30,Greater Accra,Maize,3.47,0.0,2.33,25.7,280,0.0
9655,2023-01-30,Greater Accra,Cassava,6.14,0.0,1.48,29.4,226,0.0
9656,2023-01-30,Greater Accra,Cocoa,3.22,0.0,11.29,26.7,321,0.0
9657,2023-01-30,Ashanti,Maize,5.46,0.0,3.03,27.0,444,0.0
9658,2023-01-30,Ashanti,Cassava,4.72,6492.19,1.42,24.7,90,9218.9098
9659,2023-01-30,Ashanti,Cocoa,9.74,0.0,11.22,25.3,372,0.0
9660,2023-01-30,Northern,Maize,7.02,1670.58,3.0,30.4,336,5011.74
9661,2023-01-30,Northern,Cassava,0.79,0.0,1.4,25.8,410,0.0
9662,2023-01-30,Northern,Cocoa,6.16,0.0,12.69,33.0,431,0.0
9663,2023-01-30,Western,Maize,0.0,1373.55,2.95,25.0,206,4051.9725000000003
9664,2023-01-30,Western,Cassava,9.6,11704.2,1.01,28.5,103,11821.242
9665,2023-01-30,Western,Cocoa,16.31,0.0,11.88,25.4,434,0.0
9666,2023-01-30,Eastern,Cassava,3.12,0.0,1.42,24.8,480,0.0
9667,2023-01-31,Greater Accra,Cassava,0.0,0.0,1.05,26.1,239,0.0
9668,2023-01-31,Greater Accra,Cocoa,1.49,0.0,14.9,25.3,110,0.0
9669,2023-01-31,Ashanti,Maize,0.35,1714.93,3.06,30.9,284,5247.6858
9670,2023-01-31,Ashanti,Cassava,2.87,11294.34,1.33,27.2,341,15021.4722
9671,2023-01-31,Ashanti,Cocoa,0.0,305.38,11.04,24.9,318,3371.3951999999995
9672,2023-01-31,Northern,Maize,0.0,0.0,2.57,32.1,383,0.0
9673,2023-01-31,Northern,Cassava,0.08,0.0,1.28,29.3,211,0.0
9674,2023-01-31,Northern,Cocoa,0.0,0.0,15.47,32.8,50,0.0
9675,2023-01-31,Western,Maize,9.85,0.0,2.23,26.2,146,0.0
9676,2023-01-31,Western,Cassava,0.53,0.0,1.2,26.2,165,0.0
9677,2023-01-31,Western,Cocoa,4.33,342.22,11.64,30.8,77,3983.4408000000003
9678,2023-01-31,Eastern,Maize,3.93,0.0,2.62,27.9,82,0.0
9679,2023-01-31,Eastern,Cocoa,12.87,0.0,13.84,32.6,399,0.0
9680,2023-02-01,Greater Accra,Maize,5.94,1269.05,2.51,27.1,316,3185.3154999999997
9681,2023-02-01,Greater Accra,Cassava,3.22,0.0,1.16,28.3,77,0.0
9682,2023-02-01,Ashanti,Maize,6.19,1958.71,3.04,25.0,51,5954.4784
9683,2023-02-01,Ashanti,Cassava,8.15,11043.17,1.25,27.6,439,13803.9625
9684,2023-02-01,Ashanti,Cocoa,5.58,0.0,12.42,32.6,166,0.0
9685,2023-02-01,Northern,Maize,5.72,0.0,2.31,26.5,314,0.0
9686,2023-02-01,Northern,Cassava,0.0,0.0,1.48,32.3,270,0.0
9687,2023-02-01,Northern,Cocoa,0.0,0.0,14.21,27.8,274,0.0
9688,2023-02-01,Western,Maize,4.04,0.0,2.12,31.7,483,0.0
9689,2023-02-01,Western,Cassava,5.36,0.0,1.36,25.7,171,0.0
9690,2023-02-01,Western,Cocoa,1.98,0.0,14.02,33.5,313,0.0
9691,2023-02-01,Eastern,Maize,6.21,0.0,2.24,29.8,254,0.0
9692,2023-02-01,Eastern,Cassava,5.74,6839.26,1.03,31.7,473,7044.437800000001
9693,2023-02-01,Eastern,Cocoa,2.9,0.0,12.62,24.3,238,0.0
9694,2023-02-02,Greater Accra,Maize,4.44,0.0,2.86,28.3,57,0.0
9695,2023-02-02,Greater Accra,Cassava,4.18,0.0,1.24,25.6,204,0.0
9696,2023-02-02,Greater Accra,Cocoa,0.0,289.84,15.24,26.3,446,4417.161599999999
9697,2023-02-02,Ashanti,Maize,8.45,0.0,2.9,30.2,212,0.0
9698,2023-02-02,Ashanti,Cassava,0.0,0.0,1.31,25.3,388,0.0
9699,2023-02-02,Ashanti,Cocoa,5.55,0.0,0.0,25.9,183,0.0
9700,2023-02-02,Northern,Cassava,5.23,0.0,1.28,26.1,91,0.0
9701,2023-02-02,Northern,Cocoa,0.0,263.32,14.82,32.3,440,3902.4024
9702,2023-02-02,Western,Maize,11.79,0.0,2.88,32.5,313,0.0
9703,2023-02-02,Western,Cassava,8.75,0.0,1.3,30.1,196,0.0
9704,2023-02-02,Western,Cocoa,4.26,0.0,14.55,27.0,175,0.0
9705,2023-02-02,Eastern,Maize,0.0,0.0,2.94,24.6,406,0.0
9706,2023-02-02,Eastern,Cassava,9.17,0.0,1.34,24.7,103,0.0
9707,2023-02-02,Eastern,Cocoa,1.92,0.0,12.02,24.7,423,0.0
9708,2023-02-03,Greater Accra,Maize,0.15,0.0,2.21,28.3,207,0.0
9709,2023-02-03,Greater Accra,Cassava,6.38,0.0,1.06,27.4,174,0.0
9710,2023-02-03,Ashanti,Maize,8.76,0.0,2.73,33.2,438,0.0
9711,2023-02-03,Ashanti,Cassava,6.2,0.0,1.17,25.1,346,0.0
9712,2023-02-03,Northern,Maize,0.0,0.0,2.87,26.4,290,0.0
9713,2023-02-03,Northern,Cassava,0.0,6133.71,1.33,25.6,478,8157.8343
9714,2023-02-03,Northern,Cocoa,5.98,0.0,12.86,33.5,239,0.0
9715,2023-02-03,Western,Maize,12.68,0.0,2.9,27.3,113,0.0
9716,2023-02-03,Western,Cassava,0.0,0.0,1.4,24.2,226,0.0
9717,2023-02-03,Western,Cocoa,4.78,0.0,11.78,29.2,296,0.0
9718,2023-02-03,Eastern,Maize,10.44,0.0,2.87,24.1,329,0.0
9719,2023-02-03,Eastern,Cassava,0.0,0.0,1.15,29.6,480,0.0
9720,2023-02-03,Eastern,Cocoa,8.69,0.0,15.42,32.8,54,0.0
9721,2023-02-04,Greater Accra,Maize,0.05,0.0,2.22,31.0,85,0.0
9722,2023-02-04,Greater Accra,Cassava,2.11,0.0,1.46,28.5,428,0.0
9723,2023-02-04,Greater Accra,Cocoa,3.63,0.0,14.27,33.5,67,0.0
9724,2023-02-04,Ashanti,Maize,9.41,0.0,2.86,30.3,81,0.0
9725,2023-02-04,Ashanti,Cassava,1.11,0.0,1.46,30.5,174,0.0
9726,2023-02-04,Ashanti,Cocoa,0.0,0.0,10.84,30.7,110,0.0
9727,2023-02-04,Northern,Maize,4.81,0.0,2.95,32.0,252,0.0
9728,2023-02-04,Northern,Cassava,3.01,0.0,1.45,33.3,176,0.0
9729,2023-02-04,Northern,Cocoa,1.37,0.0,14.5,25.6,419,0.0
9730,2023-02-04,Western,Maize,0.0,1177.73,2.46,29.3,301,2897.2158
9731,2023-02-04,Western,Cassava,16.21,0.0,1.39,24.5,309,0.0
9732,2023-02-04,Western,Cocoa,3.31,366.64,15.22,30.0,440,5580.2608
9733,2023-02-04,Eastern,Maize,1.38,0.0,2.52,27.0,139,0.0
9734,2023-02-04,Eastern,Cassava,0.61,5713.49,1.3,28.7,221,7427.537
9735,2023-02-05,Greater Accra,Maize,0.8,0.0,2.15,33.1,482,0.0
9736,2023-02-05,Ashanti,Cassava,8.16,11577.34,1.1,33.9,205,12735.074
9737,2023-02-05,Ashanti,Cocoa,7.42,0.0,10.87,33.8,200,0.0
9738,2023-02-05,Northern,Maize,0.0,0.0,2.53,25.6,346,0.0
9739,2023-02-05,Northern,Cassava,0.0,0.0,1.4,25.6,184,0.0
9740,2023-02-05,Northern,Cocoa,4.36,0.0,15.48,32.0,294,0.0
9741,2023-02-05,Western,Maize,11.36,0.0,2.26,24.7,261,0.0
9742,2023-02-05,Western,Cassava,14.56,0.0,1.47,32.6,459,0.0
9743,2023-02-05,Western,Cocoa,6.24,0.0,11.32,29.6,381,0.0
9744,2023-02-05,Eastern,Maize,10.37,1876.82,2.88,27.9,466,5405.241599999999
9745,2023-02-05,Eastern,Cassava,0.0,0.0,1.04,24.5,304,0.0
9746,2023-02-05,Eastern,Cocoa,0.83,313.52,13.49,31.5,382,4229.3848
9747,2023-02-06,Greater Accra,Maize,5.29,0.0,2.43,26.5,76,0.0
9748,2023-02-06,Greater Accra,Cassava,6.62,0.0,1.34,24.5,128,0.0
9749,2023-02-06,Ashanti,Maize,3.15,1114.56,2.83,30.1,334,3154.2048
9750,2023-02-06,Ashanti,Cassava,7.94,0.0,1.25,33.9,263,0.0
9751,2023-02-06,Ashanti,Cocoa,9.58,403.93,14.61,29.7,499,5901.4173
9752,2023-02-06,Northern,Maize,0.71,1406.46,2.22,33.8,144,3122.3412000000003
9753,2023-02-06,Northern,Cassava,4.16,0.0,1.49,27.9,428,0.0
9754,2023-02-06,Northern,Cocoa,2.99,0.0,13.84,31.7,273,0.0
9755,2023-02-06,Western,Maize,1.31,0.0,2.67,27.7,330,0.0
9756,2023-02-06,Western,Cocoa,2.65,360.64,12.52,28.3,350,4515.212799999999
9757,2023-02-06,Eastern,Maize,0.0,1442.56,2.13,27.9,290,3072.6528
9758,2023-02-06,Eastern,Cassava,0.58,0.0,1.27,33.7,267,0.0
9759,2023-02-06,Eastern,Cocoa,7.74,224.49,10.73,31.2,283,2408.7777
9760,2023-02-07,Greater Accra,Maize,10.1,0.0,2.91,32.9,296,0.0
9761,2023-02-07,Greater Accra,Cassava,1.35,5072.36,1.23,28.4,128,6239.002799999999
9762,2023-02-07,Greater Accra,Cocoa,4.44,0.0,13.84,28.3,199,0.0
9763,2023-02-07,Ashanti,Maize,4.21,0.0,3.0,26.6,217,0.0
9764,2023-02-07,Ashanti,Cocoa,10.84,0.0,11.53,31.0,272,0.0
9765,2023-02-07,Northern,Cassava,0.0,0.0,1.27,29.9,210,0.0
9766,2023-02-07,Northern,Cocoa,0.16,269.09,12.3,32.0,60,3309.807
9767,2023-02-07,Western,Maize,7.05,0.0,2.13,32.1,151,0.0
9768,2023-02-07,Western,Cassava,2.67,0.0,1.1,33.1,104,0.0
9769,2023-02-07,Western,Cocoa,14.4,451.97,14.82,30.1,498,6698.1954000000005
9770,2023-02-07,Eastern,Maize,8.98,1733.21,2.95,28.9,345,5112.9695
9771,2023-02-07,Eastern,Cassava,2.99,0.0,1.44,29.2,185,0.0
9772,2023-02-07,Eastern,Cocoa,2.62,265.57,11.98,24.8,273,3181.5286
9773,2023-02-08,Greater Accra,Maize,3.36,1617.44,2.84,31.6,488,4593.5296
9774,2023-02-08,Greater Accra,Cocoa,4.9,0.0,13.26,25.6,124,0.0
9775,2023-02-08,Ashanti,Maize,0.0,0.0,2.43,33.1,239,0.0
9776,2023-02-08,Ashanti,Cassava,5.3,11268.28,1.31,33.4,387,14761.446800000002
9777,2023-02-08,Ashanti,Cocoa,1.23,0.0,11.34,31.8,214,0.0
9778,2023-02-08,Northern,Maize,10.43,0.0,2.8,25.7,155,0.0
9779,2023-02-08,Northern,Cassava,1.45,4831.22,1.46,30.5,90,7053.5812000000005
9780,2023-02-08,Northern,Cocoa,3.89,221.33,10.87,32.5,415,2405.8571
9781,2023-02-08,Western,Maize,8.41,0.0,2.64,31.5,260,0.0
9782,2023-02-08,Western,Cassava,8.89,0.0,0.0,31.3,397,0.0
9783,2023-02-08,Western,Cocoa,8.9,420.71,12.38,28.7,187,5208.3898
9784,2023-02-08,Eastern,Cassava,4.42,0.0,1.06,33.5,165,0.0
9785,2023-02-08,Eastern,Cocoa,2.18,0.0,11.93,32.4,395,0.0
9786,2023-02-09,Greater Accra,Maize,0.0,0.0,2.92,24.4,149,0.0
9787,2023-02-09,Greater Accra,Cassava,6.23,0.0,1.15,27.6,309,0.0
9788,2023-02-09,Greater Accra,Cocoa,0.0,0.0,14.13,24.1,359,0.0
9789,2023-02-09,Ashanti,Maize,4.29,1792.46,3.0,25.9,111,5377.38
9790,2023-02-09,Ashanti,Cocoa,2.54,275.53,13.35,25.6,52,3678.3254999999995
9791,2023-02-09,Northern,Maize,3.26,0.0,2.77,33.2,352,0.0
9792,2023-02-09,Northern,Cocoa,3.69,0.0,13.28,28.6,267,0.0
9793,2023-02-09,Western,Maize,7.52,0.0,2.4,26.2,465,0.0
9794,2023-02-09,Western,Cocoa,6.46,0.0,12.71,32.4,246,0.0
9795,2023-02-09,Eastern,Cassava,2.92,9074.04,1.4,32.8,240,12703.656
9796,2023-02-09,Eastern,Cocoa,8.88,257.13,14.6,29.8,326,3754.098
9797,2023-02-10,Greater Accra,Maize,0.25,927.33,2.39,30.1,433,2216.3187000000003
9798,2023-02-10,Greater Accra,Cassava,2.75,0.0,1.19,32.9,52,0.0
9799,2023-02-10,Greater Accra,Cocoa,5.01,0.0,12.85,30.3,369,0.0
9800,2023-02-10,Ashanti,Maize,13.16,0.0,3.06,27.0,240,0.0
9801,2023-02-10,Ashanti,Cassava,5.86,0.0,1.45,27.8,486,0.0
9802,2023-02-10,Ashanti,Cocoa,0.0,273.98,14.74,26.5,365,4038.4652000000006
9803,2023-02-10,Northern,Maize,0.71,0.0,2.55,26.9,394,0.0
9804,2023-02-10,Northern,Cassava,0.97,0.0,1.43,28.6,303,0.0
9805,2023-02-10,Northern,Cocoa,3.4,0.0,11.12,30.4,86,0.0
9806,2023-02-10,Western,Maize,6.42,1461.93,2.24,24.4,188,3274.7232000000004
9807,2023-02-10,Western,Cassava,13.96,0.0,1.43,32.9,127,0.0
9808,2023-02-10,Western,Cocoa,7.41,0.0,13.17,24.4,116,0.0
9809,2023-02-10,Eastern,Maize,1.29,0.0,2.98,29.9,434,0.0
9810,2023-02-10,Eastern,Cassava,1.0,0.0,1.01,33.2,253,0.0
9811,2023-02-10,Eastern,Cocoa,1.5,0.0,12.69,31.9,65,0.0
9812,2023-02-11,Greater Accra,Maize,2.39,0.0,2.2,29.9,430,0.0
9813,2023-02-11,Greater Accra,Cassava,7.08,0.0,1.39,33.7,57,0.0
9814,2023-02-11,Greater Accra,Cocoa,0.0,170.61,10.9,24.1,396,1859.6490000000001
9815,2023-02-11,Ashanti,Maize,0.0,0.0,2.99,28.9,166,0.0
9816,2023-02-11,Ashanti,Cassava,5.02,0.0,1.44,30.3,439,0.0
9817,2023-02-11,Northern,Maize,0.78,0.0,2.15,33.8,386,0.0
9818,2023-02-11,Northern,Cassava,0.0,0.0,1.46,32.5,306,0.0
9819,2023-02-11,Northern,Cocoa,2.64,0.0,12.96,24.2,484,0.0
9820,2023-02-11,Western,Maize,0.0,1754.65,2.72,24.9,405,4772.648
9821,2023-02-11,Eastern,Maize,1.73,0.0,2.6,28.5,55,0.0
9822,2023-02-11,Eastern,Cassava,2.6,0.0,1.03,32.8,306,0.0
9823,2023-02-11,Eastern,Cocoa,8.52,0.0,12.49,27.3,155,0.0
9824,2023-02-12,Greater Accra,Cassava,0.0,0.0,1.45,30.0,264,0.0
9825,2023-02-12,Greater Accra,Cocoa,2.79,0.0,12.54,30.5,292,0.0
9826,2023-02-12,Ashanti,Maize,1.9,0.0,2.39,25.7,249,0.0
9827,2023-02-12,Ashanti,Cocoa,2.82,292.68,11.47,33.4,102,3357.0396
9828,2023-02-12,Northern,Cassava,3.1,8783.32,1.43,25.8,159,12560.147599999998
9829,2023-02-12,Northern,Cocoa,8.64,0.0,13.93,31.1,66,0.0
9830,2023-02-12,Western,Maize,1.87,0.0,2.3,24.9,62,0.0
9831,2023-02-12,Western,Cassava,6.52,0.0,1.37,31.4,268,0.0
9832,2023-02-12,Western,Cocoa,2.67,0.0,13.28,27.5,139,0.0
9833,2023-02-12,Eastern,Maize,0.08,902.64,2.94,28.2,80,2653.7616
9834,2023-02-12,Eastern,Cassava,7.82,0.0,1.02,31.0,74,0.0
9835,2023-02-13,Greater Accra,Cassava,0.0,0.0,1.32,25.8,355,0.0
9836,2023-02-13,Greater Accra,Cocoa,1.58,206.3,14.94,26.1,223,3082.122
9837,2023-02-13,Ashanti,Maize,6.2,0.0,2.99,31.4,189,0.0
9838,2023-02-13,Ashanti,Cassava,1.94,0.0,1.4,31.6,217,0.0
9839,2023-02-13,Ashanti,Cocoa,3.84,0.0,12.63,29.3,356,0.0
9840,2023-02-13,Northern,Maize,10.61,0.0,2.98,25.1,467,0.0
9841,2023-02-13,Northern,Cassava,1.43,0.0,1.35,26.9,481,0.0
9842,2023-02-13,Northern,Cocoa,3.31,238.5,15.4,32.5,58,3672.9
9843,2023-02-13,Western,Maize,4.21,0.0,2.97,28.1,356,0.0
9844,2023-02-13,Western,Cassava,10.14,0.0,1.39,29.2,218,0.0
9845,2023-02-13,Western,Cocoa,5.59,343.27,13.51,30.6,71,4637.5777
9846,2023-02-13,Eastern,Maize,7.16,0.0,2.66,31.4,438,0.0
9847,2023-02-13,Eastern,Cassava,1.63,9172.74,1.06,33.6,70,9723.1044
9848,2023-02-13,Eastern,Cocoa,5.08,0.0,11.12,25.2,87,0.0
9849,2023-02-14,Greater Accra,Maize,5.32,0.0,0.0,28.3,478,0.0
9850,2023-02-14,Greater Accra,Cassava,3.58,9190.66,1.27,32.6,369,11672.1382
9851,2023-02-14,Ashanti,Maize,7.62,0.0,3.07,32.3,81,0.0
9852,2023-02-14,Ashanti,Cocoa,4.28,0.0,12.19,33.9,254,0.0
9853,2023-02-14,Northern,Maize,1.15,0.0,2.47,28.1,124,0.0
9854,2023-02-14,Northern,Cassava,3.33,0.0,1.09,26.6,163,0.0
9855,2023-02-14,Northern,Cocoa,1.01,0.0,10.69,31.7,300,0.0
9856,2023-02-14,Western,Maize,4.7,0.0,2.14,32.4,405,0.0
9857,2023-02-14,Western,Cassava,2.37,0.0,1.35,28.0,107,0.0
9858,2023-02-14,Western,Cocoa,7.47,316.55,11.32,30.7,389,3583.346
9859,2023-02-14,Eastern,Maize,0.56,1021.02,2.33,29.7,280,2378.9766
9860,2023-02-14,Eastern,Cassava,0.0,9080.84,1.03,33.9,291,9353.2652
9861,2023-02-14,Eastern,Cocoa,3.01,0.0,11.34,29.8,258,0.0
9862,2023-02-15,Greater Accra,Cassava,4.2,0.0,1.29,27.7,336,0.0
9863,2023-02-15,Ashanti,Maize,2.31,1312.25,2.34,33.5,93,3070.665
9864,2023-02-15,Ashanti,Cassava,1.29,0.0,1.13,25.9,429,0.0
9865,2023-02-15,Ashanti,Cocoa,5.6,244.69,15.04,31.7,145,3680.1375999999996
9866,2023-02-15,Northern,Maize,5.96,0.0,2.21,32.7,375,0.0
9867,2023-02-15,Northern,Cocoa,6.58,312.11,13.92,33.7,189,4344.5712
9868,2023-02-15,Western,Maize,1.83,0.0,2.51,27.4,186,0.0
9869,2023-02-15,Western,Cassava,8.13,9044.32,1.04,30.0,456,9406.0928
9870,2023-02-15,Western,Cocoa,2.52,0.0,13.78,27.4,347,0.0
9871,2023-02-15,Eastern,Maize,6.3,0.0,2.58,32.0,151,0.0
9872,2023-02-15,Eastern,Cassava,5.71,0.0,1.15,29.4,128,0.0
9873,2023-02-15,Eastern,Cocoa,0.0,0.0,11.86,28.7,259,0.0
9874,2023-02-16,Greater Accra,Maize,2.13,0.0,3.09,31.2,81,0.0
9875,2023-02-16,Greater Accra,Cassava,0.0,0.0,1.19,24.1,400,0.0
9876,2023-02-16,Greater Accra,Cocoa,0.81,267.05,13.79,28.7,293,3682.6195
9877,2023-02-16,Ashanti,Maize,10.05,0.0,2.86,28.0,430,0.0
9878,2023-02-16,Ashanti,Cassava,2.0,0.0,1.19,33.8,76,0.0
9879,2023-02-16,Ashanti,Cocoa,8.67,0.0,12.92,30.9,68,0.0
9880,2023-02-16,Northern,Cassava,0.0,0.0,1.06,25.0,54,0.0
9881,2023-02-16,Western,Maize,7.04,0.0,3.05,28.9,50,0.0
9882,2023-02-16,Western,Cassava,0.61,7336.35,1.47,30.2,73,10784.434500000001
9883,2023-02-16,Western,Cocoa,3.41,249.96,14.19,30.9,302,3546.9324
9884,2023-02-16,Eastern,Maize,0.0,0.0,2.45,31.8,289,0.0
9885,2023-02-16,Eastern,Cassava,3.92,0.0,1.4,24.0,209,0.0
9886,2023-02-16,Eastern,Cocoa,5.49,0.0,10.86,28.6,152,0.0
9887,2023-02-17,Greater Accra,Maize,3.56,1206.1,2.94,31.1,263,3545.9339999999997
9888,2023-02-17,Greater Accra,Cassava,3.18,0.0,1.11,26.4,450,0.0
9889,2023-02-17,Greater Accra,Cocoa,7.17,0.0,12.0,32.2,447,0.0
9890,2023-02-17,Ashanti,Maize,0.0,1545.86,2.22,33.1,132,3431.8092
9891,2023-02-17,Ashanti,Cassava,8.07,0.0,1.21,27.8,484,0.0
9892,2023-02-17,Northern,Maize,7.84,0.0,2.67,25.9,196,0.0
9893,2023-02-17,Northern,Cassava,3.9,0.0,1.36,26.8,164,0.0
9894,2023-02-17,Western,Maize,5.04,1708.51,2.16,27.9,189,3690.3816
9895,2023-02-17,Western,Cassava,7.61,0.0,1.23,27.8,420,0.0
9896,2023-02-17,Western,Cocoa,0.87,324.28,14.58,29.0,254,4728.002399999999
9897,2023-02-17,Eastern,Maize,2.42,0.0,2.46,26.6,106,0.0
9898,2023-02-18,Greater Accra,Cassava,3.88,0.0,1.09,29.2,65,0.0
9899,2023-02-18,Greater Accra,Cocoa,5.43,0.0,11.71,27.1,443,0.0
9900,2023-02-18,Ashanti,Maize,4.25,0.0,2.43,30.9,212,0.0
9901,2023-02-18,Ashanti,Cassava,0.98,0.0,1.42,25.1,52,0.0
9902,2023-02-18,Ashanti,Cocoa,0.0,0.0,11.18,34.0,469,0.0
9903,2023-02-18,Northern,Maize,6.53,0.0,2.77,31.2,206,0.0
9904,2023-02-18,Northern,Cassava,0.0,6202.18,1.32,33.0,194,8186.877600000001
9905,2023-02-18,Western,Maize,3.38,0.0,2.92,30.1,463,0.0
9906,2023-02-18,Western,Cocoa,8.0,0.0,13.04,29.1,367,0.0
9907,2023-02-18,Eastern,Maize,4.34,1860.57,2.73,30.0,258,5079.3561
9908,2023-02-19,Greater Accra,Maize,3.99,0.0,3.06,33.4,197,0.0
9909,2023-02-19,Greater Accra,Cassava,4.68,5457.64,1.15,31.9,358,6276.286
9910,2023-02-19,Greater Accra,Cocoa,3.08,0.0,15.49,33.4,443,0.0
9911,2023-02-19,Ashanti,Maize,3.31,0.0,2.99,24.2,246,0.0
9912,2023-02-19,Ashanti,Cassava,5.01,0.0,1.38,29.2,381,0.0
9913,2023-02-19,Ashanti,Cocoa,0.63,322.01,14.3,27.9,170,4604.743
9914,2023-02-19,Northern,Maize,0.74,0.0,2.94,24.1,260,0.0
9915,2023-02-19,Northern,Cassava,1.46,5861.36,1.13,27.1,361,6623.336799999999
9916,2023-02-19,Northern,Cocoa,5.36,0.0,11.17,27.5,366,0.0
9917,2023-02-19,Western,Maize,10.26,2154.29,2.56,24.4,342,5514.9824
9918,2023-02-19,Western,Cassava,11.08,0.0,1.2,26.5,235,0.0
9919,2023-02-19,Eastern,Maize,4.67,0.0,2.52,26.1,249,0.0
9920,2023-02-19,Eastern,Cassava,3.58,0.0,1.37,32.4,210,0.0
9921,2023-02-19,Eastern,Cocoa,13.1,308.52,10.64,31.2,236,3282.6528
9922,2023-02-20,Greater Accra,Maize,5.97,0.0,2.67,27.4,362,0.0
9923,2023-02-20,Greater Accra,Cocoa,3.75,0.0,15.44,24.4,493,0.0
9924,2023-02-20,Ashanti,Maize,6.05,0.0,2.2,26.4,173,0.0
9925,2023-02-20,Ashanti,Cassava,5.07,7879.92,1.02,29.8,327,8037.5184
9926,2023-02-20,Ashanti,Cocoa,7.94,0.0,14.76,29.6,121,0.0
9927,2023-02-20,Northern,Maize,7.37,1082.6,2.59,28.0,281,2803.9339999999997
9928,2023-02-20,Northern,Cassava,2.61,0.0,1.27,32.9,72,0.0
9929,2023-02-20,Northern,Cocoa,12.37,0.0,11.04,25.4,442,0.0
9930,2023-02-20,Western,Cassava,6.67,12963.05,1.37,27.9,285,17759.3785
9931,2023-02-20,Eastern,Maize,8.65,0.0,3.05,32.0,53,0.0
9932,2023-02-20,Eastern,Cassava,14.51,7526.56,1.16,26.0,211,8730.8096
9933,2023-02-20,Eastern,Cocoa,1.46,191.81,12.43,33.1,63,2384.1983
9934,2023-02-21,Greater Accra,Maize,4.02,0.0,2.98,24.5,203,0.0
9935,2023-02-21,Greater Accra,Cocoa,2.33,0.0,15.34,26.6,344,0.0
9936,2023-02-21,Ashanti,Maize,2.63,0.0,2.63,31.4,77,0.0
9937,2023-02-21,Ashanti,Cassava,0.0,0.0,1.14,28.5,188,0.0
9938,2023-02-21,Northern,Maize,4.24,0.0,2.59,32.6,271,0.0
9939,2023-02-21,Northern,Cassava,3.6,6260.64,1.21,30.4,114,7575.374400000001
9940,2023-02-21,Northern,Cocoa,0.91,241.31,11.7,25.7,457,2823.3269999999998
9941,2023-02-21,Western,Maize,5.36,0.0,2.9,30.1,254,0.0
9942,2023-02-21,Western,Cassava,0.02,0.0,1.09,25.5,340,0.0
9943,2023-02-21,Eastern,Maize,3.44,0.0,2.99,30.3,344,0.0
9944,2023-02-21,Eastern,Cocoa,6.15,0.0,15.16,32.7,443,0.0
9945,2023-02-22,Greater Accra,Maize,0.0,1128.76,2.12,32.6,255,2392.9712
9946,2023-02-22,Greater Accra,Cocoa,4.9,0.0,15.11,25.5,107,0.0
9947,2023-02-22,Ashanti,Maize,10.78,0.0,2.18,28.2,359,0.0
9948,2023-02-22,Ashanti,Cassava,7.14,6993.39,1.16,25.2,359,8112.3324
9949,2023-02-22,Ashanti,Cocoa,4.98,0.0,14.06,27.6,380,0.0
9950,2023-02-22,Northern,Maize,0.0,0.0,2.67,28.7,201,0.0
9951,2023-02-22,Northern,Cassava,10.68,0.0,1.06,31.7,374,0.0
9952,2023-02-22,Northern,Cocoa,0.0,0.0,14.76,32.0,181,0.0
9953,2023-02-22,Western,Maize,5.37,0.0,2.8,24.5,144,0.0
9954,2023-02-22,Western,Cassava,6.75,0.0,1.4,31.9,105,0.0
9955,2023-02-22,Western,Cocoa,1.07,368.68,13.72,32.2,112,5058.2896
9956,2023-02-22,Eastern,Maize,4.77,0.0,2.12,26.1,166,0.0
9957,2023-02-22,Eastern,Cassava,0.11,0.0,1.18,28.6,193,0.0
9958,2023-02-23,Greater Accra,Maize,1.92,0.0,2.96,32.2,496,0.0
9959,2023-02-23,Greater Accra,Cassava,0.0,0.0,1.07,28.4,425,0.0
9960,2023-02-23,Greater Accra,Cocoa,10.13,0.0,14.86,33.3,141,0.0
9961,2023-02-23,Ashanti,Maize,1.94,0.0,2.53,26.6,331,0.0
9962,2023-02-23,Ashanti,Cassava,4.42,0.0,1.35,28.0,130,0.0
9963,2023-02-23,Ashanti,Cocoa,0.9,0.0,13.2,24.3,363,0.0
9964,2023-02-23,Northern,Maize,6.25,1006.93,2.92,29.1,309,2940.2356
9965,2023-02-23,Northern,Cassava,1.1,0.0,1.46,28.3,483,0.0
9966,2023-02-23,Northern,Cocoa,1.25,217.02,14.27,28.1,128,3096.8754
9967,2023-02-23,Western,Maize,17.89,2921.24,2.37,33.8,201,6923.3387999999995
9968,2023-02-23,Western,Cassava,5.98,0.0,1.41,31.2,406,0.0
9969,2023-02-23,Western,Cocoa,10.34,0.0,10.67,30.4,255,0.0
9970,2023-02-23,Eastern,Maize,0.0,0.0,2.44,28.5,469,0.0
9971,2023-02-23,Eastern,Cassava,6.95,0.0,1.42,33.9,299,0.0
9972,2023-02-24,Greater Accra,Maize,5.29,0.0,2.31,26.7,444,0.0
9973,2023-02-24,Greater Accra,Cassava,2.76,5675.69,1.11,32.9,200,6300.0159
9974,2023-02-24,Greater Accra,Cocoa,3.75,0.0,13.77,31.5,433,0.0
9975,2023-02-24,Ashanti,Maize,9.64,2094.43,2.22,30.2,64,4649.6346
9976,2023-02-24,Ashanti,Cassava,1.15,0.0,1.26,29.8,174,0.0
9977,2023-02-24,Ashanti,Cocoa,2.91,0.0,14.13,27.9,298,0.0
9978,2023-02-24,Northern,Cassava,7.85,0.0,1.37,25.2,386,0.0
9979,2023-02-24,Northern,Cocoa,0.0,0.0,14.8,27.8,98,0.0
9980,2023-02-24,Western,Maize,2.66,0.0,2.35,31.6,282,0.0
9981,2023-02-24,Western,Cassava,0.0,10789.56,1.44,27.9,74,15536.9664
9982,2023-02-24,Western,Cocoa,2.29,0.0,10.82,24.3,258,0.0
9983,2023-02-24,Eastern,Maize,7.63,0.0,2.93,33.5,349,0.0
9984,2023-02-24,Eastern,Cassava,5.62,8562.75,1.45,28.4,138,12415.9875
9985,2023-02-24,Eastern,Cocoa,0.0,0.0,10.8,33.9,89,0.0
9986,2023-02-25,Greater Accra,Maize,8.27,0.0,2.95,31.0,89,0.0
9987,2023-02-25,Greater Accra,Cassava,1.64,0.0,1.07,27.4,448,0.0
9988,2023-02-25,Greater Accra,Cocoa,0.47,0.0,11.96,24.5,60,0.0
9989,2023-02-25,Ashanti,Maize,2.76,1544.9,2.8,29.5,242,4325.72
9990,2023-02-25,Ashanti,Cassava,5.24,0.0,1.48,32.4,311,0.0
9991,2023-02-25,Ashanti,Cocoa,6.77,0.0,13.99,28.3,81,0.0
9992,2023-02-25,Northern,Maize,0.0,888.13,2.56,32.8,319,2273.6128
9993,2023-02-25,Northern,Cassava,1.31,0.0,1.17,32.4,280,0.0
9994,2023-02-25,Northern,Cocoa,4.86,0.0,13.22,32.1,386,0.0
9995,2023-02-25,Western,Maize,3.29,0.0,2.9,25.3,65,0.0
9996,2023-02-25,Western,Cassava,2.02,0.0,1.24,28.0,361,0.0
9997,2023-02-25,Western,Cocoa,3.4,310.58,12.41,24.1,194,3854.2978
9998,2023-02-25,Eastern,Cassava,3.86,8978.93,1.05,27.6,98,9427.8765
9999,2023-02-25,Eastern,Cocoa,3.11,0.0,10.95,30.9,242,0.0
10000,2023-02-26,Greater Accra,Maize,0.0,0.0,2.83,33.5,110,0.0
10001,2023-02-26,Greater Accra,Cassava,1.09,0.0,1.07,33.7,199,0.0
10002,2023-02-26,Greater Accra,Cocoa,0.35,0.0,11.32,32.9,373,0.0
10003,2023-02-26,Ashanti,Maize,1.69,0.0,2.72,24.6,185,0.0
10004,2023-02-26,Ashanti,Cassava,0.52,0.0,1.2,26.0,187,0.0
10005,2023-02-26,Northern,Maize,1.21,0.0,2.34,30.9,274,0.0
10006,2023-02-26,Northern,Cassava,5.48,8507.34,1.47,24.5,415,12505.7898
10007,2023-02-26,Western,Maize,1.44,1632.71,2.55,32.6,407,4163.4105
10008,2023-02-26,Western,Cassava,4.62,0.0,1.36,33.5,393,0.0
10009,2023-02-26,Western,Cocoa,7.8,404.48,14.65,30.5,384,5925.6320000000005
10010,2023-02-26,Eastern,Maize,3.98,1546.26,2.64,26.6,285,4082.1264
10011,2023-02-26,Eastern,Cassava,6.44,9593.68,1.41,28.6,151,13527.0888
10012,2023-02-26,Eastern,Cocoa,8.0,217.85,0.0,32.7,201,0.0
10013,2023-02-27,Greater Accra,Maize,1.14,0.0,3.04,32.7,374,0.0
10014,2023-02-27,Greater Accra,Cocoa,6.26,0.0,12.93,28.8,162,0.0
10015,2023-02-27,Ashanti,Maize,2.53,0.0,2.96,31.9,154,0.0
10016,2023-02-27,Ashanti,Cassava,6.34,0.0,1.02,31.6,252,0.0
10017,2023-02-27,Ashanti,Cocoa,4.52,0.0,13.6,26.1,141,0.0
10018,2023-02-27,Northern,Maize,10.27,0.0,2.84,27.8,279,0.0
10019,2023-02-27,Northern,Cassava,8.29,0.0,1.06,25.0,103,0.0
10020,2023-02-27,Northern,Cocoa,2.37,0.0,13.08,28.3,268,0.0
10021,2023-02-27,Western,Maize,12.45,2272.17,2.68,25.7,72,6089.4156
10022,2023-02-27,Western,Cassava,3.74,0.0,1.4,31.6,191,0.0
10023,2023-02-27,Western,Cocoa,2.3,226.45,15.21,25.1,400,3444.3045
10024,2023-02-27,Eastern,Maize,1.21,0.0,2.94,26.1,402,0.0
10025,2023-02-27,Eastern,Cassava,6.45,0.0,1.19,31.5,456,0.0
10026,2023-02-27,Eastern,Cocoa,2.31,0.0,14.4,24.3,348,0.0
10027,2023-02-28,Greater Accra,Cassava,0.0,0.0,1.33,30.3,358,0.0
10028,2023-02-28,Greater Accra,Cocoa,0.15,262.54,14.88,27.0,141,3906.5952000000007
10029,2023-02-28,Ashanti,Maize,7.73,0.0,2.21,27.6,291,0.0
10030,2023-02-28,Ashanti,Cassava,11.91,11239.88,1.15,25.1,216,12925.861999999997
10031,2023-02-28,Northern,Maize,3.14,0.0,2.47,25.6,368,0.0
10032,2023-02-28,Northern,Cassava,4.68,0.0,1.36,31.7,301,0.0
10033,2023-02-28,Western,Maize,4.24,0.0,2.43,25.1,312,0.0
10034,2023-02-28,Western,Cassava,14.43,0.0,1.47,33.3,362,0.0
10035,2023-02-28,Western,Cocoa,9.86,0.0,14.25,31.8,93,0.0
10036,2023-02-28,Eastern,Maize,1.32,1532.02,3.05,30.7,158,4672.661
10037,2023-02-28,Eastern,Cassava,8.99,0.0,1.48,32.3,415,0.0
10038,2023-02-28,Eastern,Cocoa,7.0,323.46,10.81,27.6,474,3496.6026
10039,2023-03-01,Greater Accra,Cassava,0.0,0.0,1.5,32.0,139,0.0
10040,2023-03-01,Greater Accra,Cocoa,9.69,0.0,14.91,33.1,184,0.0
10041,2023-03-01,Ashanti,Maize,11.47,0.0,3.57,33.3,499,0.0
10042,2023-03-01,Ashanti,Cassava,8.67,0.0,1.23,26.0,331,0.0
10043,2023-03-01,Ashanti,Cocoa,0.0,0.0,15.63,26.8,78,0.0
10044,2023-03-01,Northern,Maize,4.33,0.0,3.53,31.5,448,0.0
10045,2023-03-01,Western,Maize,2.57,0.0,2.52,25.6,59,0.0
10046,2023-03-01,Western,Cocoa,12.29,0.0,17.92,24.8,277,0.0
10047,2023-03-01,Eastern,Maize,4.78,0.0,3.09,24.8,124,0.0
10048,2023-03-01,Eastern,Cassava,2.3,0.0,1.62,25.1,75,0.0
10049,2023-03-01,Eastern,Cocoa,7.06,0.0,13.71,33.0,364,0.0
10050,2023-03-02,Greater Accra,Maize,7.79,0.0,2.51,33.0,300,0.0
10051,2023-03-02,Greater Accra,Cassava,5.53,0.0,1.37,26.9,490,0.0
10052,2023-03-02,Greater Accra,Cocoa,1.09,0.0,14.71,29.5,100,0.0
10053,2023-03-02,Ashanti,Maize,2.39,0.0,2.65,27.2,411,0.0
10054,2023-03-02,Ashanti,Cocoa,3.81,0.0,14.8,27.8,300,0.0
10055,2023-03-02,Northern,Maize,6.69,0.0,2.7,32.3,398,0.0
10056,2023-03-02,Northern,Cassava,0.0,0.0,1.54,29.7,426,0.0
10057,2023-03-02,Western,Maize,4.86,0.0,3.46,30.5,198,0.0
10058,2023-03-02,Western,Cassava,10.29,0.0,1.21,32.8,410,0.0
10059,2023-03-02,Western,Cocoa,9.01,0.0,14.91,33.5,242,0.0
10060,2023-03-02,Eastern,Maize,8.59,0.0,2.82,29.6,167,0.0
10061,2023-03-02,Eastern,Cassava,0.0,0.0,0.0,29.0,429,0.0
10062,2023-03-02,Eastern,Cocoa,0.51,0.0,17.75,31.8,390,0.0
10063,2023-03-03,Greater Accra,Maize,3.69,0.0,2.83,25.4,50,0.0
10064,2023-03-03,Greater Accra,Cassava,0.0,0.0,1.68,24.8,166,0.0
10065,2023-03-03,Greater Accra,Cocoa,7.94,0.0,12.86,30.0,374,0.0
10066,2023-03-03,Northern,Cassava,0.0,0.0,1.59,33.8,241,0.0
10067,2023-03-03,Western,Maize,14.04,0.0,3.18,32.2,207,0.0
10068,2023-03-03,Western,Cassava,16.16,0.0,1.22,30.7,54,0.0
10069,2023-03-03,Western,Cocoa,3.64,0.0,16.56,24.1,417,0.0
10070,2023-03-03,Eastern,Maize,2.35,0.0,2.98,27.6,139,0.0
10071,2023-03-03,Eastern,Cassava,1.24,0.0,1.43,28.3,281,0.0
10072,2023-03-03,Eastern,Cocoa,7.22,0.0,15.85,25.3,151,0.0
10073,2023-03-04,Greater Accra,Maize,6.4,0.0,2.91,31.7,182,0.0
10074,2023-03-04,Greater Accra,Cassava,9.22,0.0,1.32,33.9,309,0.0
10075,2023-03-04,Greater Accra,Cocoa,0.59,0.0,15.68,33.8,200,0.0
10076,2023-03-04,Ashanti,Maize,4.42,0.0,3.61,32.6,99,0.0
10077,2023-03-04,Ashanti,Cassava,7.3,0.0,1.2,25.8,344,0.0
10078,2023-03-04,Ashanti,Cocoa,0.0,0.0,15.02,24.5,205,0.0
10079,2023-03-04,Northern,Maize,0.33,0.0,2.86,27.6,160,0.0
10080,2023-03-04,Northern,Cassava,5.22,0.0,1.36,26.7,79,0.0
10081,2023-03-04,Northern,Cocoa,7.28,0.0,15.64,29.2,64,0.0
10082,2023-03-04,Western,Maize,7.67,0.0,3.41,27.3,90,0.0
10083,2023-03-04,Western,Cassava,1.42,0.0,1.57,25.4,69,0.0
10084,2023-03-04,Western,Cocoa,13.09,0.0,16.35,24.8,65,0.0
10085,2023-03-04,Eastern,Cassava,0.0,0.0,1.38,33.3,357,0.0
10086,2023-03-04,Eastern,Cocoa,0.4,0.0,13.44,31.3,173,0.0
10087,2023-03-05,Greater Accra,Maize,0.0,0.0,2.58,25.0,411,0.0
10088,2023-03-05,Greater Accra,Cocoa,0.0,0.0,17.64,29.3,218,0.0
10089,2023-03-05,Ashanti,Maize,3.82,0.0,2.63,25.4,488,0.0
10090,2023-03-05,Ashanti,Cassava,2.3,0.0,1.3,32.5,391,0.0
10091,2023-03-05,Northern,Maize,6.6,0.0,0.0,30.4,158,0.0
10092,2023-03-05,Northern,Cassava,1.96,0.0,1.23,26.6,189,0.0
10093,2023-03-05,Western,Maize,13.52,0.0,3.4,26.4,412,0.0
10094,2023-03-05,Western,Cassava,5.9,0.0,1.27,31.8,457,0.0
10095,2023-03-05,Western,Cocoa,10.65,0.0,14.35,29.3,434,0.0
10096,2023-03-05,Eastern,Maize,0.0,0.0,3.5,31.2,136,0.0
10097,2023-03-05,Eastern,Cassava,10.03,0.0,1.29,29.2,256,0.0
10098,2023-03-05,Eastern,Cocoa,5.1,0.0,12.83,27.0,152,0.0
10099,2023-03-06,Greater Accra,Cocoa,0.0,0.0,12.96,30.1,54,0.0
10100,2023-03-06,Ashanti,Maize,0.2,0.0,2.69,33.4,285,0.0
10101,2023-03-06,Ashanti,Cassava,10.73,0.0,1.32,32.8,288,0.0
10102,2023-03-06,Ashanti,Cocoa,1.24,0.0,15.08,34.0,471,0.0
10103,2023-03-06,Northern,Maize,2.64,0.0,3.33,30.0,303,0.0
10104,2023-03-06,Northern,Cocoa,0.77,0.0,14.49,31.4,170,0.0
10105,2023-03-06,Western,Maize,2.59,0.0,2.76,30.8,360,0.0
10106,2023-03-06,Western,Cassava,3.31,0.0,1.56,25.6,164,0.0
10107,2023-03-06,Western,Cocoa,1.38,0.0,13.76,30.5,290,0.0
10108,2023-03-06,Eastern,Cocoa,7.35,0.0,17.87,25.1,230,0.0
10109,2023-03-07,Greater Accra,Maize,10.91,0.0,3.37,24.9,128,0.0
10110,2023-03-07,Greater Accra,Cassava,1.34,0.0,1.64,25.8,266,0.0
10111,2023-03-07,Greater Accra,Cocoa,3.81,0.0,12.56,26.3,115,0.0
10112,2023-03-07,Ashanti,Maize,6.75,0.0,3.51,28.5,202,0.0
10113,2023-03-07,Ashanti,Cassava,5.53,0.0,1.3,28.8,57,0.0
10114,2023-03-07,Ashanti,Cocoa,0.53,0.0,16.4,28.9,277,0.0
10115,2023-03-07,Northern,Maize,7.55,0.0,2.92,31.3,273,0.0
10116,2023-03-07,Northern,Cassava,4.75,0.0,1.58,33.7,167,0.0
10117,2023-03-07,Northern,Cocoa,5.25,0.0,13.24,29.7,436,0.0
10118,2023-03-07,Western,Maize,8.07,0.0,3.57,28.5,269,0.0
10119,2023-03-07,Western,Cassava,4.39,0.0,1.55,33.2,300,0.0
10120,2023-03-07,Western,Cocoa,7.72,0.0,17.1,28.1,435,0.0
10121,2023-03-07,Eastern,Maize,4.84,0.0,2.88,28.3,99,0.0
10122,2023-03-07,Eastern,Cassava,0.0,0.0,1.4,28.1,378,0.0
10123,2023-03-08,Greater Accra,Maize,3.03,0.0,2.61,33.9,256,0.0
10124,2023-03-08,Greater Accra,Cocoa,3.86,0.0,17.59,28.5,67,0.0
10125,2023-03-08,Ashanti,Maize,0.23,0.0,2.91,32.6,66,0.0
10126,2023-03-08,Ashanti,Cassava,6.73,0.0,1.44,26.0,247,0.0
10127,2023-03-08,Ashanti,Cocoa,7.74,0.0,13.02,25.7,492,0.0
10128,2023-03-08,Northern,Maize,3.8,0.0,2.78,25.5,207,0.0
10129,2023-03-08,Northern,Cassava,1.01,0.0,1.19,28.4,258,0.0
10130,2023-03-08,Northern,Cocoa,2.8,0.0,14.79,30.6,260,0.0
10131,2023-03-08,Western,Maize,4.99,0.0,3.4,27.0,67,0.0
10132,2023-03-08,Western,Cassava,0.32,0.0,1.75,30.8,86,0.0
10133,2023-03-08,Western,Cocoa,10.1,0.0,12.83,33.8,432,0.0
10134,2023-03-08,Eastern,Maize,0.0,0.0,2.9,24.7,395,0.0
10135,2023-03-08,Eastern,Cassava,0.98,0.0,1.48,28.2,447,0.0
10136,2023-03-08,Eastern,Cocoa,0.0,0.0,15.8,29.0,198,0.0
10137,2023-03-09,Greater Accra,Maize,3.03,0.0,2.65,30.1,139,0.0
10138,2023-03-09,Greater Accra,Cassava,5.47,0.0,1.54,32.8,210,0.0
10139,2023-03-09,Greater Accra,Cocoa,0.0,0.0,16.36,31.4,201,0.0
10140,2023-03-09,Ashanti,Maize,2.08,0.0,2.79,27.0,438,0.0
10141,2023-03-09,Ashanti,Cassava,2.9,0.0,1.49,29.0,167,0.0
10142,2023-03-09,Ashanti,Cocoa,8.18,0.0,14.74,29.0,333,0.0
10143,2023-03-09,Northern,Maize,5.03,0.0,3.53,30.8,419,0.0
10144,2023-03-09,Northern,Cocoa,0.7,0.0,14.54,26.5,226,0.0
10145,2023-03-09,Western,Maize,13.79,0.0,3.47,30.2,435,0.0
10146,2023-03-09,Western,Cassava,0.99,0.0,1.61,28.8,292,0.0
10147,2023-03-09,Western,Cocoa,0.0,0.0,14.86,24.1,304,0.0
10148,2023-03-09,Eastern,Maize,5.24,0.0,3.48,33.5,128,0.0
10149,2023-03-09,Eastern,Cassava,0.0,0.0,1.72,27.8,211,0.0
10150,2023-03-09,Eastern,Cocoa,8.29,0.0,15.87,29.7,54,0.0
10151,2023-03-10,Greater Accra,Maize,1.35,0.0,2.6,28.4,174,0.0
10152,2023-03-10,Greater Accra,Cassava,6.16,0.0,1.31,28.9,144,0.0
10153,2023-03-10,Greater Accra,Cocoa,3.52,0.0,15.99,30.3,485,0.0
10154,2023-03-10,Ashanti,Maize,1.45,0.0,2.48,29.2,348,0.0
10155,2023-03-10,Ashanti,Cassava,0.0,0.0,1.57,28.6,223,0.0
10156,2023-03-10,Ashanti,Cocoa,0.84,0.0,14.83,31.1,151,0.0
10157,2023-03-10,Northern,Maize,0.0,0.0,3.48,33.9,195,0.0
10158,2023-03-10,Northern,Cassava,6.89,0.0,1.62,26.9,402,0.0
10159,2023-03-10,Northern,Cocoa,3.19,0.0,13.91,29.5,169,0.0
10160,2023-03-10,Western,Maize,0.0,0.0,3.24,26.1,469,0.0
10161,2023-03-10,Western,Cassava,7.3,0.0,1.58,24.7,273,0.0
10162,2023-03-10,Western,Cocoa,6.81,0.0,15.88,24.2,211,0.0
10163,2023-03-10,Eastern,Maize,3.57,0.0,2.58,24.6,283,0.0
10164,2023-03-10,Eastern,Cassava,0.0,0.0,1.49,29.8,177,0.0
10165,2023-03-10,Eastern,Cocoa,2.6,0.0,17.47,24.3,311,0.0
10166,2023-03-11,Greater Accra,Maize,0.0,0.0,3.47,28.9,167,0.0
10167,2023-03-11,Greater Accra,Cassava,0.0,0.0,1.63,29.5,207,0.0
10168,2023-03-11,Greater Accra,Cocoa,12.49,0.0,12.8,31.9,353,0.0
10169,2023-03-11,Ashanti,Cassava,2.22,0.0,1.44,32.0,114,0.0
10170,2023-03-11,Ashanti,Cocoa,0.55,0.0,12.68,28.2,270,0.0
10171,2023-03-11,Northern,Maize,7.5,0.0,3.37,31.6,293,0.0
10172,2023-03-11,Northern,Cassava,0.0,0.0,1.58,30.6,339,0.0
10173,2023-03-11,Northern,Cocoa,8.98,0.0,16.63,30.5,423,0.0
10174,2023-03-11,Western,Maize,5.92,0.0,3.37,28.9,303,0.0
10175,2023-03-11,Western,Cassava,6.66,0.0,1.39,32.3,468,0.0
10176,2023-03-11,Western,Cocoa,0.0,0.0,13.39,26.2,393,0.0
10177,2023-03-11,Eastern,Maize,5.78,0.0,2.93,32.0,132,0.0
10178,2023-03-11,Eastern,Cassava,0.0,0.0,0.0,25.4,72,0.0
10179,2023-03-11,Eastern,Cocoa,6.39,0.0,16.27,30.3,441,0.0
10180,2023-03-12,Greater Accra,Maize,1.24,0.0,3.33,29.8,468,0.0
10181,2023-03-12,Greater Accra,Cassava,2.67,0.0,1.28,26.1,479,0.0
10182,2023-03-12,Greater Accra,Cocoa,4.29,0.0,14.61,28.0,350,0.0
10183,2023-03-12,Ashanti,Maize,0.8,0.0,3.1,33.0,157,0.0
10184,2023-03-12,Ashanti,Cocoa,5.6,0.0,16.62,24.3,103,0.0
10185,2023-03-12,Northern,Maize,1.34,0.0,2.76,27.6,438,0.0
10186,2023-03-12,Northern,Cassava,0.49,0.0,1.39,31.5,278,0.0
10187,2023-03-12,Northern,Cocoa,7.18,0.0,16.48,28.4,433,0.0
10188,2023-03-12,Western,Maize,7.48,0.0,3.02,24.2,143,0.0
10189,2023-03-12,Western,Cassava,4.06,0.0,1.53,32.8,100,0.0
10190,2023-03-12,Eastern,Cassava,0.0,0.0,1.62,25.1,366,0.0
10191,2023-03-12,Eastern,Cocoa,1.09,0.0,16.16,26.6,155,0.0
10192,2023-03-13,Greater Accra,Cassava,1.23,0.0,1.26,25.2,335,0.0
10193,2023-03-13,Greater Accra,Cocoa,6.54,0.0,17.04,25.5,65,0.0
10194,2023-03-13,Ashanti,Maize,4.11,0.0,2.53,28.3,184,0.0
10195,2023-03-13,Ashanti,Cassava,2.96,0.0,1.6,27.4,208,0.0
10196,2023-03-13,Ashanti,Cocoa,6.15,0.0,16.35,30.0,79,0.0
10197,2023-03-13,Northern,Maize,4.39,0.0,3.29,29.6,373,0.0
10198,2023-03-13,Northern,Cassava,5.54,0.0,1.45,27.3,284,0.0
10199,2023-03-13,Northern,Cocoa,1.59,0.0,16.26,26.7,147,0.0
10200,2023-03-13,Western,Maize,7.88,0.0,3.48,25.5,342,0.0
10201,2023-03-13,Western,Cocoa,5.76,0.0,16.24,31.0,168,0.0
10202,2023-03-13,Eastern,Maize,0.0,0.0,2.58,25.3,280,0.0
10203,2023-03-13,Eastern,Cassava,5.86,0.0,1.42,28.6,365,0.0
10204,2023-03-13,Eastern,Cocoa,4.72,0.0,14.35,30.5,239,0.0
10205,2023-03-14,Greater Accra,Maize,0.0,0.0,2.72,28.9,440,0.0
10206,2023-03-14,Greater Accra,Cocoa,5.8,0.0,14.51,28.2,308,0.0
10207,2023-03-14,Ashanti,Maize,0.0,0.0,2.67,32.5,70,0.0
10208,2023-03-14,Ashanti,Cassava,11.94,0.0,1.47,26.6,264,0.0
10209,2023-03-14,Ashanti,Cocoa,6.52,0.0,14.36,33.7,381,0.0
10210,2023-03-14,Northern,Cassava,4.06,0.0,1.24,30.7,203,0.0
10211,2023-03-14,Northern,Cocoa,3.48,0.0,13.83,30.5,280,0.0
10212,2023-03-14,Western,Maize,0.0,0.0,3.12,25.5,99,0.0
10213,2023-03-14,Western,Cassava,2.78,0.0,1.49,24.4,344,0.0
10214,2023-03-14,Western,Cocoa,8.23,0.0,14.11,33.1,271,0.0
10215,2023-03-14,Eastern,Maize,4.53,0.0,2.94,25.5,361,0.0
10216,2023-03-14,Eastern,Cassava,5.01,0.0,1.53,32.7,422,0.0
10217,2023-03-15,Greater Accra,Maize,2.39,0.0,2.57,33.3,56,0.0
10218,2023-03-15,Greater Accra,Cassava,0.0,0.0,1.2,26.0,398,0.0
10219,2023-03-15,Greater Accra,Cocoa,6.03,0.0,16.72,33.0,244,0.0
10220,2023-03-15,Northern,Cassava,7.69,0.0,1.39,28.5,473,0.0
10221,2023-03-15,Northern,Cocoa,6.33,0.0,15.86,28.6,238,0.0
10222,2023-03-15,Western,Maize,0.0,0.0,3.55,28.8,77,0.0
10223,2023-03-15,Western,Cocoa,9.25,0.0,13.77,32.7,468,0.0
10224,2023-03-15,Eastern,Maize,1.25,0.0,3.37,31.3,473,0.0
10225,2023-03-16,Greater Accra,Maize,1.86,0.0,2.66,33.2,398,0.0
10226,2023-03-16,Greater Accra,Cassava,5.18,0.0,1.74,28.6,420,0.0
10227,2023-03-16,Greater Accra,Cocoa,5.46,0.0,16.71,33.6,290,0.0
10228,2023-03-16,Ashanti,Maize,2.58,0.0,3.0,27.9,137,0.0
10229,2023-03-16,Ashanti,Cassava,7.05,0.0,1.48,28.8,63,0.0
10230,2023-03-16,Ashanti,Cocoa,2.97,0.0,14.95,31.4,131,0.0
10231,2023-03-16,Northern,Maize,4.07,0.0,3.5,24.0,216,0.0
10232,2023-03-16,Northern,Cocoa,6.67,0.0,13.44,29.9,112,0.0
10233,2023-03-16,Western,Maize,0.0,0.0,3.24,31.0,269,0.0
10234,2023-03-16,Western,Cassava,3.05,0.0,1.3,27.2,469,0.0
10235,2023-03-16,Western,Cocoa,2.08,0.0,15.95,28.7,380,0.0
10236,2023-03-16,Eastern,Maize,0.0,0.0,3.35,33.8,484,0.0
10237,2023-03-16,Eastern,Cassava,4.46,0.0,1.3,29.8,455,0.0
10238,2023-03-16,Eastern,Cocoa,0.0,0.0,15.49,24.2,436,0.0
10239,2023-03-17,Greater Accra,Maize,2.41,0.0,3.04,25.0,213,0.0
10240,2023-03-17,Greater Accra,Cassava,0.0,0.0,1.66,32.8,195,0.0
10241,2023-03-17,Greater Accra,Cocoa,7.28,0.0,14.23,30.4,50,0.0
10242,2023-03-17,Ashanti,Maize,5.72,0.0,3.03,31.7,246,0.0
10243,2023-03-17,Ashanti,Cassava,0.0,0.0,1.72,25.8,487,0.0
10244,2023-03-17,Ashanti,Cocoa,4.23,0.0,15.7,28.5,287,0.0
10245,2023-03-17,Northern,Cassava,2.39,0.0,1.26,26.6,100,0.0
10246,2023-03-17,Western,Cocoa,5.66,0.0,14.22,24.3,351,0.0
10247,2023-03-17,Eastern,Maize,8.62,0.0,3.36,28.5,64,0.0
10248,2023-03-17,Eastern,Cassava,4.06,0.0,1.47,33.3,230,0.0
10249,2023-03-18,Greater Accra,Maize,5.45,0.0,2.72,28.2,126,0.0
10250,2023-03-18,Greater Accra,Cassava,6.74,0.0,1.21,27.0,257,0.0
10251,2023-03-18,Greater Accra,Cocoa,5.79,0.0,17.32,24.6,337,0.0
10252,2023-03-18,Ashanti,Maize,4.51,0.0,2.72,29.5,462,0.0
10253,2023-03-18,Ashanti,Cassava,0.0,0.0,1.6,29.8,125,0.0
10254,2023-03-18,Ashanti,Cocoa,8.79,0.0,16.24,32.1,297,0.0
10255,2023-03-18,Northern,Maize,0.17,0.0,2.57,32.4,272,0.0
10256,2023-03-18,Northern,Cassava,4.98,0.0,1.65,25.4,311,0.0
10257,2023-03-18,Western,Maize,1.15,0.0,3.26,33.5,471,0.0
10258,2023-03-18,Western,Cassava,3.28,0.0,1.22,31.9,246,0.0
10259,2023-03-18,Western,Cocoa,12.68,0.0,14.22,32.7,328,0.0
10260,2023-03-18,Eastern,Maize,1.36,0.0,2.77,29.7,396,0.0
10261,2023-03-18,Eastern,Cassava,1.78,0.0,1.53,27.4,52,0.0
10262,2023-03-18,Eastern,Cocoa,6.06,0.0,16.71,31.7,153,0.0
10263,2023-03-19,Greater Accra,Maize,9.02,0.0,2.92,24.1,271,0.0
10264,2023-03-19,Greater Accra,Cassava,0.0,0.0,1.62,24.0,459,0.0
10265,2023-03-19,Greater Accra,Cocoa,0.0,0.0,14.36,30.3,307,0.0
10266,2023-03-19,Ashanti,Maize,5.76,0.0,2.73,32.7,239,0.0
10267,2023-03-19,Ashanti,Cassava,3.65,0.0,1.63,32.4,283,0.0
10268,2023-03-19,Ashanti,Cocoa,0.0,0.0,13.46,28.8,486,0.0
10269,2023-03-19,Northern,Cassava,0.0,0.0,1.61,26.8,342,0.0
10270,2023-03-19,Northern,Cocoa,8.98,0.0,15.68,33.4,162,0.0
10271,2023-03-19,Western,Maize,3.63,0.0,2.48,25.9,59,0.0
10272,2023-03-19,Western,Cocoa,7.16,0.0,15.06,29.4,216,0.0
10273,2023-03-19,Eastern,Maize,6.55,0.0,3.28,24.8,242,0.0
10274,2023-03-19,Eastern,Cassava,2.05,0.0,1.57,30.5,264,0.0
10275,2023-03-19,Eastern,Cocoa,2.26,0.0,16.15,25.4,130,0.0
10276,2023-03-20,Greater Accra,Maize,0.0,0.0,2.93,32.3,76,0.0
10277,2023-03-20,Greater Accra,Cassava,2.09,0.0,1.5,32.1,114,0.0
10278,2023-03-20,Greater Accra,Cocoa,0.0,0.0,17.92,28.7,439,0.0
10279,2023-03-20,Ashanti,Maize,3.21,0.0,2.99,28.8,172,0.0
10280,2023-03-20,Ashanti,Cassava,2.06,0.0,1.38,31.9,283,0.0
10281,2023-03-20,Ashanti,Cocoa,3.91,0.0,14.91,26.0,432,0.0
10282,2023-03-20,Northern,Maize,5.29,0.0,2.56,29.4,90,0.0
10283,2023-03-20,Northern,Cassava,0.2,0.0,1.56,25.2,151,0.0
10284,2023-03-20,Northern,Cocoa,1.29,0.0,18.22,25.3,184,0.0
10285,2023-03-20,Western,Maize,14.54,0.0,2.69,30.8,393,0.0
10286,2023-03-20,Western,Cocoa,8.36,0.0,15.49,33.9,373,0.0
10287,2023-03-20,Eastern,Cassava,2.54,0.0,1.62,26.9,162,0.0
10288,2023-03-20,Eastern,Cocoa,2.8,0.0,15.97,25.9,284,0.0
10289,2023-03-21,Greater Accra,Maize,6.37,0.0,3.5,30.0,68,0.0
10290,2023-03-21,Greater Accra,Cassava,9.86,0.0,1.33,27.7,57,0.0
10291,2023-03-21,Greater Accra,Cocoa,0.14,0.0,17.93,24.2,276,0.0
10292,2023-03-21,Ashanti,Cassava,6.21,0.0,1.39,25.7,393,0.0
10293,2023-03-21,Ashanti,Cocoa,2.58,0.0,13.22,27.1,135,0.0
10294,2023-03-21,Northern,Cassava,1.66,0.0,1.61,29.5,61,0.0
10295,2023-03-21,Western,Maize,2.63,0.0,3.48,33.6,380,0.0
10296,2023-03-21,Western,Cocoa,0.0,0.0,16.54,30.9,250,0.0
10297,2023-03-21,Eastern,Cassava,0.0,0.0,1.42,32.3,310,0.0
10298,2023-03-21,Eastern,Cocoa,0.0,0.0,13.36,26.1,476,0.0
10299,2023-03-22,Greater Accra,Maize,5.7,0.0,3.37,33.4,195,0.0
10300,2023-03-22,Greater Accra,Cocoa,0.0,0.0,15.11,27.7,259,0.0
10301,2023-03-22,Ashanti,Maize,0.0,0.0,3.53,25.4,492,0.0
10302,2023-03-22,Ashanti,Cassava,6.77,0.0,1.54,29.8,394,0.0
10303,2023-03-22,Ashanti,Cocoa,1.43,0.0,18.18,32.9,113,0.0
10304,2023-03-22,Northern,Maize,0.0,0.0,2.89,24.1,180,0.0
10305,2023-03-22,Northern,Cassava,3.2,0.0,1.33,24.1,247,0.0
10306,2023-03-22,Northern,Cocoa,2.4,0.0,13.12,27.5,352,0.0
10307,2023-03-22,Western,Maize,3.38,0.0,3.17,25.0,283,0.0
10308,2023-03-22,Western,Cassava,6.84,0.0,1.74,32.6,90,0.0
10309,2023-03-22,Western,Cocoa,6.34,0.0,18.16,33.8,82,0.0
10310,2023-03-22,Eastern,Cassava,6.95,0.0,1.39,29.6,483,0.0
10311,2023-03-23,Greater Accra,Maize,5.82,0.0,2.95,26.0,440,0.0
10312,2023-03-23,Greater Accra,Cassava,3.3,0.0,1.4,27.0,120,0.0
10313,2023-03-23,Greater Accra,Cocoa,0.28,0.0,15.53,27.8,210,0.0
10314,2023-03-23,Ashanti,Maize,0.0,0.0,3.56,25.3,182,0.0
10315,2023-03-23,Ashanti,Cassava,0.0,0.0,1.5,24.6,335,0.0
10316,2023-03-23,Ashanti,Cocoa,6.09,0.0,12.41,29.1,101,0.0
10317,2023-03-23,Northern,Maize,7.41,0.0,3.07,24.5,210,0.0
10318,2023-03-23,Northern,Cassava,0.78,0.0,1.55,29.2,351,0.0
10319,2023-03-23,Northern,Cocoa,0.0,0.0,15.68,33.6,488,0.0
10320,2023-03-23,Western,Maize,4.53,0.0,2.97,27.7,270,0.0
10321,2023-03-23,Western,Cocoa,9.64,0.0,17.27,30.1,101,0.0
10322,2023-03-23,Eastern,Cassava,8.25,0.0,1.52,26.4,152,0.0
10323,2023-03-23,Eastern,Cocoa,0.0,0.0,12.64,24.3,304,0.0
10324,2023-03-24,Greater Accra,Maize,2.61,0.0,3.4,33.4,352,0.0
10325,2023-03-24,Greater Accra,Cassava,0.0,0.0,1.49,28.5,200,0.0
10326,2023-03-24,Greater Accra,Cocoa,0.0,0.0,12.85,26.9,279,0.0
10327,2023-03-24,Ashanti,Cassava,2.84,0.0,1.73,29.3,398,0.0
10328,2023-03-24,Ashanti,Cocoa,1.27,0.0,15.05,33.1,351,0.0
10329,2023-03-24,Northern,Maize,2.31,0.0,3.35,27.0,229,0.0
10330,2023-03-24,Northern,Cassava,1.01,0.0,1.74,31.0,329,0.0
10331,2023-03-24,Northern,Cocoa,8.47,0.0,16.1,31.7,372,0.0
10332,2023-03-24,Western,Maize,0.0,0.0,2.64,25.4,61,0.0
10333,2023-03-24,Western,Cassava,1.16,0.0,1.73,24.7,456,0.0
10334,2023-03-24,Western,Cocoa,0.0,0.0,13.31,32.9,321,0.0
10335,2023-03-24,Eastern,Maize,4.29,0.0,2.64,33.8,361,0.0
10336,2023-03-24,Eastern,Cassava,1.55,0.0,1.49,27.0,192,0.0
10337,2023-03-24,Eastern,Cocoa,6.75,0.0,15.54,29.5,435,0.0
10338,2023-03-25,Greater Accra,Maize,2.08,0.0,3.02,30.4,459,0.0
10339,2023-03-25,Greater Accra,Cassava,2.2,0.0,1.27,27.3,422,0.0
10340,2023-03-25,Ashanti,Cassava,8.36,0.0,1.5,24.8,232,0.0
10341,2023-03-25,Ashanti,Cocoa,1.12,0.0,13.6,33.9,215,0.0
10342,2023-03-25,Northern,Maize,0.0,0.0,3.24,32.3,249,0.0
10343,2023-03-25,Northern,Cassava,3.29,0.0,1.73,29.8,336,0.0
10344,2023-03-25,Northern,Cocoa,2.24,0.0,15.14,32.7,234,0.0
10345,2023-03-25,Western,Cassava,7.17,0.0,1.61,30.5,345,0.0
10346,2023-03-25,Western,Cocoa,15.31,0.0,17.28,25.8,208,0.0
10347,2023-03-25,Eastern,Maize,0.0,0.0,3.09,28.5,408,0.0
10348,2023-03-25,Eastern,Cassava,4.93,0.0,1.49,33.0,386,0.0
10349,2023-03-25,Eastern,Cocoa,3.53,0.0,12.82,33.0,375,0.0
10350,2023-03-26,Greater Accra,Maize,5.03,0.0,3.09,33.7,370,0.0
10351,2023-03-26,Greater Accra,Cassava,0.79,0.0,1.7,32.7,77,0.0
10352,2023-03-26,Greater Accra,Cocoa,8.05,0.0,14.24,32.6,480,0.0
10353,2023-03-26,Ashanti,Cocoa,0.0,0.0,13.35,29.1,446,0.0
10354,2023-03-26,Northern,Maize,0.0,0.0,2.78,31.3,377,0.0
10355,2023-03-26,Northern,Cassava,0.1,0.0,1.55,31.7,350,0.0
10356,2023-03-26,Northern,Cocoa,1.89,0.0,13.72,33.6,334,0.0
10357,2023-03-26,Western,Maize,9.52,0.0,2.52,26.7,180,0.0
10358,2023-03-26,Western,Cocoa,5.53,0.0,15.34,27.2,88,0.0
10359,2023-03-26,Eastern,Maize,9.22,0.0,2.71,26.7,271,0.0
10360,2023-03-26,Eastern,Cassava,4.63,0.0,1.46,26.0,287,0.0
10361,2023-03-26,Eastern,Cocoa,3.67,0.0,17.45,33.6,164,0.0
10362,2023-03-27,Greater Accra,Maize,1.82,0.0,2.63,32.2,253,0.0
10363,2023-03-27,Greater Accra,Cocoa,6.72,0.0,14.93,32.0,346,0.0
10364,2023-03-27,Ashanti,Maize,7.12,0.0,3.29,25.9,273,0.0
10365,2023-03-27,Ashanti,Cassava,0.98,0.0,1.55,25.4,315,0.0
10366,2023-03-27,Ashanti,Cocoa,12.11,0.0,18.2,24.4,343,0.0
10367,2023-03-27,Northern,Maize,8.06,0.0,2.69,33.1,280,0.0
10368,2023-03-27,Northern,Cassava,0.0,0.0,1.67,31.0,480,0.0
10369,2023-03-27,Northern,Cocoa,0.91,0.0,0.0,24.2,391,0.0
10370,2023-03-27,Western,Maize,0.0,0.0,3.22,30.4,79,0.0
10371,2023-03-27,Western,Cassava,6.58,0.0,1.66,33.2,293,0.0
10372,2023-03-27,Western,Cocoa,8.88,0.0,15.32,29.4,54,0.0
10373,2023-03-27,Eastern,Maize,4.0,0.0,2.58,32.0,115,0.0
10374,2023-03-27,Eastern,Cassava,2.2,0.0,1.27,27.0,51,0.0
10375,2023-03-27,Eastern,Cocoa,0.0,0.0,15.06,30.2,74,0.0
10376,2023-03-28,Greater Accra,Maize,0.0,0.0,3.26,27.9,204,0.0
10377,2023-03-28,Greater Accra,Cassava,1.8,0.0,1.61,33.2,161,0.0
10378,2023-03-28,Greater Accra,Cocoa,3.93,0.0,16.78,28.7,279,0.0
10379,2023-03-28,Ashanti,Maize,0.0,0.0,3.54,32.1,216,0.0
10380,2023-03-28,Ashanti,Cassava,5.06,0.0,1.73,32.0,257,0.0
10381,2023-03-28,Ashanti,Cocoa,0.47,0.0,13.6,32.9,289,0.0
10382,2023-03-28,Northern,Maize,5.78,0.0,2.68,31.2,60,0.0
10383,2023-03-28,Northern,Cassava,9.64,0.0,1.46,27.0,299,0.0
10384,2023-03-28,Western,Maize,9.37,0.0,3.3,32.8,105,0.0
10385,2023-03-28,Western,Cassava,9.68,0.0,1.37,33.0,303,0.0
10386,2023-03-28,Western,Cocoa,8.23,0.0,14.12,30.3,242,0.0
10387,2023-03-28,Eastern,Maize,3.35,0.0,3.58,29.1,225,0.0
10388,2023-03-28,Eastern,Cassava,1.23,0.0,1.57,27.9,342,0.0
10389,2023-03-28,Eastern,Cocoa,7.52,0.0,12.85,29.8,350,0.0
10390,2023-03-29,Greater Accra,Maize,1.75,0.0,3.02,25.4,220,0.0
10391,2023-03-29,Greater Accra,Cassava,4.47,0.0,1.63,33.5,234,0.0
10392,2023-03-29,Greater Accra,Cocoa,3.92,0.0,13.91,27.7,449,0.0
10393,2023-03-29,Ashanti,Maize,3.72,0.0,2.58,24.9,380,0.0
10394,2023-03-29,Ashanti,Cocoa,7.93,0.0,12.79,24.8,440,0.0
10395,2023-03-29,Northern,Maize,0.0,0.0,2.95,29.8,122,0.0
10396,2023-03-29,Northern,Cassava,3.95,0.0,1.73,29.3,425,0.0
10397,2023-03-29,Northern,Cocoa,0.0,0.0,12.58,25.9,274,0.0
10398,2023-03-29,Western,Maize,12.89,0.0,2.48,28.6,429,0.0
10399,2023-03-29,Western,Cassava,3.52,0.0,1.64,32.2,313,0.0
10400,2023-03-29,Western,Cocoa,0.0,0.0,16.38,33.2,174,0.0
10401,2023-03-29,Eastern,Maize,0.0,0.0,3.6,31.6,100,0.0
10402,2023-03-29,Eastern,Cocoa,13.26,0.0,14.08,31.7,397,0.0
10403,2023-03-30,Greater Accra,Cocoa,0.0,0.0,17.15,30.3,460,0.0
10404,2023-03-30,Ashanti,Maize,8.18,0.0,2.72,29.4,74,0.0
10405,2023-03-30,Ashanti,Cassava,1.43,0.0,1.29,33.3,94,0.0
10406,2023-03-30,Ashanti,Cocoa,5.04,0.0,13.2,26.5,179,0.0
10407,2023-03-30,Northern,Maize,2.38,0.0,3.45,30.4,278,0.0
10408,2023-03-30,Northern,Cocoa,9.62,0.0,15.43,24.2,86,0.0
10409,2023-03-30,Western,Cassava,1.53,0.0,1.43,33.0,176,0.0
10410,2023-03-30,Western,Cocoa,11.45,0.0,13.77,27.7,76,0.0
10411,2023-03-30,Eastern,Maize,1.53,0.0,3.36,29.0,365,0.0
10412,2023-03-30,Eastern,Cassava,0.0,0.0,1.57,26.7,426,0.0
10413,2023-03-30,Eastern,Cocoa,0.69,0.0,18.12,24.4,338,0.0
10414,2023-03-31,Greater Accra,Maize,1.8,0.0,2.54,32.0,188,0.0
10415,2023-03-31,Greater Accra,Cocoa,6.65,0.0,14.8,31.6,424,0.0
10416,2023-03-31,Ashanti,Maize,0.0,0.0,2.88,26.1,292,0.0
10417,2023-03-31,Ashanti,Cocoa,0.78,0.0,15.52,32.2,83,0.0
10418,2023-03-31,Northern,Maize,7.19,0.0,3.36,26.2,200,0.0
10419,2023-03-31,Northern,Cassava,5.48,0.0,1.43,31.9,335,0.0
10420,2023-03-31,Northern,Cocoa,0.0,0.0,14.1,28.4,205,0.0
10421,2023-03-31,Western,Cocoa,17.06,0.0,13.92,31.1,221,0.0
10422,2023-03-31,Eastern,Maize,0.0,0.0,3.15,31.3,429,0.0
10423,2023-03-31,Eastern,Cocoa,3.25,0.0,12.45,25.5,93,0.0
10424,2023-04-01,Greater Accra,Maize,13.19,0.0,3.27,32.4,296,0.0
10425,2023-04-01,Greater Accra,Cassava,23.06,0.0,1.52,30.0,427,0.0
10426,2023-04-01,Greater Accra,Cocoa,6.78,0.0,14.01,30.0,172,0.0
10427,2023-04-01,Ashanti,Maize,17.85,0.0,2.71,32.0,471,0.0
10428,2023-04-01,Ashanti,Cassava,21.93,0.0,1.7,24.1,173,0.0
10429,2023-04-01,Ashanti,Cocoa,31.49,0.0,12.46,24.2,73,0.0
10430,2023-04-01,Northern,Maize,5.41,0.0,2.63,31.2,428,0.0
10431,2023-04-01,Northern,Cassava,9.37,0.0,1.35,24.4,93,0.0
10432,2023-04-01,Northern,Cocoa,13.27,0.0,15.94,24.0,460,0.0
10433,2023-04-01,Western,Maize,28.79,0.0,3.08,30.7,364,0.0
10434,2023-04-01,Western,Cassava,48.93,0.0,1.75,27.6,190,0.0
10435,2023-04-01,Western,Cocoa,53.24,0.0,17.71,28.5,86,0.0
10436,2023-04-01,Eastern,Maize,24.63,0.0,3.09,31.7,210,0.0
10437,2023-04-01,Eastern,Cassava,15.47,0.0,1.55,24.3,487,0.0
10438,2023-04-01,Eastern,Cocoa,29.93,0.0,15.61,27.6,439,0.0
10439,2023-04-02,Greater Accra,Cassava,30.45,0.0,1.49,28.0,361,0.0
10440,2023-04-02,Greater Accra,Cocoa,11.96,0.0,18.18,25.8,207,0.0
10441,2023-04-02,Ashanti,Maize,35.87,0.0,2.81,28.9,75,0.0
10442,2023-04-02,Ashanti,Cassava,22.38,0.0,1.44,33.9,316,0.0
10443,2023-04-02,Ashanti,Cocoa,37.9,0.0,16.0,33.6,485,0.0
10444,2023-04-02,Northern,Maize,0.0,0.0,3.44,31.6,421,0.0
10445,2023-04-02,Northern,Cassava,6.64,0.0,1.68,26.2,208,0.0
10446,2023-04-02,Northern,Cocoa,11.82,0.0,18.19,32.8,79,0.0
10447,2023-04-02,Western,Cocoa,18.7,0.0,17.6,27.0,496,0.0
10448,2023-04-02,Eastern,Cassava,28.62,0.0,1.21,30.1,328,0.0
10449,2023-04-03,Greater Accra,Maize,12.81,0.0,3.5,31.5,379,0.0
10450,2023-04-03,Greater Accra,Cassava,25.24,0.0,1.66,27.3,212,0.0
10451,2023-04-03,Greater Accra,Cocoa,3.56,0.0,16.39,24.2,225,0.0
10452,2023-04-03,Ashanti,Cassava,23.62,0.0,1.2,25.0,265,0.0
10453,2023-04-03,Ashanti,Cocoa,7.48,0.0,17.05,30.9,162,0.0
10454,2023-04-03,Northern,Maize,13.51,0.0,3.17,29.7,288,0.0
10455,2023-04-03,Northern,Cassava,24.61,0.0,1.63,25.0,101,0.0
10456,2023-04-03,Northern,Cocoa,21.83,0.0,14.55,31.9,263,0.0
10457,2023-04-03,Western,Maize,19.31,0.0,2.99,28.9,158,0.0
10458,2023-04-03,Western,Cassava,0.0,0.0,1.54,27.5,203,0.0
10459,2023-04-03,Western,Cocoa,31.14,0.0,13.98,30.5,128,0.0
10460,2023-04-03,Eastern,Maize,30.8,0.0,2.79,31.1,388,0.0
10461,2023-04-03,Eastern,Cassava,25.61,0.0,1.36,25.3,254,0.0
10462,2023-04-03,Eastern,Cocoa,17.73,0.0,13.72,33.2,289,0.0
10463,2023-04-04,Greater Accra,Maize,12.62,0.0,3.06,31.8,92,0.0
10464,2023-04-04,Greater Accra,Cassava,17.46,0.0,0.0,33.9,143,0.0
10465,2023-04-04,Ashanti,Maize,8.82,0.0,3.29,28.0,375,0.0
10466,2023-04-04,Ashanti,Cassava,5.53,0.0,1.21,30.3,379,0.0
10467,2023-04-04,Ashanti,Cocoa,12.4,0.0,16.13,28.4,335,0.0
10468,2023-04-04,Northern,Maize,20.78,0.0,3.57,33.8,131,0.0
10469,2023-04-04,Northern,Cassava,6.87,0.0,1.74,31.3,472,0.0
10470,2023-04-04,Northern,Cocoa,6.71,0.0,18.01,31.1,88,0.0
10471,2023-04-04,Western,Maize,40.72,0.0,2.71,31.0,369,0.0
10472,2023-04-04,Western,Cassava,38.63,0.0,1.27,27.2,497,0.0
10473,2023-04-04,Eastern,Cocoa,19.63,0.0,17.35,24.9,456,0.0
10474,2023-04-05,Greater Accra,Maize,17.38,0.0,2.83,26.2,243,0.0
10475,2023-04-05,Greater Accra,Cassava,20.72,0.0,1.37,28.4,122,0.0
10476,2023-04-05,Greater Accra,Cocoa,1.47,0.0,14.7,25.1,100,0.0
10477,2023-04-05,Ashanti,Maize,29.25,0.0,2.79,27.7,63,0.0
10478,2023-04-05,Ashanti,Cassava,18.55,0.0,1.73,32.6,498,0.0
10479,2023-04-05,Ashanti,Cocoa,41.26,0.0,13.79,32.2,239,0.0
10480,2023-04-05,Northern,Maize,4.0,0.0,3.47,28.1,82,0.0
10481,2023-04-05,Northern,Cassava,13.19,0.0,1.27,24.3,177,0.0
10482,2023-04-05,Western,Maize,24.79,0.0,2.54,24.8,156,0.0
10483,2023-04-05,Western,Cassava,51.64,0.0,1.28,33.1,345,0.0
10484,2023-04-05,Eastern,Maize,30.31,0.0,2.57,27.4,99,0.0
10485,2023-04-05,Eastern,Cassava,37.04,0.0,1.44,33.7,199,0.0
10486,2023-04-05,Eastern,Cocoa,23.69,0.0,16.2,27.5,118,0.0
10487,2023-04-06,Greater Accra,Maize,12.75,0.0,3.16,33.2,136,0.0
10488,2023-04-06,Greater Accra,Cassava,11.38,0.0,1.39,30.2,147,0.0
10489,2023-04-06,Greater Accra,Cocoa,13.71,0.0,14.61,30.0,397,0.0
10490,2023-04-06,Ashanti,Maize,5.05,0.0,3.13,25.0,312,0.0
10491,2023-04-06,Ashanti,Cassava,25.55,0.0,1.4,29.9,143,0.0
10492,2023-04-06,Ashanti,Cocoa,24.19,0.0,12.41,25.0,182,0.0
10493,2023-04-06,Northern,Maize,18.26,0.0,3.02,28.5,109,0.0
10494,2023-04-06,Northern,Cassava,19.44,0.0,1.25,32.3,232,0.0
10495,2023-04-06,Northern,Cocoa,6.34,0.0,16.38,26.1,268,0.0
10496,2023-04-06,Western,Maize,48.52,0.0,2.71,26.2,481,0.0
10497,2023-04-06,Western,Cassava,33.8,0.0,1.21,30.9,258,0.0
10498,2023-04-06,Eastern,Maize,33.56,0.0,3.6,34.0,206,0.0
10499,2023-04-06,Eastern,Cassava,11.64,0.0,1.33,33.7,352,0.0
10500,2023-04-06,Eastern,Cocoa,27.97,0.0,16.6,32.5,488,0.0
10501,2023-04-07,Greater Accra,Maize,21.91,0.0,3.32,33.5,446,0.0
10502,2023-04-07,Greater Accra,Cassava,3.81,0.0,1.35,30.9,447,0.0
10503,2023-04-07,Greater Accra,Cocoa,10.91,0.0,12.87,25.3,156,0.0
10504,2023-04-07,Ashanti,Maize,23.2,0.0,2.55,28.8,294,0.0
10505,2023-04-07,Ashanti,Cassava,26.81,0.0,1.63,26.3,171,0.0
10506,2023-04-07,Ashanti,Cocoa,21.12,0.0,17.29,32.3,158,0.0
10507,2023-04-07,Northern,Maize,14.9,0.0,2.55,24.9,499,0.0
10508,2023-04-07,Northern,Cassava,24.58,0.0,1.72,32.4,268,0.0
10509,2023-04-07,Northern,Cocoa,13.68,0.0,14.93,26.4,172,0.0
10510,2023-04-07,Western,Maize,10.39,0.0,3.11,30.3,285,0.0
10511,2023-04-07,Western,Cassava,7.49,0.0,1.73,24.3,247,0.0
10512,2023-04-07,Western,Cocoa,27.06,0.0,13.67,29.8,415,0.0
10513,2023-04-07,Eastern,Cassava,0.0,0.0,1.31,25.3,427,0.0
10514,2023-04-07,Eastern,Cocoa,21.4,0.0,15.18,25.3,297,0.0
10515,2023-04-08,Greater Accra,Cassava,16.43,0.0,1.5,29.2,130,0.0
10516,2023-04-08,Greater Accra,Cocoa,15.4,0.0,16.18,24.0,155,0.0
10517,2023-04-08,Ashanti,Cassava,25.34,0.0,1.23,31.4,284,0.0
10518,2023-04-08,Ashanti,Cocoa,41.38,0.0,14.67,27.4,190,0.0
10519,2023-04-08,Northern,Maize,11.98,0.0,3.15,26.4,357,0.0
10520,2023-04-08,Northern,Cassava,10.22,0.0,1.74,29.3,390,0.0
10521,2023-04-08,Northern,Cocoa,20.99,0.0,14.8,26.2,102,0.0
10522,2023-04-08,Western,Cassava,32.55,0.0,1.31,26.0,407,0.0
10523,2023-04-08,Western,Cocoa,24.04,0.0,14.93,28.3,407,0.0
10524,2023-04-08,Eastern,Maize,12.62,0.0,3.58,32.9,77,0.0
10525,2023-04-08,Eastern,Cassava,5.82,0.0,1.57,32.5,469,0.0
10526,2023-04-08,Eastern,Cocoa,29.39,0.0,14.96,32.5,109,0.0
10527,2023-04-09,Greater Accra,Maize,10.09,0.0,2.96,29.6,123,0.0
10528,2023-04-09,Greater Accra,Cassava,12.06,0.0,1.33,31.8,293,0.0
10529,2023-04-09,Ashanti,Maize,37.18,0.0,3.36,28.5,351,0.0
10530,2023-04-09,Ashanti,Cassava,7.0,0.0,1.63,31.8,180,0.0
10531,2023-04-09,Ashanti,Cocoa,31.54,0.0,17.2,28.8,288,0.0
10532,2023-04-09,Northern,Maize,25.02,0.0,2.51,33.9,340,0.0
10533,2023-04-09,Northern,Cassava,15.28,0.0,1.53,30.9,169,0.0
10534,2023-04-09,Northern,Cocoa,11.39,0.0,12.93,28.1,284,0.0
10535,2023-04-09,Western,Maize,24.29,0.0,2.59,26.1,342,0.0
10536,2023-04-09,Western,Cassava,51.02,0.0,1.39,26.2,106,0.0
10537,2023-04-09,Western,Cocoa,44.36,0.0,12.6,27.5,308,0.0
10538,2023-04-09,Eastern,Maize,26.98,0.0,3.17,30.6,423,0.0
10539,2023-04-09,Eastern,Cassava,9.84,0.0,1.39,30.3,205,0.0
10540,2023-04-09,Eastern,Cocoa,13.87,0.0,14.62,28.2,150,0.0
10541,2023-04-10,Greater Accra,Cassava,9.89,0.0,1.74,24.2,256,0.0
10542,2023-04-10,Greater Accra,Cocoa,25.64,0.0,13.32,31.1,219,0.0
10543,2023-04-10,Ashanti,Maize,42.09,0.0,2.62,32.5,449,0.0
10544,2023-04-10,Ashanti,Cassava,23.34,0.0,1.67,31.0,198,0.0
10545,2023-04-10,Northern,Cassava,13.42,0.0,1.66,24.9,416,0.0
10546,2023-04-10,Northern,Cocoa,12.16,0.0,15.65,30.9,237,0.0
10547,2023-04-10,Western,Cassava,6.16,0.0,1.68,30.4,424,0.0
10548,2023-04-10,Western,Cocoa,25.33,0.0,16.36,24.9,442,0.0
10549,2023-04-10,Eastern,Maize,32.94,0.0,2.58,30.3,166,0.0
10550,2023-04-10,Eastern,Cassava,24.91,0.0,1.57,33.4,235,0.0
10551,2023-04-10,Eastern,Cocoa,31.51,0.0,14.67,32.4,89,0.0
10552,2023-04-11,Greater Accra,Maize,12.41,0.0,3.47,31.3,167,0.0
10553,2023-04-11,Greater Accra,Cassava,12.88,0.0,1.39,33.7,158,0.0
10554,2023-04-11,Greater Accra,Cocoa,7.94,0.0,16.26,33.4,448,0.0
10555,2023-04-11,Ashanti,Maize,22.12,0.0,3.33,30.0,431,0.0
10556,2023-04-11,Ashanti,Cassava,34.13,0.0,1.23,29.3,179,0.0
10557,2023-04-11,Ashanti,Cocoa,26.15,0.0,18.1,29.6,220,0.0
10558,2023-04-11,Northern,Cassava,19.14,0.0,1.52,33.4,317,0.0
10559,2023-04-11,Northern,Cocoa,16.25,0.0,13.66,30.9,105,0.0
10560,2023-04-11,Western,Maize,25.6,0.0,3.28,26.9,124,0.0
10561,2023-04-11,Western,Cassava,38.21,0.0,1.21,27.4,256,0.0
10562,2023-04-11,Eastern,Maize,16.5,0.0,3.08,26.1,370,0.0
10563,2023-04-11,Eastern,Cassava,34.3,0.0,1.22,29.7,154,0.0
10564,2023-04-11,Eastern,Cocoa,12.23,0.0,16.46,24.9,458,0.0
10565,2023-04-12,Greater Accra,Cassava,0.0,0.0,1.51,29.0,382,0.0
10566,2023-04-12,Ashanti,Maize,0.0,0.0,3.54,33.4,361,0.0
10567,2023-04-12,Ashanti,Cassava,36.13,0.0,1.68,30.8,229,0.0
10568,2023-04-12,Ashanti,Cocoa,31.91,0.0,14.67,25.2,185,0.0
10569,2023-04-12,Northern,Maize,12.73,0.0,3.56,29.1,451,0.0
10570,2023-04-12,Northern,Cassava,24.41,0.0,1.2,32.1,430,0.0
10571,2023-04-12,Northern,Cocoa,16.51,0.0,16.85,32.9,163,0.0
10572,2023-04-12,Western,Maize,29.31,0.0,2.75,28.7,95,0.0
10573,2023-04-12,Western,Cassava,43.78,0.0,1.68,32.8,328,0.0
10574,2023-04-12,Western,Cocoa,43.4,0.0,18.14,26.4,172,0.0
10575,2023-04-12,Eastern,Cassava,13.37,0.0,1.56,30.6,204,0.0
10576,2023-04-12,Eastern,Cocoa,32.88,0.0,13.37,28.9,223,0.0
10577,2023-04-13,Greater Accra,Maize,3.83,0.0,3.36,32.1,480,0.0
10578,2023-04-13,Greater Accra,Cassava,21.84,0.0,1.74,31.8,492,0.0
10579,2023-04-13,Greater Accra,Cocoa,18.82,0.0,14.53,32.8,211,0.0
10580,2023-04-13,Ashanti,Cassava,31.26,0.0,1.36,25.1,221,0.0
10581,2023-04-13,Ashanti,Cocoa,33.79,0.0,13.09,31.5,216,0.0
10582,2023-04-13,Northern,Maize,25.82,0.0,2.94,26.1,260,0.0
10583,2023-04-13,Northern,Cassava,17.89,0.0,1.62,32.9,239,0.0
10584,2023-04-13,Northern,Cocoa,4.55,0.0,13.85,31.5,270,0.0
10585,2023-04-13,Western,Maize,48.8,0.0,3.59,30.7,317,0.0
10586,2023-04-13,Western,Cassava,37.74,0.0,1.74,26.7,392,0.0
10587,2023-04-13,Western,Cocoa,40.12,0.0,17.14,26.6,317,0.0
10588,2023-04-13,Eastern,Maize,27.85,0.0,3.33,26.3,236,0.0
10589,2023-04-13,Eastern,Cassava,21.05,0.0,1.59,29.1,192,0.0
10590,2023-04-13,Eastern,Cocoa,13.64,0.0,15.55,29.0,144,0.0
10591,2023-04-14,Greater Accra,Maize,12.14,0.0,2.53,24.6,497,0.0
10592,2023-04-14,Ashanti,Maize,12.02,0.0,3.14,27.4,303,0.0
10593,2023-04-14,Ashanti,Cassava,23.33,0.0,1.31,24.4,303,0.0
10594,2023-04-14,Ashanti,Cocoa,30.58,0.0,15.79,30.9,345,0.0
10595,2023-04-14,Northern,Maize,0.0,0.0,2.73,33.1,248,0.0
10596,2023-04-14,Northern,Cassava,6.93,0.0,1.61,26.6,345,0.0
10597,2023-04-14,Northern,Cocoa,30.44,0.0,17.59,29.3,52,0.0
10598,2023-04-14,Western,Cassava,49.14,0.0,1.29,24.9,296,0.0
10599,2023-04-14,Western,Cocoa,39.2,0.0,18.03,25.9,178,0.0
10600,2023-04-14,Eastern,Maize,19.83,0.0,3.29,30.4,102,0.0
10601,2023-04-14,Eastern,Cocoa,14.54,0.0,14.65,31.9,79,0.0
10602,2023-04-15,Greater Accra,Maize,16.99,0.0,3.46,28.9,127,0.0
10603,2023-04-15,Greater Accra,Cassava,8.75,0.0,1.68,31.5,349,0.0
10604,2023-04-15,Ashanti,Maize,40.87,0.0,3.49,25.3,474,0.0
10605,2023-04-15,Ashanti,Cassava,42.54,0.0,1.39,27.3,461,0.0
10606,2023-04-15,Ashanti,Cocoa,21.73,0.0,18.11,33.6,404,0.0
10607,2023-04-15,Northern,Maize,10.6,0.0,3.06,32.8,377,0.0
10608,2023-04-15,Northern,Cocoa,32.27,0.0,15.58,26.1,160,0.0
10609,2023-04-15,Western,Maize,37.51,0.0,3.54,33.6,71,0.0
10610,2023-04-15,Western,Cassava,6.15,0.0,1.48,28.9,377,0.0
10611,2023-04-15,Western,Cocoa,10.24,0.0,18.11,33.8,442,0.0
10612,2023-04-15,Eastern,Maize,10.08,0.0,3.11,32.9,470,0.0
10613,2023-04-15,Eastern,Cassava,24.72,0.0,1.26,30.1,361,0.0
10614,2023-04-15,Eastern,Cocoa,27.91,0.0,14.08,25.1,339,0.0
10615,2023-04-16,Greater Accra,Maize,6.88,0.0,3.01,28.4,304,0.0
10616,2023-04-16,Greater Accra,Cassava,22.35,0.0,1.63,31.9,179,0.0
10617,2023-04-16,Greater Accra,Cocoa,11.23,0.0,17.26,28.3,428,0.0
10618,2023-04-16,Ashanti,Maize,34.73,0.0,3.41,27.6,449,0.0
10619,2023-04-16,Ashanti,Cassava,37.76,0.0,1.39,30.1,299,0.0
10620,2023-04-16,Ashanti,Cocoa,38.92,0.0,15.38,24.9,99,0.0
10621,2023-04-16,Northern,Maize,21.46,0.0,2.78,29.7,349,0.0
10622,2023-04-16,Northern,Cassava,10.45,0.0,1.7,25.9,322,0.0
10623,2023-04-16,Northern,Cocoa,21.76,0.0,15.7,27.6,430,0.0
10624,2023-04-16,Western,Maize,10.18,0.0,3.32,25.7,73,0.0
10625,2023-04-16,Eastern,Maize,19.69,0.0,3.45,28.1,133,0.0
10626,2023-04-16,Eastern,Cassava,6.04,0.0,1.31,29.5,241,0.0
10627,2023-04-16,Eastern,Cocoa,26.58,0.0,16.66,30.8,300,0.0
10628,2023-04-17,Greater Accra,Maize,21.77,0.0,2.76,28.9,494,0.0
10629,2023-04-17,Greater Accra,Cassava,3.27,0.0,1.41,26.7,434,0.0
10630,2023-04-17,Greater Accra,Cocoa,22.78,0.0,13.63,29.7,406,0.0
10631,2023-04-17,Ashanti,Cassava,34.02,0.0,1.56,25.0,244,0.0
10632,2023-04-17,Northern,Cassava,6.09,0.0,1.37,26.9,268,0.0
10633,2023-04-17,Northern,Cocoa,19.53,0.0,16.95,30.4,494,0.0
10634,2023-04-17,Western,Maize,44.86,0.0,2.9,29.7,97,0.0
10635,2023-04-17,Western,Cassava,38.87,0.0,1.42,32.0,397,0.0
10636,2023-04-17,Western,Cocoa,44.98,0.0,17.54,32.9,177,0.0
10637,2023-04-17,Eastern,Maize,26.47,0.0,2.82,29.3,128,0.0
10638,2023-04-17,Eastern,Cassava,6.05,0.0,1.73,31.3,339,0.0
10639,2023-04-17,Eastern,Cocoa,22.86,0.0,13.03,32.3,462,0.0
10640,2023-04-18,Greater Accra,Cassava,23.23,0.0,1.54,33.6,183,0.0
10641,2023-04-18,Ashanti,Maize,32.93,0.0,3.42,27.0,411,0.0
10642,2023-04-18,Ashanti,Cocoa,18.13,0.0,16.7,31.8,249,0.0
10643,2023-04-18,Northern,Maize,25.64,0.0,3.64,28.7,89,0.0
10644,2023-04-18,Northern,Cassava,25.89,0.0,1.7,28.4,425,0.0
10645,2023-04-18,Northern,Cocoa,0.56,0.0,14.38,24.7,75,0.0
10646,2023-04-18,Western,Maize,24.6,0.0,2.55,31.1,366,0.0
10647,2023-04-18,Eastern,Cassava,32.71,0.0,1.63,32.2,279,0.0
10648,2023-04-19,Greater Accra,Maize,10.83,0.0,2.81,26.3,162,0.0
10649,2023-04-19,Greater Accra,Cassava,20.63,0.0,1.49,31.2,447,0.0
10650,2023-04-19,Greater Accra,Cocoa,7.86,0.0,13.28,27.7,318,0.0
10651,2023-04-19,Ashanti,Maize,25.74,0.0,2.81,26.3,491,0.0
10652,2023-04-19,Northern,Maize,14.61,0.0,2.92,29.9,145,0.0
10653,2023-04-19,Northern,Cassava,30.07,0.0,1.45,31.7,118,0.0
10654,2023-04-19,Northern,Cocoa,3.15,0.0,12.48,24.2,381,0.0
10655,2023-04-19,Western,Cassava,17.17,0.0,1.46,30.7,398,0.0
10656,2023-04-19,Western,Cocoa,22.3,0.0,15.12,33.6,219,0.0
10657,2023-04-19,Eastern,Maize,17.93,0.0,3.57,32.3,189,0.0
10658,2023-04-19,Eastern,Cassava,21.43,0.0,1.66,25.2,315,0.0
10659,2023-04-19,Eastern,Cocoa,25.66,0.0,16.31,30.5,435,0.0
10660,2023-04-20,Greater Accra,Maize,0.0,0.0,3.43,32.9,156,0.0
10661,2023-04-20,Greater Accra,Cassava,9.01,0.0,1.53,26.1,338,0.0
10662,2023-04-20,Greater Accra,Cocoa,12.63,0.0,0.0,28.7,468,0.0
10663,2023-04-20,Ashanti,Maize,15.85,0.0,3.14,29.1,56,0.0
10664,2023-04-20,Ashanti,Cassava,18.24,0.0,1.33,28.1,440,0.0
10665,2023-04-20,Ashanti,Cocoa,8.14,0.0,15.63,31.2,417,0.0
10666,2023-04-20,Northern,Cassava,3.75,0.0,1.25,24.5,312,0.0
10667,2023-04-20,Northern,Cocoa,17.49,0.0,17.5,33.8,252,0.0
10668,2023-04-20,Western,Maize,4.27,0.0,2.91,24.0,342,0.0
10669,2023-04-20,Western,Cassava,21.94,0.0,1.23,29.6,432,0.0
10670,2023-04-20,Eastern,Maize,18.47,0.0,3.12,29.9,237,0.0
10671,2023-04-20,Eastern,Cassava,34.31,0.0,1.53,28.5,63,0.0
10672,2023-04-21,Greater Accra,Maize,21.02,0.0,3.54,26.6,128,0.0
10673,2023-04-21,Greater Accra,Cassava,10.35,0.0,0.0,29.2,192,0.0
10674,2023-04-21,Greater Accra,Cocoa,7.64,0.0,17.25,31.4,155,0.0
10675,2023-04-21,Ashanti,Maize,33.56,0.0,2.51,28.9,488,0.0
10676,2023-04-21,Ashanti,Cassava,20.22,0.0,1.4,25.8,138,0.0
10677,2023-04-21,Ashanti,Cocoa,15.89,0.0,17.66,27.1,318,0.0
10678,2023-04-21,Northern,Maize,21.9,0.0,2.67,27.8,313,0.0
10679,2023-04-21,Northern,Cassava,18.73,0.0,1.6,25.2,332,0.0
10680,2023-04-21,Northern,Cocoa,9.76,0.0,14.78,29.0,473,0.0
10681,2023-04-21,Western,Maize,34.23,0.0,2.81,26.1,183,0.0
10682,2023-04-21,Western,Cassava,25.03,0.0,1.72,27.7,421,0.0
10683,2023-04-21,Western,Cocoa,48.23,0.0,17.89,24.4,356,0.0
10684,2023-04-21,Eastern,Maize,29.63,0.0,2.63,29.5,238,0.0
10685,2023-04-21,Eastern,Cassava,9.52,0.0,1.24,33.5,116,0.0
10686,2023-04-21,Eastern,Cocoa,29.59,0.0,12.41,28.1,292,0.0
10687,2023-04-22,Greater Accra,Maize,13.42,0.0,3.52,33.5,353,0.0
10688,2023-04-22,Greater Accra,Cassava,23.09,0.0,1.58,28.2,475,0.0
10689,2023-04-22,Greater Accra,Cocoa,14.25,0.0,17.89,30.9,143,0.0
10690,2023-04-22,Ashanti,Maize,38.39,0.0,2.72,26.9,367,0.0
10691,2023-04-22,Ashanti,Cocoa,10.23,0.0,16.13,32.5,131,0.0
10692,2023-04-22,Northern,Maize,8.3,0.0,2.77,30.0,86,0.0
10693,2023-04-22,Northern,Cassava,4.77,0.0,1.59,25.4,286,0.0
10694,2023-04-22,Western,Cassava,37.81,0.0,1.69,24.0,336,0.0
10695,2023-04-22,Eastern,Maize,13.25,0.0,3.32,28.2,468,0.0
10696,2023-04-22,Eastern,Cassava,6.5,0.0,1.35,24.4,131,0.0
10697,2023-04-22,Eastern,Cocoa,20.85,0.0,15.11,29.5,415,0.0
10698,2023-04-23,Greater Accra,Maize,19.92,0.0,3.1,29.9,377,0.0
10699,2023-04-23,Greater Accra,Cocoa,8.88,0.0,15.54,27.7,166,0.0
10700,2023-04-23,Ashanti,Maize,34.23,0.0,2.66,30.1,459,0.0
10701,2023-04-23,Ashanti,Cassava,14.03,0.0,1.34,29.4,378,0.0
10702,2023-04-23,Ashanti,Cocoa,23.57,0.0,14.83,27.4,265,0.0
10703,2023-04-23,Northern,Maize,24.84,0.0,3.45,24.2,484,0.0
10704,2023-04-23,Northern,Cassava,9.22,0.0,1.21,28.1,376,0.0
10705,2023-04-23,Western,Maize,37.0,0.0,2.92,30.3,122,0.0
10706,2023-04-23,Western,Cassava,36.6,0.0,1.65,29.1,367,0.0
10707,2023-04-23,Western,Cocoa,26.87,0.0,15.6,30.1,140,0.0
10708,2023-04-23,Eastern,Maize,15.87,0.0,3.35,26.5,449,0.0
10709,2023-04-24,Greater Accra,Maize,19.89,0.0,2.87,29.4,488,0.0
10710,2023-04-24,Greater Accra,Cassava,26.78,0.0,1.48,28.8,396,0.0
10711,2023-04-24,Greater Accra,Cocoa,19.12,0.0,15.96,30.8,408,0.0
10712,2023-04-24,Ashanti,Maize,25.29,0.0,3.32,25.1,165,0.0
10713,2023-04-24,Ashanti,Cassava,41.67,0.0,0.0,27.2,249,0.0
10714,2023-04-24,Ashanti,Cocoa,5.15,0.0,12.58,32.4,198,0.0
10715,2023-04-24,Northern,Maize,15.83,0.0,2.75,33.1,101,0.0
10716,2023-04-24,Northern,Cassava,22.58,0.0,1.64,31.8,149,0.0
10717,2023-04-24,Northern,Cocoa,26.64,0.0,16.8,31.3,59,0.0
10718,2023-04-24,Western,Maize,35.28,0.0,2.86,26.3,434,0.0
10719,2023-04-24,Western,Cassava,52.17,0.0,1.64,27.2,396,0.0
10720,2023-04-24,Western,Cocoa,30.57,0.0,17.74,24.3,443,0.0
10721,2023-04-24,Eastern,Maize,29.51,0.0,3.27,32.6,292,0.0
10722,2023-04-24,Eastern,Cassava,12.35,0.0,1.62,27.2,462,0.0
10723,2023-04-24,Eastern,Cocoa,16.2,0.0,15.45,30.0,379,0.0
10724,2023-04-25,Greater Accra,Maize,17.15,0.0,3.22,24.7,485,0.0
10725,2023-04-25,Greater Accra,Cassava,17.82,0.0,1.68,26.8,245,0.0
10726,2023-04-25,Greater Accra,Cocoa,10.88,0.0,13.97,24.1,176,0.0
10727,2023-04-25,Ashanti,Cassava,2.24,0.0,1.41,26.4,380,0.0
10728,2023-04-25,Ashanti,Cocoa,12.77,0.0,14.11,29.3,408,0.0
10729,2023-04-25,Northern,Maize,19.48,0.0,2.85,27.6,321,0.0
10730,2023-04-25,Northern,Cassava,18.5,0.0,1.28,25.5,366,0.0
10731,2023-04-25,Northern,Cocoa,13.3,0.0,17.57,25.2,241,0.0
10732,2023-04-25,Western,Maize,15.9,0.0,2.63,27.0,386,0.0
10733,2023-04-25,Western,Cassava,14.65,0.0,1.37,25.9,468,0.0
10734,2023-04-25,Western,Cocoa,29.32,0.0,15.01,29.8,279,0.0
10735,2023-04-25,Eastern,Maize,11.65,0.0,2.64,29.0,179,0.0
10736,2023-04-25,Eastern,Cassava,24.78,0.0,1.73,31.4,386,0.0
10737,2023-04-26,Greater Accra,Maize,20.47,0.0,3.15,27.9,308,0.0
10738,2023-04-26,Greater Accra,Cassava,25.64,0.0,1.28,25.9,418,0.0
10739,2023-04-26,Greater Accra,Cocoa,27.86,0.0,14.36,30.6,208,0.0
10740,2023-04-26,Ashanti,Maize,18.37,0.0,3.16,31.2,251,0.0
10741,2023-04-26,Ashanti,Cassava,29.45,0.0,1.55,24.3,93,0.0
10742,2023-04-26,Ashanti,Cocoa,8.67,0.0,15.38,24.2,95,0.0
10743,2023-04-26,Northern,Maize,5.93,0.0,3.34,30.0,227,0.0
10744,2023-04-26,Northern,Cassava,9.03,0.0,1.34,24.5,258,0.0
10745,2023-04-26,Northern,Cocoa,16.1,0.0,17.68,26.2,409,0.0
10746,2023-04-26,Western,Maize,20.33,0.0,2.61,24.7,333,0.0
10747,2023-04-26,Western,Cassava,48.21,0.0,1.58,32.7,249,0.0
10748,2023-04-26,Western,Cocoa,40.78,0.0,17.9,29.0,112,0.0
10749,2023-04-26,Eastern,Maize,6.5,0.0,2.52,30.1,93,0.0
10750,2023-04-26,Eastern,Cassava,18.79,0.0,1.24,32.2,58,0.0
10751,2023-04-26,Eastern,Cocoa,4.33,0.0,15.6,29.2,356,0.0
10752,2023-04-27,Greater Accra,Maize,26.77,0.0,3.27,27.7,166,0.0
10753,2023-04-27,Greater Accra,Cassava,7.63,0.0,1.53,33.4,346,0.0
10754,2023-04-27,Greater Accra,Cocoa,23.43,0.0,12.95,25.1,149,0.0
10755,2023-04-27,Ashanti,Cassava,26.82,0.0,1.43,28.2,435,0.0
10756,2023-04-27,Ashanti,Cocoa,25.04,0.0,16.09,26.7,431,0.0
10757,2023-04-27,Northern,Cassava,29.76,0.0,1.46,25.5,254,0.0
10758,2023-04-27,Western,Cassava,53.25,0.0,1.65,31.2,85,0.0
10759,2023-04-27,Western,Cocoa,52.58,0.0,12.93,33.4,184,0.0
10760,2023-04-27,Eastern,Maize,30.3,0.0,3.03,28.6,462,0.0
10761,2023-04-27,Eastern,Cassava,31.53,0.0,1.54,26.0,115,0.0
10762,2023-04-27,Eastern,Cocoa,31.41,0.0,15.79,32.6,362,0.0
10763,2023-04-28,Greater Accra,Maize,11.51,0.0,3.08,27.0,401,0.0
10764,2023-04-28,Greater Accra,Cassava,19.66,0.0,1.56,24.2,152,0.0
10765,2023-04-28,Greater Accra,Cocoa,15.9,0.0,12.64,31.4,124,0.0
10766,2023-04-28,Ashanti,Maize,30.94,0.0,3.58,33.6,382,0.0
10767,2023-04-28,Ashanti,Cassava,33.32,0.0,1.64,30.4,374,0.0
10768,2023-04-28,Ashanti,Cocoa,41.44,0.0,13.43,26.5,240,0.0
10769,2023-04-28,Northern,Maize,20.67,0.0,3.39,26.5,51,0.0
10770,2023-04-28,Northern,Cassava,21.06,0.0,1.22,25.3,115,0.0
10771,2023-04-28,Northern,Cocoa,10.1,0.0,15.01,32.9,434,0.0
10772,2023-04-28,Western,Maize,10.78,0.0,3.49,25.8,381,0.0
10773,2023-04-28,Western,Cassava,14.38,0.0,1.26,33.2,353,0.0
10774,2023-04-28,Western,Cocoa,24.7,0.0,14.72,28.3,160,0.0
10775,2023-04-28,Eastern,Maize,8.75,0.0,2.78,32.5,223,0.0
10776,2023-04-28,Eastern,Cassava,32.56,0.0,1.58,28.2,188,0.0
10777,2023-04-28,Eastern,Cocoa,12.61,0.0,13.72,33.0,497,0.0
10778,2023-04-29,Greater Accra,Maize,8.59,0.0,3.13,26.0,247,0.0
10779,2023-04-29,Greater Accra,Cassava,14.37,0.0,1.65,31.9,462,0.0
10780,2023-04-29,Greater Accra,Cocoa,19.79,0.0,14.17,28.8,131,0.0
10781,2023-04-29,Ashanti,Maize,41.57,0.0,3.13,30.4,458,0.0
10782,2023-04-29,Ashanti,Cassava,27.38,0.0,1.4,26.7,494,0.0
10783,2023-04-29,Ashanti,Cocoa,32.9,0.0,12.45,30.6,468,0.0
10784,2023-04-29,Northern,Maize,16.8,0.0,2.85,28.5,420,0.0
10785,2023-04-29,Northern,Cocoa,8.97,0.0,15.62,27.5,361,0.0
10786,2023-04-29,Western,Maize,31.31,0.0,2.72,24.9,439,0.0
10787,2023-04-29,Western,Cassava,49.11,0.0,1.7,24.5,354,0.0
10788,2023-04-29,Western,Cocoa,12.06,0.0,14.07,27.1,261,0.0
10789,2023-04-29,Eastern,Maize,8.89,0.0,3.51,31.3,370,0.0
10790,2023-04-29,Eastern,Cocoa,10.9,0.0,14.67,25.6,472,0.0
10791,2023-04-30,Greater Accra,Maize,9.94,0.0,3.03,25.4,324,0.0
10792,2023-04-30,Greater Accra,Cassava,12.7,0.0,1.71,26.4,60,0.0
10793,2023-04-30,Greater Accra,Cocoa,17.6,0.0,18.14,29.4,479,0.0
10794,2023-04-30,Ashanti,Cocoa,34.71,0.0,16.46,28.0,387,0.0
10795,2023-04-30,Northern,Maize,12.45,0.0,3.43,26.1,371,0.0
10796,2023-04-30,Northern,Cassava,3.48,0.0,1.22,29.1,190,0.0
10797,2023-04-30,Western,Cassava,21.26,0.0,1.2,28.2,253,0.0
10798,2023-04-30,Western,Cocoa,32.14,0.0,15.72,26.0,225,0.0
10799,2023-04-30,Eastern,Maize,18.45,0.0,3.64,25.4,125,0.0
10800,2023-04-30,Eastern,Cassava,22.87,0.0,1.61,29.5,52,0.0
10801,2023-04-30,Eastern,Cocoa,21.51,0.0,13.86,30.4,212,0.0
10802,2023-05-01,Greater Accra,Maize,15.27,0.0,3.46,26.3,377,0.0
10803,2023-05-01,Ashanti,Maize,22.95,0.0,2.81,26.1,168,0.0
10804,2023-05-01,Ashanti,Cassava,40.12,0.0,1.37,25.6,461,0.0
10805,2023-05-01,Ashanti,Cocoa,7.21,0.0,13.11,25.9,344,0.0
10806,2023-05-01,Northern,Maize,13.75,0.0,2.96,32.5,179,0.0
10807,2023-05-01,Northern,Cassava,11.61,0.0,1.26,26.5,313,0.0
10808,2023-05-01,Northern,Cocoa,5.17,0.0,0.0,32.7,332,0.0
10809,2023-05-01,Western,Maize,0.0,0.0,3.21,27.6,238,0.0
10810,2023-05-01,Western,Cassava,12.72,0.0,1.71,33.9,491,0.0
10811,2023-05-01,Eastern,Maize,5.84,0.0,0.0,30.1,381,0.0
10812,2023-05-01,Eastern,Cocoa,11.94,0.0,13.8,24.2,330,0.0
10813,2023-05-02,Greater Accra,Maize,15.58,0.0,2.6,29.9,51,0.0
10814,2023-05-02,Greater Accra,Cassava,18.05,0.0,1.46,31.5,208,0.0
10815,2023-05-02,Greater Accra,Cocoa,11.12,0.0,14.87,29.6,278,0.0
10816,2023-05-02,Ashanti,Cassava,15.58,0.0,1.47,27.8,449,0.0
10817,2023-05-02,Ashanti,Cocoa,37.22,0.0,14.37,33.7,333,0.0
10818,2023-05-02,Northern,Maize,18.35,0.0,2.78,25.4,257,0.0
10819,2023-05-02,Western,Maize,44.65,0.0,2.99,25.8,267,0.0
10820,2023-05-02,Western,Cassava,18.71,0.0,1.69,25.8,194,0.0
10821,2023-05-02,Western,Cocoa,28.05,0.0,0.0,24.8,113,0.0
10822,2023-05-02,Eastern,Maize,9.88,0.0,2.89,29.7,104,0.0
10823,2023-05-02,Eastern,Cocoa,36.53,0.0,12.69,24.1,120,0.0
10824,2023-05-03,Greater Accra,Maize,13.82,0.0,3.48,28.5,138,0.0
10825,2023-05-03,Greater Accra,Cassava,0.0,0.0,1.34,31.6,163,0.0
10826,2023-05-03,Greater Accra,Cocoa,10.11,0.0,16.55,33.9,154,0.0
10827,2023-05-03,Ashanti,Cassava,42.71,0.0,1.66,28.4,334,0.0
10828,2023-05-03,Ashanti,Cocoa,36.74,0.0,14.7,26.6,427,0.0
10829,2023-05-03,Northern,Maize,25.2,0.0,2.64,24.0,253,0.0
10830,2023-05-03,Northern,Cassava,20.93,0.0,1.24,28.0,206,0.0
10831,2023-05-03,Northern,Cocoa,17.49,0.0,15.71,27.6,497,0.0
10832,2023-05-03,Western,Maize,50.83,0.0,2.75,33.2,465,0.0
10833,2023-05-03,Eastern,Cassava,6.63,0.0,1.35,24.4,469,0.0
10834,2023-05-03,Eastern,Cocoa,30.71,0.0,13.2,25.0,401,0.0
10835,2023-05-04,Greater Accra,Maize,3.05,0.0,2.84,26.3,207,0.0
10836,2023-05-04,Greater Accra,Cocoa,20.81,0.0,15.57,24.5,485,0.0
10837,2023-05-04,Ashanti,Maize,39.68,0.0,3.14,31.5,85,0.0
10838,2023-05-04,Ashanti,Cassava,17.23,0.0,1.55,27.9,425,0.0
10839,2023-05-04,Northern,Maize,26.45,0.0,3.35,31.2,256,0.0
10840,2023-05-04,Northern,Cocoa,18.44,0.0,12.92,24.8,409,0.0
10841,2023-05-04,Western,Maize,14.27,0.0,3.35,26.0,256,0.0
10842,2023-05-04,Western,Cocoa,14.32,0.0,15.02,25.1,225,0.0
10843,2023-05-04,Eastern,Maize,32.46,0.0,2.78,25.9,194,0.0
10844,2023-05-04,Eastern,Cocoa,20.9,0.0,15.44,25.8,440,0.0
10845,2023-05-05,Greater Accra,Maize,16.27,0.0,2.68,26.4,256,0.0
10846,2023-05-05,Greater Accra,Cassava,8.93,0.0,1.38,25.0,74,0.0
10847,2023-05-05,Ashanti,Maize,32.67,0.0,3.49,26.6,263,0.0
10848,2023-05-05,Ashanti,Cassava,21.98,0.0,1.26,32.2,125,0.0
10849,2023-05-05,Ashanti,Cocoa,32.35,0.0,15.08,30.2,284,0.0
10850,2023-05-05,Northern,Maize,26.74,0.0,2.97,32.8,269,0.0
10851,2023-05-05,Northern,Cassava,6.54,0.0,1.45,24.4,495,0.0
10852,2023-05-05,Northern,Cocoa,13.13,0.0,14.31,28.1,484,0.0
10853,2023-05-05,Western,Maize,34.35,0.0,3.16,33.3,166,0.0
10854,2023-05-05,Western,Cassava,43.37,0.0,1.67,27.7,187,0.0
10855,2023-05-05,Western,Cocoa,38.43,0.0,14.01,28.4,384,0.0
10856,2023-05-05,Eastern,Maize,18.36,0.0,3.32,29.3,304,0.0
10857,2023-05-05,Eastern,Cassava,16.28,0.0,1.47,27.7,496,0.0
10858,2023-05-05,Eastern,Cocoa,10.92,0.0,16.09,32.9,193,0.0
10859,2023-05-06,Greater Accra,Maize,17.52,0.0,2.85,31.9,94,0.0
10860,2023-05-06,Greater Accra,Cassava,24.61,0.0,1.27,24.0,247,0.0
10861,2023-05-06,Greater Accra,Cocoa,15.2,0.0,14.62,33.3,264,0.0
10862,2023-05-06,Ashanti,Maize,16.01,0.0,3.02,24.9,429,0.0
10863,2023-05-06,Ashanti,Cassava,20.32,0.0,1.73,29.2,149,0.0
10864,2023-05-06,Ashanti,Cocoa,17.9,0.0,17.66,25.2,323,0.0
10865,2023-05-06,Northern,Maize,13.61,0.0,2.73,31.2,62,0.0
10866,2023-05-06,Northern,Cassava,14.74,0.0,1.67,31.0,490,0.0
10867,2023-05-06,Northern,Cocoa,31.63,0.0,12.71,25.0,473,0.0
10868,2023-05-06,Western,Maize,42.88,0.0,3.56,25.2,491,0.0
10869,2023-05-06,Western,Cassava,11.84,0.0,1.61,27.5,250,0.0
10870,2023-05-06,Western,Cocoa,50.98,0.0,14.35,30.4,492,0.0
10871,2023-05-06,Eastern,Cassava,0.0,0.0,1.66,32.8,201,0.0
10872,2023-05-06,Eastern,Cocoa,7.59,0.0,17.91,24.6,266,0.0
10873,2023-05-07,Greater Accra,Maize,5.27,0.0,3.05,25.3,203,0.0
10874,2023-05-07,Greater Accra,Cassava,20.58,0.0,1.5,28.1,118,0.0
10875,2023-05-07,Greater Accra,Cocoa,9.49,0.0,15.96,29.1,309,0.0
10876,2023-05-07,Ashanti,Maize,24.1,0.0,2.89,26.2,88,0.0
10877,2023-05-07,Ashanti,Cassava,24.56,0.0,1.21,25.8,64,0.0
10878,2023-05-07,Northern,Maize,21.9,0.0,2.67,27.4,346,0.0
10879,2023-05-07,Northern,Cassava,7.08,0.0,1.55,30.7,424,0.0
10880,2023-05-07,Western,Maize,43.37,0.0,2.57,28.3,239,0.0
10881,2023-05-07,Western,Cassava,10.89,0.0,1.37,28.1,419,0.0
10882,2023-05-07,Western,Cocoa,28.89,0.0,12.58,33.0,117,0.0
10883,2023-05-07,Eastern,Maize,25.58,0.0,3.11,24.9,424,0.0
10884,2023-05-07,Eastern,Cassava,14.51,0.0,1.2,26.8,489,0.0
10885,2023-05-07,Eastern,Cocoa,37.54,0.0,13.25,28.7,221,0.0
10886,2023-05-08,Greater Accra,Maize,22.2,0.0,3.54,28.2,271,0.0
10887,2023-05-08,Greater Accra,Cassava,27.15,0.0,1.38,29.1,405,0.0
10888,2023-05-08,Greater Accra,Cocoa,16.5,0.0,17.76,31.6,243,0.0
10889,2023-05-08,Ashanti,Cassava,39.67,0.0,1.38,32.1,120,0.0
10890,2023-05-08,Ashanti,Cocoa,6.14,0.0,14.82,25.1,300,0.0
10891,2023-05-08,Northern,Cassava,6.22,0.0,1.51,30.2,92,0.0
10892,2023-05-08,Northern,Cocoa,10.15,0.0,0.0,31.2,297,0.0
10893,2023-05-08,Western,Maize,17.13,0.0,2.91,32.9,444,0.0
10894,2023-05-08,Western,Cassava,47.52,0.0,1.39,25.2,305,0.0
10895,2023-05-08,Western,Cocoa,49.11,0.0,18.22,26.9,239,0.0
10896,2023-05-08,Eastern,Maize,20.1,0.0,2.93,29.8,174,0.0
10897,2023-05-08,Eastern,Cassava,14.91,0.0,1.65,29.2,304,0.0
10898,2023-05-08,Eastern,Cocoa,19.77,0.0,14.0,31.7,355,0.0
10899,2023-05-09,Greater Accra,Maize,1.81,0.0,2.84,32.3,126,0.0
10900,2023-05-09,Greater Accra,Cassava,23.84,0.0,1.27,26.9,178,0.0
10901,2023-05-09,Greater Accra,Cocoa,5.34,0.0,12.83,33.1,91,0.0
10902,2023-05-09,Ashanti,Maize,6.75,0.0,3.35,26.1,179,0.0
10903,2023-05-09,Ashanti,Cassava,27.69,0.0,1.51,24.0,219,0.0
10904,2023-05-09,Ashanti,Cocoa,40.61,0.0,14.49,29.4,136,0.0
10905,2023-05-09,Northern,Cocoa,11.74,0.0,14.27,26.0,367,0.0
10906,2023-05-09,Western,Cassava,42.74,0.0,1.45,29.1,215,0.0
10907,2023-05-09,Western,Cocoa,37.46,0.0,17.14,26.2,265,0.0
10908,2023-05-09,Eastern,Maize,11.8,0.0,2.7,32.5,457,0.0
10909,2023-05-09,Eastern,Cassava,12.03,0.0,1.71,27.5,120,0.0
10910,2023-05-09,Eastern,Cocoa,3.26,0.0,18.1,32.3,359,0.0
10911,2023-05-10,Greater Accra,Maize,11.38,0.0,2.65,27.6,491,0.0
10912,2023-05-10,Greater Accra,Cocoa,18.55,0.0,12.98,26.1,345,0.0
10913,2023-05-10,Ashanti,Maize,15.83,0.0,3.36,31.2,481,0.0
10914,2023-05-10,Ashanti,Cassava,38.24,0.0,1.39,25.3,457,0.0
10915,2023-05-10,Ashanti,Cocoa,26.67,0.0,14.49,27.3,495,0.0
10916,2023-05-10,Northern,Cocoa,20.32,0.0,0.0,28.7,490,0.0
10917,2023-05-10,Western,Cocoa,19.2,0.0,16.09,30.5,211,0.0
10918,2023-05-10,Eastern,Cassava,25.35,0.0,1.5,30.1,242,0.0
10919,2023-05-10,Eastern,Cocoa,28.51,0.0,12.91,27.9,233,0.0
10920,2023-05-11,Greater Accra,Maize,5.62,0.0,2.9,28.4,160,0.0
10921,2023-05-11,Greater Accra,Cassava,6.62,0.0,1.41,28.9,173,0.0
10922,2023-05-11,Ashanti,Cassava,42.94,0.0,1.44,25.5,448,0.0
10923,2023-05-11,Ashanti,Cocoa,12.68,0.0,16.53,32.0,82,0.0
10924,2023-05-11,Northern,Maize,5.94,0.0,3.26,33.4,223,0.0
10925,2023-05-11,Northern,Cocoa,16.27,0.0,13.18,29.6,93,0.0
10926,2023-05-11,Western,Maize,46.03,0.0,3.56,29.5,405,0.0
10927,2023-05-11,Western,Cassava,24.61,0.0,1.66,28.3,181,0.0
10928,2023-05-11,Eastern,Cassava,34.0,0.0,1.69,28.6,347,0.0
10929,2023-05-11,Eastern,Cocoa,11.91,0.0,13.5,32.3,99,0.0
10930,2023-05-12,Greater Accra,Maize,11.05,0.0,3.05,28.6,66,0.0
10931,2023-05-12,Greater Accra,Cassava,22.4,0.0,1.75,31.4,477,0.0
10932,2023-05-12,Greater Accra,Cocoa,17.79,0.0,13.59,28.6,392,0.0
10933,2023-05-12,Ashanti,Cassava,44.51,0.0,1.21,26.9,91,0.0
10934,2023-05-12,Ashanti,Cocoa,16.14,0.0,13.7,25.4,289,0.0
10935,2023-05-12,Northern,Maize,23.18,0.0,2.79,24.0,203,0.0
10936,2023-05-12,Northern,Cassava,10.4,0.0,1.36,27.7,313,0.0
10937,2023-05-12,Northern,Cocoa,24.66,0.0,14.13,25.7,190,0.0
10938,2023-05-12,Western,Maize,30.33,0.0,3.63,27.4,90,0.0
10939,2023-05-12,Western,Cassava,28.38,0.0,1.24,30.9,207,0.0
10940,2023-05-12,Eastern,Maize,7.55,0.0,3.6,29.5,310,0.0
10941,2023-05-12,Eastern,Cassava,19.03,0.0,1.59,25.0,291,0.0
10942,2023-05-12,Eastern,Cocoa,18.87,0.0,15.75,27.7,336,0.0
10943,2023-05-13,Greater Accra,Maize,14.82,0.0,3.58,28.5,465,0.0
10944,2023-05-13,Greater Accra,Cassava,10.53,0.0,1.26,24.8,487,0.0
10945,2023-05-13,Greater Accra,Cocoa,15.6,0.0,16.88,27.2,158,0.0
10946,2023-05-13,Ashanti,Maize,23.16,0.0,3.55,31.2,125,0.0
10947,2023-05-13,Ashanti,Cassava,16.2,0.0,1.56,33.3,377,0.0
10948,2023-05-13,Ashanti,Cocoa,25.51,0.0,13.91,32.5,92,0.0
10949,2023-05-13,Northern,Maize,5.92,0.0,3.4,26.5,334,0.0
10950,2023-05-13,Northern,Cocoa,14.23,0.0,13.6,26.4,484,0.0
10951,2023-05-13,Western,Maize,33.13,0.0,3.49,25.3,132,0.0
10952,2023-05-13,Western,Cassava,34.87,0.0,1.41,33.8,405,0.0
10953,2023-05-13,Western,Cocoa,35.04,0.0,17.7,32.3,98,0.0
10954,2023-05-13,Eastern,Maize,8.2,0.0,2.51,30.8,146,0.0
10955,2023-05-13,Eastern,Cassava,12.03,0.0,1.7,30.2,300,0.0
10956,2023-05-14,Greater Accra,Maize,16.93,0.0,3.08,25.0,249,0.0
10957,2023-05-14,Greater Accra,Cassava,9.93,0.0,1.46,29.2,492,0.0
10958,2023-05-14,Greater Accra,Cocoa,16.58,0.0,12.53,28.1,384,0.0
10959,2023-05-14,Ashanti,Maize,30.72,0.0,2.81,27.4,109,0.0
10960,2023-05-14,Ashanti,Cassava,17.8,0.0,1.34,25.2,135,0.0
10961,2023-05-14,Northern,Maize,25.96,0.0,2.73,28.1,422,0.0
10962,2023-05-14,Northern,Cassava,11.76,0.0,1.53,27.1,207,0.0
10963,2023-05-14,Northern,Cocoa,17.08,0.0,17.83,31.0,160,0.0
10964,2023-05-14,Western,Maize,38.52,0.0,3.11,32.3,455,0.0
10965,2023-05-14,Western,Cocoa,0.0,0.0,14.29,29.7,216,0.0
10966,2023-05-14,Eastern,Maize,28.81,0.0,3.14,29.1,319,0.0
10967,2023-05-14,Eastern,Cassava,16.51,0.0,1.57,31.8,263,0.0
10968,2023-05-14,Eastern,Cocoa,31.05,0.0,17.61,27.0,489,0.0
10969,2023-05-15,Greater Accra,Maize,5.69,0.0,2.72,28.1,424,0.0
10970,2023-05-15,Greater Accra,Cassava,21.96,0.0,1.42,27.4,115,0.0
10971,2023-05-15,Greater Accra,Cocoa,8.59,0.0,14.26,24.0,372,0.0
10972,2023-05-15,Ashanti,Maize,11.4,0.0,2.71,27.8,212,0.0
10973,2023-05-15,Ashanti,Cassava,8.16,0.0,1.38,30.0,184,0.0
10974,2023-05-15,Ashanti,Cocoa,38.56,0.0,13.12,32.5,119,0.0
10975,2023-05-15,Northern,Maize,22.55,0.0,2.59,29.7,448,0.0
10976,2023-05-15,Northern,Cassava,10.78,0.0,1.24,24.0,362,0.0
10977,2023-05-15,Northern,Cocoa,7.03,0.0,13.43,31.9,369,0.0
10978,2023-05-15,Western,Maize,44.95,0.0,3.48,28.4,59,0.0
10979,2023-05-15,Western,Cocoa,15.38,0.0,12.99,25.5,279,0.0
10980,2023-05-15,Eastern,Maize,15.52,0.0,2.65,29.5,455,0.0
10981,2023-05-15,Eastern,Cassava,17.62,0.0,1.58,31.2,51,0.0
10982,2023-05-15,Eastern,Cocoa,6.92,0.0,12.63,29.9,141,0.0
10983,2023-05-16,Greater Accra,Maize,21.14,0.0,3.39,31.9,403,0.0
10984,2023-05-16,Greater Accra,Cocoa,12.54,0.0,13.64,33.6,444,0.0
10985,2023-05-16,Ashanti,Cassava,26.77,0.0,1.57,32.6,400,0.0
10986,2023-05-16,Ashanti,Cocoa,6.38,0.0,12.96,25.7,461,0.0
10987,2023-05-16,Northern,Maize,9.69,0.0,3.36,24.4,448,0.0
10988,2023-05-16,Northern,Cassava,7.44,0.0,1.23,33.4,212,0.0
10989,2023-05-16,Northern,Cocoa,14.61,0.0,15.6,24.2,365,0.0
10990,2023-05-16,Western,Maize,28.41,0.0,3.02,26.9,395,0.0
10991,2023-05-16,Western,Cassava,45.04,0.0,1.47,31.0,169,0.0
10992,2023-05-16,Western,Cocoa,13.66,0.0,12.74,28.3,248,0.0
10993,2023-05-16,Eastern,Cassava,16.83,0.0,1.46,33.1,391,0.0
10994,2023-05-16,Eastern,Cocoa,16.79,0.0,15.09,26.5,73,0.0
10995,2023-05-17,Greater Accra,Maize,13.8,0.0,3.1,26.7,184,0.0
10996,2023-05-17,Greater Accra,Cocoa,16.79,0.0,15.33,33.2,404,0.0
10997,2023-05-17,Ashanti,Maize,13.81,0.0,3.18,32.7,347,0.0
10998,2023-05-17,Ashanti,Cassava,21.44,0.0,1.62,27.2,55,0.0
10999,2023-05-17,Ashanti,Cocoa,38.49,0.0,13.11,25.1,426,0.0
11000,2023-05-17,Northern,Maize,6.91,0.0,2.93,32.0,139,0.0
11001,2023-05-17,Northern,Cassava,15.45,0.0,1.67,24.2,471,0.0
11002,2023-05-17,Northern,Cocoa,12.02,0.0,16.58,33.3,299,0.0
11003,2023-05-17,Western,Maize,21.16,0.0,3.29,25.6,317,0.0
11004,2023-05-17,Western,Cassava,49.59,0.0,1.39,29.1,77,0.0
11005,2023-05-17,Western,Cocoa,17.28,0.0,12.58,31.3,406,0.0
11006,2023-05-17,Eastern,Maize,23.03,0.0,3.39,30.5,293,0.0
11007,2023-05-17,Eastern,Cassava,30.05,0.0,1.62,31.9,446,0.0
11008,2023-05-17,Eastern,Cocoa,7.04,0.0,15.25,31.0,325,0.0
11009,2023-05-18,Greater Accra,Maize,8.99,0.0,3.42,27.1,402,0.0
11010,2023-05-18,Greater Accra,Cassava,6.88,0.0,1.75,24.1,208,0.0
11011,2023-05-18,Greater Accra,Cocoa,3.87,0.0,18.01,28.2,437,0.0
11012,2023-05-18,Ashanti,Cassava,10.64,0.0,1.51,28.5,358,0.0
11013,2023-05-18,Ashanti,Cocoa,23.59,0.0,15.9,28.5,433,0.0
11014,2023-05-18,Northern,Maize,22.1,0.0,3.14,29.2,121,0.0
11015,2023-05-18,Northern,Cassava,21.42,0.0,1.27,32.6,112,0.0
11016,2023-05-18,Northern,Cocoa,4.07,0.0,14.37,28.0,402,0.0
11017,2023-05-18,Western,Maize,38.34,0.0,3.52,26.7,494,0.0
11018,2023-05-18,Western,Cassava,27.7,0.0,1.51,30.6,406,0.0
11019,2023-05-18,Western,Cocoa,35.06,0.0,16.88,27.2,453,0.0
11020,2023-05-18,Eastern,Maize,5.48,0.0,2.91,26.8,439,0.0
11021,2023-05-18,Eastern,Cassava,12.56,0.0,1.49,29.0,472,0.0
11022,2023-05-18,Eastern,Cocoa,12.43,0.0,14.31,27.2,327,0.0
11023,2023-05-19,Greater Accra,Cassava,21.47,0.0,1.43,28.9,62,0.0
11024,2023-05-19,Greater Accra,Cocoa,15.29,0.0,12.71,25.1,152,0.0
11025,2023-05-19,Ashanti,Maize,39.14,0.0,3.14,26.8,222,0.0
11026,2023-05-19,Ashanti,Cassava,0.0,0.0,1.19,24.7,224,0.0
11027,2023-05-19,Ashanti,Cocoa,36.71,0.0,17.47,32.8,360,0.0
11028,2023-05-19,Northern,Maize,22.46,0.0,2.64,29.9,491,0.0
11029,2023-05-19,Northern,Cassava,19.85,0.0,1.33,27.3,382,0.0
11030,2023-05-19,Northern,Cocoa,6.57,0.0,13.1,30.3,278,0.0
11031,2023-05-19,Western,Maize,23.43,0.0,3.06,28.7,169,0.0
11032,2023-05-19,Western,Cassava,22.28,0.0,1.6,28.2,498,0.0
11033,2023-05-19,Western,Cocoa,14.95,0.0,13.28,27.3,265,0.0
11034,2023-05-19,Eastern,Maize,7.4,0.0,2.8,30.1,355,0.0
11035,2023-05-19,Eastern,Cocoa,30.8,0.0,15.81,31.2,367,0.0
11036,2023-05-20,Greater Accra,Maize,19.6,0.0,2.64,31.8,460,0.0
11037,2023-05-20,Greater Accra,Cassava,9.87,0.0,1.69,29.4,242,0.0
11038,2023-05-20,Greater Accra,Cocoa,20.93,0.0,14.3,24.1,131,0.0
11039,2023-05-20,Ashanti,Maize,8.69,0.0,3.3,33.3,150,0.0
11040,2023-05-20,Northern,Maize,23.06,0.0,3.03,24.6,64,0.0
11041,2023-05-20,Northern,Cassava,20.71,0.0,1.26,24.1,87,0.0
11042,2023-05-20,Northern,Cocoa,6.04,0.0,16.53,30.5,155,0.0
11043,2023-05-20,Western,Maize,33.26,0.0,3.63,33.1,337,0.0
11044,2023-05-20,Western,Cassava,28.93,0.0,1.51,26.6,447,0.0
11045,2023-05-20,Eastern,Cassava,30.91,0.0,1.73,33.5,423,0.0
11046,2023-05-20,Eastern,Cocoa,10.69,0.0,16.61,26.4,409,0.0
11047,2023-05-21,Greater Accra,Maize,7.43,0.0,3.15,31.8,356,0.0
11048,2023-05-21,Greater Accra,Cassava,28.3,0.0,1.27,25.4,149,0.0
11049,2023-05-21,Greater Accra,Cocoa,8.25,0.0,13.03,29.0,91,0.0
11050,2023-05-21,Ashanti,Maize,7.85,0.0,3.04,24.6,411,0.0
11051,2023-05-21,Ashanti,Cocoa,42.46,0.0,14.9,27.3,322,0.0
11052,2023-05-21,Northern,Maize,30.13,0.0,2.72,33.7,355,0.0
11053,2023-05-21,Northern,Cassava,21.96,0.0,1.2,31.2,414,0.0
11054,2023-05-21,Northern,Cocoa,21.79,0.0,18.07,26.5,142,0.0
11055,2023-05-21,Western,Cassava,23.64,0.0,1.5,26.8,330,0.0
11056,2023-05-21,Western,Cocoa,50.33,0.0,17.15,33.0,447,0.0
11057,2023-05-21,Eastern,Maize,26.93,0.0,3.55,28.7,490,0.0
11058,2023-05-21,Eastern,Cocoa,6.78,0.0,18.04,32.9,396,0.0
11059,2023-05-22,Greater Accra,Maize,16.25,0.0,3.08,27.2,352,0.0
11060,2023-05-22,Greater Accra,Cassava,17.14,0.0,1.4,28.3,444,0.0
11061,2023-05-22,Greater Accra,Cocoa,5.12,0.0,16.76,30.7,79,0.0
11062,2023-05-22,Ashanti,Maize,18.97,0.0,2.75,27.1,327,0.0
11063,2023-05-22,Ashanti,Cassava,30.65,0.0,1.43,28.4,95,0.0
11064,2023-05-22,Ashanti,Cocoa,15.76,0.0,15.15,28.3,54,0.0
11065,2023-05-22,Northern,Maize,21.9,0.0,2.62,31.5,256,0.0
11066,2023-05-22,Northern,Cassava,18.23,0.0,1.61,25.7,187,0.0
11067,2023-05-22,Northern,Cocoa,12.87,0.0,17.21,28.4,482,0.0
11068,2023-05-22,Western,Maize,24.41,0.0,3.06,29.2,278,0.0
11069,2023-05-22,Western,Cassava,16.18,0.0,1.21,29.7,464,0.0
11070,2023-05-22,Western,Cocoa,45.25,0.0,14.87,24.2,295,0.0
11071,2023-05-22,Eastern,Maize,18.47,0.0,3.11,31.0,146,0.0
11072,2023-05-22,Eastern,Cassava,20.19,0.0,1.36,26.4,279,0.0
11073,2023-05-22,Eastern,Cocoa,18.81,0.0,12.96,26.9,457,0.0
11074,2023-05-23,Greater Accra,Maize,11.92,0.0,3.41,25.6,330,0.0
11075,2023-05-23,Greater Accra,Cocoa,15.0,0.0,13.44,28.2,394,0.0
11076,2023-05-23,Ashanti,Maize,29.39,0.0,3.03,29.0,280,0.0
11077,2023-05-23,Ashanti,Cassava,12.12,0.0,1.2,25.2,461,0.0
11078,2023-05-23,Ashanti,Cocoa,34.15,0.0,15.8,31.0,467,0.0
11079,2023-05-23,Northern,Maize,25.32,0.0,2.85,29.5,330,0.0
11080,2023-05-23,Northern,Cassava,12.45,0.0,1.61,25.3,94,0.0
11081,2023-05-23,Western,Maize,41.95,0.0,2.67,28.0,396,0.0
11082,2023-05-23,Western,Cassava,33.88,0.0,1.71,31.7,75,0.0
11083,2023-05-23,Western,Cocoa,34.69,0.0,13.27,32.1,178,0.0
11084,2023-05-23,Eastern,Maize,22.2,0.0,2.52,31.5,404,0.0
11085,2023-05-23,Eastern,Cassava,13.96,0.0,1.46,31.3,305,0.0
11086,2023-05-23,Eastern,Cocoa,12.29,0.0,16.72,28.3,468,0.0
11087,2023-05-24,Greater Accra,Maize,24.92,0.0,2.87,30.5,125,0.0
11088,2023-05-24,Greater Accra,Cassava,0.0,0.0,1.68,31.5,164,0.0
11089,2023-05-24,Ashanti,Maize,6.82,0.0,3.14,32.1,106,0.0
11090,2023-05-24,Northern,Cassava,30.29,0.0,1.31,28.8,306,0.0
11091,2023-05-24,Western,Maize,45.32,0.0,2.79,27.8,153,0.0
11092,2023-05-24,Western,Cassava,10.1,0.0,1.6,32.2,390,0.0
11093,2023-05-24,Western,Cocoa,28.86,0.0,16.89,32.5,460,0.0
11094,2023-05-24,Eastern,Maize,27.16,0.0,3.4,30.5,428,0.0
11095,2023-05-24,Eastern,Cassava,8.98,0.0,1.69,25.3,111,0.0
11096,2023-05-24,Eastern,Cocoa,29.73,0.0,16.94,28.2,128,0.0
11097,2023-05-25,Greater Accra,Cocoa,4.22,0.0,17.18,30.0,283,0.0
11098,2023-05-25,Ashanti,Cassava,23.2,0.0,1.45,30.8,223,0.0
11099,2023-05-25,Ashanti,Cocoa,8.94,0.0,16.54,25.9,422,0.0
11100,2023-05-25,Northern,Maize,26.95,0.0,3.16,33.9,87,0.0
11101,2023-05-25,Northern,Cassava,15.51,0.0,1.28,27.4,117,0.0
11102,2023-05-25,Northern,Cocoa,18.44,0.0,0.0,27.1,381,0.0
11103,2023-05-25,Western,Maize,42.01,0.0,2.69,28.3,155,0.0
11104,2023-05-25,Western,Cassava,33.85,0.0,1.57,27.4,78,0.0
11105,2023-05-25,Western,Cocoa,22.19,0.0,13.0,33.4,387,0.0
11106,2023-05-25,Eastern,Cassava,16.86,0.0,1.22,26.6,336,0.0
11107,2023-05-25,Eastern,Cocoa,18.65,0.0,12.75,28.7,58,0.0
11108,2023-05-26,Greater Accra,Maize,5.5,0.0,3.46,33.2,270,0.0
11109,2023-05-26,Greater Accra,Cassava,0.0,0.0,1.72,31.2,265,0.0
11110,2023-05-26,Greater Accra,Cocoa,13.05,0.0,13.27,32.5,316,0.0
11111,2023-05-26,Ashanti,Cassava,43.22,0.0,1.29,28.5,447,0.0
11112,2023-05-26,Ashanti,Cocoa,15.2,0.0,17.2,29.5,261,0.0
11113,2023-05-26,Northern,Maize,24.71,0.0,2.72,26.4,182,0.0
11114,2023-05-26,Northern,Cassava,4.63,0.0,1.27,31.3,54,0.0
11115,2023-05-26,Northern,Cocoa,0.8,0.0,14.72,26.3,324,0.0
11116,2023-05-26,Western,Maize,29.13,0.0,2.75,24.8,308,0.0
11117,2023-05-26,Western,Cassava,29.7,0.0,1.72,27.6,148,0.0
11118,2023-05-26,Western,Cocoa,50.44,0.0,14.57,30.0,138,0.0
11119,2023-05-26,Eastern,Maize,14.22,0.0,0.0,27.9,160,0.0
11120,2023-05-26,Eastern,Cassava,5.02,0.0,1.68,25.0,499,0.0
11121,2023-05-27,Greater Accra,Maize,1.83,0.0,2.68,27.8,396,0.0
11122,2023-05-27,Greater Accra,Cassava,8.0,0.0,1.4,29.5,262,0.0
11123,2023-05-27,Greater Accra,Cocoa,6.46,0.0,12.85,33.4,69,0.0
11124,2023-05-27,Ashanti,Maize,30.05,0.0,3.47,29.8,292,0.0
11125,2023-05-27,Ashanti,Cassava,28.3,0.0,1.45,31.3,332,0.0
11126,2023-05-27,Ashanti,Cocoa,28.9,0.0,15.11,27.4,394,0.0
11127,2023-05-27,Northern,Maize,27.58,0.0,3.15,30.4,115,0.0
11128,2023-05-27,Northern,Cassava,13.73,0.0,1.26,33.3,56,0.0
11129,2023-05-27,Western,Maize,11.73,0.0,2.94,32.8,305,0.0
11130,2023-05-27,Western,Cassava,28.7,0.0,1.44,33.4,315,0.0
11131,2023-05-27,Western,Cocoa,31.38,0.0,15.44,28.3,341,0.0
11132,2023-05-27,Eastern,Maize,32.39,0.0,3.08,33.5,455,0.0
11133,2023-05-27,Eastern,Cassava,24.79,0.0,1.37,24.2,395,0.0
11134,2023-05-27,Eastern,Cocoa,14.54,0.0,15.19,28.6,133,0.0
11135,2023-05-28,Greater Accra,Maize,26.22,0.0,2.86,25.0,259,0.0
11136,2023-05-28,Greater Accra,Cassava,8.97,0.0,1.7,31.0,388,0.0
11137,2023-05-28,Greater Accra,Cocoa,16.66,0.0,16.52,29.1,491,0.0
11138,2023-05-28,Ashanti,Maize,31.54,0.0,3.45,25.6,471,0.0
11139,2023-05-28,Ashanti,Cassava,5.21,0.0,1.41,26.6,385,0.0
11140,2023-05-28,Ashanti,Cocoa,3.57,0.0,18.16,31.7,127,0.0
11141,2023-05-28,Northern,Maize,23.69,0.0,3.39,28.9,242,0.0
11142,2023-05-28,Northern,Cocoa,6.25,0.0,12.64,25.6,94,0.0
11143,2023-05-28,Western,Maize,31.36,0.0,2.63,33.4,274,0.0
11144,2023-05-28,Western,Cocoa,18.62,0.0,14.12,30.0,462,0.0
11145,2023-05-28,Eastern,Maize,18.73,0.0,2.79,32.4,353,0.0
11146,2023-05-28,Eastern,Cassava,15.62,0.0,1.33,27.8,453,0.0
11147,2023-05-28,Eastern,Cocoa,10.89,0.0,17.7,29.5,472,0.0
11148,2023-05-29,Greater Accra,Maize,4.83,0.0,2.8,31.0,366,0.0
11149,2023-05-29,Greater Accra,Cassava,17.06,0.0,1.41,27.5,217,0.0
11150,2023-05-29,Ashanti,Maize,19.16,0.0,2.62,32.9,404,0.0
11151,2023-05-29,Ashanti,Cassava,13.4,0.0,1.41,29.4,237,0.0
11152,2023-05-29,Northern,Cassava,28.38,0.0,1.2,31.9,355,0.0
11153,2023-05-29,Northern,Cocoa,26.32,0.0,12.62,33.3,149,0.0
11154,2023-05-29,Western,Maize,52.33,0.0,2.95,25.4,105,0.0
11155,2023-05-29,Western,Cassava,37.57,0.0,1.59,32.0,52,0.0
11156,2023-05-29,Western,Cocoa,47.92,0.0,17.85,27.4,444,0.0
11157,2023-05-29,Eastern,Maize,27.49,0.0,2.87,32.8,239,0.0
11158,2023-05-29,Eastern,Cocoa,24.11,0.0,14.52,32.3,355,0.0
11159,2023-05-30,Greater Accra,Maize,23.54,0.0,2.75,31.7,149,0.0
11160,2023-05-30,Greater Accra,Cassava,20.28,0.0,1.38,24.6,106,0.0
11161,2023-05-30,Greater Accra,Cocoa,6.84,0.0,14.97,28.0,475,0.0
11162,2023-05-30,Ashanti,Maize,13.88,0.0,3.41,31.9,478,0.0
11163,2023-05-30,Ashanti,Cocoa,12.89,0.0,12.54,28.2,459,0.0
11164,2023-05-30,Northern,Maize,29.79,0.0,3.04,29.6,93,0.0
11165,2023-05-30,Northern,Cassava,1.79,0.0,1.68,30.5,425,0.0
11166,2023-05-30,Northern,Cocoa,22.04,0.0,17.5,31.7,413,0.0
11167,2023-05-30,Western,Maize,17.54,0.0,2.7,29.9,134,0.0
11168,2023-05-30,Western,Cassava,37.29,0.0,1.48,30.3,146,0.0
11169,2023-05-30,Western,Cocoa,23.34,0.0,13.64,26.4,427,0.0
11170,2023-05-30,Eastern,Cassava,19.34,0.0,1.71,30.7,313,0.0
11171,2023-05-30,Eastern,Cocoa,9.19,0.0,16.11,28.4,275,0.0
11172,2023-05-31,Greater Accra,Cassava,6.92,0.0,1.5,32.5,171,0.0
11173,2023-05-31,Greater Accra,Cocoa,8.67,0.0,14.72,29.5,377,0.0
11174,2023-05-31,Ashanti,Maize,39.87,0.0,3.19,25.4,470,0.0
11175,2023-05-31,Northern,Maize,17.17,0.0,2.99,33.1,221,0.0
11176,2023-05-31,Northern,Cassava,29.93,0.0,1.67,29.4,302,0.0
11177,2023-05-31,Northern,Cocoa,25.77,0.0,16.76,27.3,305,0.0
11178,2023-05-31,Western,Maize,44.36,0.0,2.72,31.8,472,0.0
11179,2023-05-31,Western,Cassava,30.53,0.0,1.44,26.9,490,0.0
11180,2023-05-31,Western,Cocoa,16.39,0.0,15.15,30.9,131,0.0
11181,2023-05-31,Eastern,Maize,31.42,0.0,3.03,27.7,491,0.0
11182,2023-05-31,Eastern,Cocoa,26.24,0.0,17.43,32.2,159,0.0
11183,2023-06-01,Greater Accra,Maize,4.24,0.0,2.61,31.9,282,0.0
11184,2023-06-01,Greater Accra,Cocoa,24.74,0.0,17.09,32.3,272,0.0
11185,2023-06-01,Ashanti,Maize,6.49,0.0,2.71,25.1,219,0.0
11186,2023-06-01,Ashanti,Cocoa,10.73,0.0,17.15,27.7,211,0.0
11187,2023-06-01,Northern,Maize,12.51,0.0,3.49,26.0,212,0.0
11188,2023-06-01,Northern,Cassava,21.58,0.0,1.61,31.3,79,0.0
11189,2023-06-01,Northern,Cocoa,8.76,0.0,17.29,27.1,476,0.0
11190,2023-06-01,Western,Maize,14.78,0.0,2.63,27.0,325,0.0
11191,2023-06-01,Western,Cassava,25.67,0.0,1.68,28.4,59,0.0
11192,2023-06-01,Western,Cocoa,43.17,0.0,17.3,26.4,415,0.0
11193,2023-06-01,Eastern,Maize,0.0,0.0,2.54,26.0,192,0.0
11194,2023-06-01,Eastern,Cassava,35.37,0.0,1.43,29.7,410,0.0
11195,2023-06-01,Eastern,Cocoa,17.88,0.0,13.08,24.5,254,0.0
11196,2023-06-02,Greater Accra,Maize,15.11,0.0,3.14,31.6,486,0.0
11197,2023-06-02,Greater Accra,Cassava,6.51,0.0,1.64,29.4,444,0.0
11198,2023-06-02,Greater Accra,Cocoa,7.57,0.0,13.73,31.2,231,0.0
11199,2023-06-02,Ashanti,Maize,18.85,0.0,3.5,31.6,95,0.0
11200,2023-06-02,Ashanti,Cassava,33.72,0.0,1.32,32.3,334,0.0
11201,2023-06-02,Ashanti,Cocoa,43.35,0.0,14.7,27.6,133,0.0
11202,2023-06-02,Northern,Maize,20.86,0.0,3.58,28.2,61,0.0
11203,2023-06-02,Northern,Cassava,9.7,0.0,1.25,32.3,284,0.0
11204,2023-06-02,Northern,Cocoa,26.8,0.0,17.85,32.4,301,0.0
11205,2023-06-02,Western,Maize,22.44,0.0,2.91,28.8,464,0.0
11206,2023-06-02,Western,Cassava,23.9,0.0,1.23,31.9,426,0.0
11207,2023-06-02,Western,Cocoa,49.63,0.0,16.15,33.2,462,0.0
11208,2023-06-02,Eastern,Maize,27.49,0.0,2.61,33.7,93,0.0
11209,2023-06-02,Eastern,Cassava,13.75,0.0,1.62,31.4,163,0.0
11210,2023-06-02,Eastern,Cocoa,15.87,0.0,13.35,30.1,208,0.0
11211,2023-06-03,Greater Accra,Maize,20.61,0.0,3.2,32.5,469,0.0
11212,2023-06-03,Greater Accra,Cassava,12.92,0.0,1.44,31.1,308,0.0
11213,2023-06-03,Greater Accra,Cocoa,3.26,0.0,13.1,29.1,90,0.0
11214,2023-06-03,Ashanti,Maize,26.89,0.0,3.21,27.7,308,0.0
11215,2023-06-03,Ashanti,Cassava,41.84,0.0,1.61,24.4,487,0.0
11216,2023-06-03,Ashanti,Cocoa,35.0,0.0,0.0,32.5,71,0.0
11217,2023-06-03,Northern,Maize,19.07,0.0,2.98,29.3,337,0.0
11218,2023-06-03,Northern,Cassava,12.3,0.0,1.44,32.2,196,0.0
11219,2023-06-03,Northern,Cocoa,21.86,0.0,15.87,26.5,265,0.0
11220,2023-06-03,Western,Maize,42.04,0.0,2.99,29.9,349,0.0
11221,2023-06-03,Western,Cassava,23.56,0.0,1.21,24.2,249,0.0
11222,2023-06-03,Western,Cocoa,10.4,0.0,12.69,32.6,96,0.0
11223,2023-06-03,Eastern,Maize,15.3,0.0,2.95,26.5,482,0.0
11224,2023-06-03,Eastern,Cassava,7.84,0.0,1.28,32.9,296,0.0
11225,2023-06-03,Eastern,Cocoa,33.16,0.0,15.9,33.7,80,0.0
11226,2023-06-04,Greater Accra,Cassava,22.57,0.0,1.34,29.4,234,0.0
11227,2023-06-04,Ashanti,Maize,8.18,0.0,3.21,31.7,494,0.0
11228,2023-06-04,Ashanti,Cassava,16.84,0.0,1.23,29.5,209,0.0
11229,2023-06-04,Ashanti,Cocoa,38.41,0.0,14.52,25.8,67,0.0
11230,2023-06-04,Northern,Maize,8.71,0.0,3.1,32.3,279,0.0
11231,2023-06-04,Northern,Cassava,16.8,0.0,1.31,33.9,194,0.0
11232,2023-06-04,Northern,Cocoa,8.56,0.0,12.72,33.8,71,0.0
11233,2023-06-04,Western,Maize,15.42,0.0,3.47,26.1,442,0.0
11234,2023-06-04,Western,Cassava,34.15,0.0,1.41,31.4,360,0.0
11235,2023-06-04,Western,Cocoa,39.0,0.0,15.71,30.2,390,0.0
11236,2023-06-04,Eastern,Maize,25.55,0.0,3.61,24.8,164,0.0
11237,2023-06-04,Eastern,Cassava,6.86,0.0,1.53,30.4,217,0.0
11238,2023-06-04,Eastern,Cocoa,12.35,0.0,15.07,24.8,338,0.0
11239,2023-06-05,Greater Accra,Maize,9.53,0.0,2.94,28.3,202,0.0
11240,2023-06-05,Greater Accra,Cassava,14.32,0.0,1.59,32.9,196,0.0
11241,2023-06-05,Greater Accra,Cocoa,23.21,0.0,13.49,29.5,51,0.0
11242,2023-06-05,Ashanti,Maize,5.18,0.0,2.68,29.6,390,0.0
11243,2023-06-05,Ashanti,Cassava,24.96,0.0,1.7,33.6,340,0.0
11244,2023-06-05,Ashanti,Cocoa,37.52,0.0,15.9,25.5,267,0.0
11245,2023-06-05,Northern,Maize,26.14,0.0,3.38,29.2,130,0.0
11246,2023-06-05,Northern,Cassava,21.45,0.0,1.32,32.0,430,0.0
11247,2023-06-05,Northern,Cocoa,19.96,0.0,13.58,31.8,172,0.0
11248,2023-06-05,Western,Maize,29.52,0.0,2.62,33.1,480,0.0
11249,2023-06-05,Western,Cassava,21.13,0.0,1.52,27.1,434,0.0
11250,2023-06-05,Western,Cocoa,17.29,0.0,16.02,32.6,85,0.0
11251,2023-06-05,Eastern,Maize,19.28,0.0,3.29,33.1,356,0.0
11252,2023-06-05,Eastern,Cassava,28.34,0.0,1.27,32.6,80,0.0
11253,2023-06-05,Eastern,Cocoa,37.38,0.0,18.04,33.7,225,0.0
11254,2023-06-06,Greater Accra,Maize,15.85,0.0,3.03,32.1,85,0.0
11255,2023-06-06,Greater Accra,Cassava,11.44,0.0,1.5,25.2,170,0.0
11256,2023-06-06,Greater Accra,Cocoa,14.17,0.0,16.78,33.3,291,0.0
11257,2023-06-06,Ashanti,Maize,27.31,0.0,0.0,25.9,222,0.0
11258,2023-06-06,Ashanti,Cassava,16.16,0.0,1.74,32.6,102,0.0
11259,2023-06-06,Ashanti,Cocoa,6.0,0.0,17.81,31.1,485,0.0
11260,2023-06-06,Northern,Maize,7.27,0.0,2.89,27.8,267,0.0
11261,2023-06-06,Northern,Cassava,8.76,0.0,1.72,28.1,239,0.0
11262,2023-06-06,Northern,Cocoa,23.32,0.0,12.77,29.8,101,0.0
11263,2023-06-06,Western,Maize,10.54,0.0,2.83,24.9,306,0.0
11264,2023-06-06,Western,Cassava,5.54,0.0,1.68,30.5,285,0.0
11265,2023-06-06,Western,Cocoa,22.86,0.0,12.86,27.1,445,0.0
11266,2023-06-06,Eastern,Maize,17.34,0.0,3.03,27.8,279,0.0
11267,2023-06-06,Eastern,Cassava,20.21,0.0,1.25,27.9,81,0.0
11268,2023-06-06,Eastern,Cocoa,9.85,0.0,13.51,32.2,336,0.0
11269,2023-06-07,Greater Accra,Cassava,9.78,0.0,1.21,31.2,420,0.0
11270,2023-06-07,Greater Accra,Cocoa,18.13,0.0,13.71,25.3,196,0.0
11271,2023-06-07,Ashanti,Maize,31.82,0.0,2.65,30.6,314,0.0
11272,2023-06-07,Northern,Maize,12.71,0.0,2.65,31.2,428,0.0
11273,2023-06-07,Northern,Cassava,10.66,0.0,1.57,31.4,285,0.0
11274,2023-06-07,Northern,Cocoa,26.25,0.0,16.9,27.2,195,0.0
11275,2023-06-07,Western,Maize,31.63,0.0,3.18,25.3,451,0.0
11276,2023-06-07,Western,Cocoa,11.59,0.0,17.95,28.5,305,0.0
11277,2023-06-07,Eastern,Maize,35.37,0.0,3.56,24.7,96,0.0
11278,2023-06-07,Eastern,Cassava,28.33,0.0,1.7,28.4,150,0.0
11279,2023-06-07,Eastern,Cocoa,25.16,0.0,17.16,29.8,390,0.0
11280,2023-06-08,Greater Accra,Maize,13.32,0.0,3.52,26.3,259,0.0
11281,2023-06-08,Greater Accra,Cassava,19.56,0.0,1.74,25.1,331,0.0
11282,2023-06-08,Greater Accra,Cocoa,10.43,0.0,17.19,25.5,208,0.0
11283,2023-06-08,Ashanti,Maize,11.87,0.0,3.0,25.4,499,0.0
11284,2023-06-08,Ashanti,Cassava,42.09,0.0,1.62,28.3,370,0.0
11285,2023-06-08,Ashanti,Cocoa,32.02,0.0,12.98,26.8,167,0.0
11286,2023-06-08,Western,Maize,33.46,0.0,3.14,29.8,329,0.0
11287,2023-06-08,Western,Cassava,21.68,0.0,1.22,31.2,80,0.0
11288,2023-06-08,Western,Cocoa,20.03,0.0,18.1,25.3,271,0.0
11289,2023-06-08,Eastern,Maize,5.92,0.0,3.25,28.5,445,0.0
11290,2023-06-08,Eastern,Cassava,9.75,0.0,1.39,26.8,96,0.0
11291,2023-06-08,Eastern,Cocoa,6.44,0.0,16.73,24.6,135,0.0
11292,2023-06-09,Greater Accra,Maize,5.22,0.0,0.0,32.4,269,0.0
11293,2023-06-09,Greater Accra,Cassava,13.41,0.0,1.49,25.4,276,0.0
11294,2023-06-09,Greater Accra,Cocoa,16.99,0.0,13.24,28.7,269,0.0
11295,2023-06-09,Ashanti,Maize,23.34,0.0,2.54,31.5,384,0.0
11296,2023-06-09,Ashanti,Cassava,39.74,0.0,1.52,29.2,212,0.0
11297,2023-06-09,Ashanti,Cocoa,11.02,0.0,16.59,24.7,107,0.0
11298,2023-06-09,Northern,Maize,5.6,0.0,2.75,29.4,362,0.0
11299,2023-06-09,Northern,Cassava,13.63,0.0,1.71,27.2,274,0.0
11300,2023-06-09,Northern,Cocoa,5.23,0.0,17.77,26.2,318,0.0
11301,2023-06-09,Western,Maize,12.41,0.0,2.79,27.7,239,0.0
11302,2023-06-09,Western,Cassava,26.18,0.0,1.26,25.2,102,0.0
11303,2023-06-09,Western,Cocoa,22.14,0.0,14.8,30.3,61,0.0
11304,2023-06-09,Eastern,Maize,22.21,0.0,2.56,30.3,346,0.0
11305,2023-06-09,Eastern,Cassava,27.8,0.0,1.19,32.7,403,0.0
11306,2023-06-09,Eastern,Cocoa,9.35,0.0,13.01,24.3,228,0.0
11307,2023-06-10,Greater Accra,Maize,13.78,0.0,3.36,29.0,57,0.0
11308,2023-06-10,Greater Accra,Cassava,17.28,0.0,1.7,28.6,309,0.0
11309,2023-06-10,Ashanti,Maize,8.41,0.0,3.29,31.3,289,0.0
11310,2023-06-10,Ashanti,Cocoa,32.12,0.0,16.08,27.0,189,0.0
11311,2023-06-10,Northern,Maize,7.71,0.0,2.98,33.9,74,0.0
11312,2023-06-10,Northern,Cassava,3.75,0.0,1.38,32.6,396,0.0
11313,2023-06-10,Northern,Cocoa,20.91,0.0,17.48,24.4,308,0.0
11314,2023-06-10,Western,Maize,45.5,0.0,0.0,32.6,352,0.0
11315,2023-06-10,Western,Cassava,37.27,0.0,1.26,29.6,355,0.0
11316,2023-06-10,Western,Cocoa,39.81,0.0,13.26,24.1,296,0.0
11317,2023-06-10,Eastern,Maize,16.3,0.0,2.48,24.4,203,0.0
11318,2023-06-10,Eastern,Cassava,12.58,0.0,1.7,30.7,417,0.0
11319,2023-06-11,Greater Accra,Maize,10.28,0.0,3.33,25.9,216,0.0
11320,2023-06-11,Greater Accra,Cassava,22.95,0.0,1.7,33.2,267,0.0
11321,2023-06-11,Greater Accra,Cocoa,14.84,0.0,14.29,31.7,197,0.0
11322,2023-06-11,Ashanti,Maize,29.51,0.0,3.58,31.0,385,0.0
11323,2023-06-11,Ashanti,Cassava,23.25,0.0,1.63,24.1,297,0.0
11324,2023-06-11,Ashanti,Cocoa,15.2,0.0,13.27,28.3,486,0.0
11325,2023-06-11,Northern,Cassava,9.65,0.0,1.49,29.6,399,0.0
11326,2023-06-11,Northern,Cocoa,20.33,0.0,15.02,24.7,463,0.0
11327,2023-06-11,Western,Maize,22.03,0.0,2.89,24.4,216,0.0
11328,2023-06-11,Western,Cassava,18.23,0.0,1.62,27.0,440,0.0
11329,2023-06-11,Western,Cocoa,41.26,0.0,18.16,27.1,225,0.0
11330,2023-06-11,Eastern,Cassava,23.33,0.0,1.34,28.6,51,0.0
11331,2023-06-11,Eastern,Cocoa,26.26,0.0,17.37,33.3,247,0.0
11332,2023-06-12,Greater Accra,Maize,8.15,0.0,3.64,33.6,52,0.0
11333,2023-06-12,Greater Accra,Cassava,10.73,0.0,1.53,26.7,300,0.0
11334,2023-06-12,Greater Accra,Cocoa,20.6,0.0,12.54,30.0,174,0.0
11335,2023-06-12,Ashanti,Maize,34.82,0.0,2.59,29.0,304,0.0
11336,2023-06-12,Ashanti,Cassava,22.17,0.0,1.54,29.0,135,0.0
11337,2023-06-12,Northern,Maize,20.29,0.0,3.27,25.5,73,0.0
11338,2023-06-12,Northern,Cassava,4.33,0.0,1.56,33.0,115,0.0
11339,2023-06-12,Northern,Cocoa,25.22,0.0,16.26,27.4,407,0.0
11340,2023-06-12,Western,Maize,34.57,0.0,3.58,31.2,293,0.0
11341,2023-06-12,Western,Cassava,32.21,0.0,1.7,32.3,121,0.0
11342,2023-06-12,Western,Cocoa,8.82,0.0,13.84,32.1,106,0.0
11343,2023-06-12,Eastern,Maize,18.17,0.0,2.64,31.3,423,0.0
11344,2023-06-12,Eastern,Cassava,27.18,0.0,1.71,25.4,289,0.0
11345,2023-06-12,Eastern,Cocoa,24.23,0.0,16.22,30.5,447,0.0
11346,2023-06-13,Greater Accra,Maize,3.01,0.0,2.75,24.5,334,0.0
11347,2023-06-13,Greater Accra,Cassava,20.48,0.0,1.3,26.9,393,0.0
11348,2023-06-13,Ashanti,Cassava,22.36,0.0,1.71,24.0,191,0.0
11349,2023-06-13,Ashanti,Cocoa,39.49,0.0,14.29,32.2,413,0.0
11350,2023-06-13,Northern,Maize,22.6,0.0,3.23,32.6,334,0.0
11351,2023-06-13,Northern,Cassava,3.89,0.0,1.28,30.3,470,0.0
11352,2023-06-13,Northern,Cocoa,18.63,0.0,13.15,32.2,126,0.0
11353,2023-06-13,Western,Maize,46.74,0.0,3.55,28.0,483,0.0
11354,2023-06-13,Western,Cassava,10.74,0.0,1.56,24.1,344,0.0
11355,2023-06-13,Western,Cocoa,8.87,0.0,15.59,25.3,316,0.0
11356,2023-06-13,Eastern,Maize,14.59,0.0,2.53,25.9,57,0.0
11357,2023-06-13,Eastern,Cassava,32.59,0.0,1.62,29.9,159,0.0
11358,2023-06-13,Eastern,Cocoa,31.89,0.0,18.14,31.5,358,0.0
11359,2023-06-14,Greater Accra,Maize,26.29,0.0,3.58,28.2,480,0.0
11360,2023-06-14,Greater Accra,Cassava,2.54,0.0,1.3,25.7,389,0.0
11361,2023-06-14,Ashanti,Maize,27.02,0.0,2.83,28.3,293,0.0
11362,2023-06-14,Ashanti,Cassava,10.84,0.0,1.45,28.2,320,0.0
11363,2023-06-14,Ashanti,Cocoa,32.51,0.0,17.74,29.1,135,0.0
11364,2023-06-14,Northern,Maize,21.61,0.0,3.11,24.8,427,0.0
11365,2023-06-14,Northern,Cassava,0.0,0.0,1.72,30.6,90,0.0
11366,2023-06-14,Northern,Cocoa,3.49,0.0,17.83,25.9,254,0.0
11367,2023-06-14,Western,Maize,41.65,0.0,0.0,29.6,244,0.0
11368,2023-06-14,Western,Cassava,40.1,0.0,1.58,31.0,337,0.0
11369,2023-06-14,Western,Cocoa,23.56,0.0,17.83,31.5,110,0.0
11370,2023-06-14,Eastern,Maize,12.76,0.0,2.64,34.0,63,0.0
11371,2023-06-14,Eastern,Cassava,35.03,0.0,1.55,27.2,144,0.0
11372,2023-06-14,Eastern,Cocoa,23.69,0.0,15.89,27.8,439,0.0
11373,2023-06-15,Greater Accra,Cassava,22.24,0.0,1.74,25.6,163,0.0
11374,2023-06-15,Greater Accra,Cocoa,21.74,0.0,17.69,26.2,97,0.0
11375,2023-06-15,Ashanti,Maize,27.26,0.0,3.39,26.9,367,0.0
11376,2023-06-15,Ashanti,Cassava,21.97,0.0,1.58,31.9,381,0.0
11377,2023-06-15,Ashanti,Cocoa,6.84,0.0,13.73,25.6,164,0.0
11378,2023-06-15,Northern,Maize,5.83,0.0,3.32,33.8,353,0.0
11379,2023-06-15,Northern,Cassava,6.58,0.0,1.21,33.5,233,0.0
11380,2023-06-15,Northern,Cocoa,23.58,0.0,15.9,28.9,436,0.0
11381,2023-06-15,Western,Maize,40.37,0.0,3.18,26.5,252,0.0
11382,2023-06-15,Western,Cassava,12.99,0.0,1.62,33.8,315,0.0
11383,2023-06-15,Western,Cocoa,37.16,0.0,15.58,24.4,135,0.0
11384,2023-06-15,Eastern,Maize,26.33,0.0,2.73,32.9,490,0.0
11385,2023-06-15,Eastern,Cassava,33.5,0.0,1.71,26.6,159,0.0
11386,2023-06-15,Eastern,Cocoa,2.02,0.0,0.0,26.9,73,0.0
11387,2023-06-16,Greater Accra,Maize,23.18,0.0,2.6,30.1,139,0.0
11388,2023-06-16,Greater Accra,Cocoa,10.68,0.0,16.17,24.2,429,0.0
11389,2023-06-16,Ashanti,Maize,21.92,0.0,3.29,24.1,473,0.0
11390,2023-06-16,Ashanti,Cassava,12.65,0.0,1.4,33.3,376,0.0
11391,2023-06-16,Ashanti,Cocoa,24.59,0.0,13.81,29.8,450,0.0
11392,2023-06-16,Northern,Cassava,12.61,0.0,1.71,28.7,100,0.0
11393,2023-06-16,Northern,Cocoa,16.67,0.0,17.31,27.6,228,0.0
11394,2023-06-16,Western,Maize,53.22,0.0,3.24,26.3,280,0.0
11395,2023-06-16,Western,Cassava,8.49,0.0,1.74,31.4,194,0.0
11396,2023-06-16,Western,Cocoa,17.17,0.0,15.9,24.6,164,0.0
11397,2023-06-16,Eastern,Cassava,16.37,0.0,1.45,29.3,433,0.0
11398,2023-06-16,Eastern,Cocoa,28.77,0.0,17.23,26.4,271,0.0
11399,2023-06-17,Greater Accra,Cassava,1.01,0.0,1.51,26.5,220,0.0
11400,2023-06-17,Greater Accra,Cocoa,16.53,0.0,16.3,30.6,213,0.0
11401,2023-06-17,Ashanti,Maize,9.12,0.0,2.74,30.4,123,0.0
11402,2023-06-17,Ashanti,Cassava,11.79,0.0,1.62,27.8,77,0.0
11403,2023-06-17,Ashanti,Cocoa,16.75,0.0,18.13,31.4,74,0.0
11404,2023-06-17,Northern,Maize,26.96,0.0,2.91,25.9,453,0.0
11405,2023-06-17,Northern,Cocoa,15.8,0.0,16.88,27.2,364,0.0
11406,2023-06-17,Western,Maize,15.73,0.0,3.3,31.2,484,0.0
11407,2023-06-17,Western,Cassava,51.8,0.0,1.3,28.1,218,0.0
11408,2023-06-17,Western,Cocoa,39.5,0.0,14.99,33.9,134,0.0
11409,2023-06-17,Eastern,Maize,13.56,0.0,2.75,27.0,207,0.0
11410,2023-06-17,Eastern,Cocoa,20.45,0.0,15.13,25.8,485,0.0
11411,2023-06-18,Greater Accra,Maize,18.97,0.0,3.02,33.3,368,0.0
11412,2023-06-18,Greater Accra,Cassava,22.14,0.0,1.44,26.8,188,0.0
11413,2023-06-18,Greater Accra,Cocoa,19.17,0.0,13.07,32.0,158,0.0
11414,2023-06-18,Ashanti,Maize,24.88,0.0,2.82,27.5,296,0.0
11415,2023-06-18,Ashanti,Cassava,21.77,0.0,1.44,29.7,185,0.0
11416,2023-06-18,Ashanti,Cocoa,4.9,0.0,15.15,31.6,248,0.0
11417,2023-06-18,Northern,Cassava,8.68,0.0,1.36,32.7,484,0.0
11418,2023-06-18,Northern,Cocoa,15.25,0.0,16.77,29.0,461,0.0
11419,2023-06-18,Western,Cassava,30.28,0.0,1.46,32.2,134,0.0
11420,2023-06-18,Western,Cocoa,47.4,0.0,16.37,28.1,147,0.0
11421,2023-06-18,Eastern,Maize,28.95,0.0,2.82,27.9,367,0.0
11422,2023-06-18,Eastern,Cassava,25.47,0.0,1.56,32.7,290,0.0
11423,2023-06-18,Eastern,Cocoa,32.54,0.0,16.63,32.3,180,0.0
11424,2023-06-19,Greater Accra,Maize,6.39,0.0,3.22,27.2,206,0.0
11425,2023-06-19,Ashanti,Maize,11.06,0.0,3.33,24.1,99,0.0
11426,2023-06-19,Ashanti,Cassava,24.03,0.0,1.25,33.1,222,0.0
11427,2023-06-19,Northern,Cassava,14.9,0.0,1.38,30.3,310,0.0
11428,2023-06-19,Northern,Cocoa,17.66,0.0,17.49,31.5,396,0.0
11429,2023-06-19,Western,Maize,46.88,0.0,3.35,28.3,455,0.0
11430,2023-06-19,Western,Cassava,20.19,0.0,1.59,30.0,324,0.0
11431,2023-06-19,Western,Cocoa,31.77,0.0,16.65,32.0,436,0.0
11432,2023-06-19,Eastern,Maize,14.91,0.0,3.13,28.5,160,0.0
11433,2023-06-19,Eastern,Cocoa,34.52,0.0,13.19,33.5,290,0.0
11434,2023-06-20,Greater Accra,Cassava,5.89,0.0,1.34,30.1,202,0.0
11435,2023-06-20,Greater Accra,Cocoa,20.49,0.0,14.59,31.1,416,0.0
11436,2023-06-20,Ashanti,Maize,36.64,0.0,2.5,29.0,59,0.0
11437,2023-06-20,Ashanti,Cassava,15.15,0.0,1.64,28.9,379,0.0
11438,2023-06-20,Ashanti,Cocoa,14.93,0.0,15.2,27.9,61,0.0
11439,2023-06-20,Northern,Maize,27.44,0.0,3.46,24.5,81,0.0
11440,2023-06-20,Northern,Cassava,8.86,0.0,1.58,32.4,397,0.0
11441,2023-06-20,Western,Cassava,26.02,0.0,1.42,29.2,401,0.0
11442,2023-06-20,Western,Cocoa,24.29,0.0,13.82,28.7,434,0.0
11443,2023-06-20,Eastern,Maize,23.85,0.0,2.73,33.7,240,0.0
11444,2023-06-20,Eastern,Cocoa,14.58,0.0,12.47,27.0,252,0.0
11445,2023-06-21,Greater Accra,Maize,11.38,0.0,3.17,26.1,387,0.0
11446,2023-06-21,Greater Accra,Cassava,22.31,0.0,1.58,29.4,320,0.0
11447,2023-06-21,Greater Accra,Cocoa,21.91,0.0,14.16,27.2,458,0.0
11448,2023-06-21,Ashanti,Maize,31.06,0.0,2.93,29.3,250,0.0
11449,2023-06-21,Ashanti,Cassava,19.78,0.0,1.53,29.8,74,0.0
11450,2023-06-21,Ashanti,Cocoa,39.35,0.0,16.88,33.3,69,0.0
11451,2023-06-21,Northern,Maize,8.6,0.0,2.63,28.5,445,0.0
11452,2023-06-21,Northern,Cassava,14.66,0.0,1.26,25.0,413,0.0
11453,2023-06-21,Western,Maize,21.5,0.0,2.86,29.4,59,0.0
11454,2023-06-21,Western,Cassava,48.87,0.0,1.73,25.9,381,0.0
11455,2023-06-21,Eastern,Maize,14.31,0.0,3.48,27.0,308,0.0
11456,2023-06-21,Eastern,Cassava,9.89,0.0,1.29,27.1,119,0.0
11457,2023-06-21,Eastern,Cocoa,11.09,0.0,14.81,29.4,50,0.0
11458,2023-06-22,Greater Accra,Cassava,26.61,0.0,1.68,25.6,163,0.0
11459,2023-06-22,Greater Accra,Cocoa,16.28,0.0,14.85,31.2,408,0.0
11460,2023-06-22,Ashanti,Maize,33.7,0.0,2.77,29.3,414,0.0
11461,2023-06-22,Ashanti,Cassava,35.47,0.0,1.37,30.4,393,0.0
11462,2023-06-22,Ashanti,Cocoa,43.0,0.0,16.07,33.7,70,0.0
11463,2023-06-22,Northern,Maize,20.94,0.0,3.13,31.0,167,0.0
11464,2023-06-22,Northern,Cassava,13.34,0.0,1.59,27.9,110,0.0
11465,2023-06-22,Western,Maize,50.88,0.0,3.62,25.9,240,0.0
11466,2023-06-22,Western,Cassava,17.0,0.0,1.32,24.2,202,0.0
11467,2023-06-22,Eastern,Maize,18.14,0.0,2.63,32.6,267,0.0
11468,2023-06-22,Eastern,Cassava,22.51,0.0,1.47,29.2,427,0.0
11469,2023-06-22,Eastern,Cocoa,13.27,0.0,16.9,27.8,182,0.0
11470,2023-06-23,Greater Accra,Maize,3.42,0.0,3.13,29.7,425,0.0
11471,2023-06-23,Greater Accra,Cassava,19.45,0.0,1.71,30.0,355,0.0
11472,2023-06-23,Greater Accra,Cocoa,4.63,0.0,13.6,31.1,410,0.0
11473,2023-06-23,Ashanti,Maize,38.65,0.0,3.38,31.8,225,0.0
11474,2023-06-23,Ashanti,Cassava,11.88,0.0,1.61,27.6,397,0.0
11475,2023-06-23,Ashanti,Cocoa,42.72,0.0,17.96,33.6,149,0.0
11476,2023-06-23,Northern,Maize,12.98,0.0,2.96,24.7,280,0.0
11477,2023-06-23,Northern,Cassava,10.7,0.0,1.7,30.5,51,0.0
11478,2023-06-23,Northern,Cocoa,11.69,0.0,13.69,29.9,308,0.0
11479,2023-06-23,Western,Maize,30.88,0.0,3.55,29.2,378,0.0
11480,2023-06-23,Western,Cassava,49.61,0.0,1.54,32.1,369,0.0
11481,2023-06-23,Western,Cocoa,50.72,0.0,17.44,30.6,492,0.0
11482,2023-06-23,Eastern,Maize,22.27,0.0,2.83,26.1,301,0.0
11483,2023-06-23,Eastern,Cassava,33.66,0.0,1.73,29.9,485,0.0
11484,2023-06-23,Eastern,Cocoa,0.0,0.0,18.02,24.2,206,0.0
11485,2023-06-24,Greater Accra,Maize,2.48,0.0,3.52,34.0,375,0.0
11486,2023-06-24,Greater Accra,Cassava,13.18,0.0,1.27,28.1,454,0.0
11487,2023-06-24,Greater Accra,Cocoa,13.95,0.0,14.62,24.5,477,0.0
11488,2023-06-24,Ashanti,Maize,11.0,0.0,3.04,25.4,215,0.0
11489,2023-06-24,Ashanti,Cassava,24.35,0.0,1.71,27.1,432,0.0
11490,2023-06-24,Ashanti,Cocoa,15.72,0.0,14.45,26.7,316,0.0
11491,2023-06-24,Northern,Maize,12.85,0.0,3.64,31.2,112,0.0
11492,2023-06-24,Northern,Cassava,15.26,0.0,1.33,28.2,227,0.0
11493,2023-06-24,Northern,Cocoa,2.91,0.0,15.74,30.3,336,0.0
11494,2023-06-24,Western,Maize,14.1,0.0,2.61,30.5,251,0.0
11495,2023-06-24,Western,Cocoa,15.39,0.0,17.37,32.5,417,0.0
11496,2023-06-24,Eastern,Maize,0.0,0.0,3.51,28.8,343,0.0
11497,2023-06-24,Eastern,Cassava,31.77,0.0,1.27,26.2,126,0.0
11498,2023-06-24,Eastern,Cocoa,23.11,0.0,13.11,26.9,323,0.0
11499,2023-06-25,Greater Accra,Maize,5.24,0.0,2.57,25.4,385,0.0
11500,2023-06-25,Greater Accra,Cassava,21.38,0.0,1.71,30.6,471,0.0
11501,2023-06-25,Greater Accra,Cocoa,2.38,0.0,15.04,26.9,466,0.0
11502,2023-06-25,Ashanti,Maize,17.16,0.0,3.11,32.0,261,0.0
11503,2023-06-25,Ashanti,Cocoa,41.42,0.0,13.86,28.3,185,0.0
11504,2023-06-25,Northern,Cassava,16.92,0.0,1.45,24.8,118,0.0
11505,2023-06-25,Northern,Cocoa,8.43,0.0,14.57,30.6,393,0.0
11506,2023-06-25,Western,Maize,42.45,0.0,3.24,32.2,309,0.0
11507,2023-06-25,Western,Cassava,23.79,0.0,1.41,26.7,190,0.0
11508,2023-06-25,Western,Cocoa,8.98,0.0,15.73,31.2,95,0.0
11509,2023-06-25,Eastern,Maize,33.82,0.0,2.84,27.9,491,0.0
11510,2023-06-25,Eastern,Cassava,24.3,0.0,1.59,24.1,149,0.0
11511,2023-06-25,Eastern,Cocoa,10.96,0.0,13.84,27.6,271,0.0
11512,2023-06-26,Greater Accra,Maize,9.16,0.0,2.64,29.5,192,0.0
11513,2023-06-26,Greater Accra,Cassava,24.78,0.0,1.36,28.1,135,0.0
11514,2023-06-26,Ashanti,Maize,20.57,0.0,3.44,33.6,116,0.0
11515,2023-06-26,Ashanti,Cassava,24.78,0.0,1.27,30.7,419,0.0
11516,2023-06-26,Ashanti,Cocoa,25.8,0.0,14.01,29.1,441,0.0
11517,2023-06-26,Northern,Cassava,22.28,0.0,1.39,25.9,248,0.0
11518,2023-06-26,Northern,Cocoa,23.18,0.0,12.48,32.9,466,0.0
11519,2023-06-26,Western,Maize,47.58,0.0,3.05,30.4,112,0.0
11520,2023-06-26,Western,Cassava,38.6,0.0,1.52,24.0,289,0.0
11521,2023-06-26,Eastern,Cassava,25.83,0.0,1.65,25.4,285,0.0
11522,2023-06-26,Eastern,Cocoa,30.74,0.0,17.31,27.5,192,0.0
11523,2023-06-27,Greater Accra,Maize,21.39,0.0,3.47,32.2,153,0.0
11524,2023-06-27,Greater Accra,Cassava,23.9,0.0,1.73,30.3,427,0.0
11525,2023-06-27,Greater Accra,Cocoa,6.79,0.0,14.68,32.9,226,0.0
11526,2023-06-27,Ashanti,Maize,13.4,0.0,2.85,24.8,428,0.0
11527,2023-06-27,Ashanti,Cassava,23.36,0.0,1.61,27.4,316,0.0
11528,2023-06-27,Northern,Maize,5.3,0.0,2.84,32.5,469,0.0
11529,2023-06-27,Northern,Cassava,9.36,0.0,1.64,28.4,109,0.0
11530,2023-06-27,Northern,Cocoa,27.86,0.0,13.91,31.2,451,0.0
11531,2023-06-27,Western,Cassava,36.66,0.0,1.62,30.5,285,0.0
11532,2023-06-27,Western,Cocoa,39.77,0.0,15.9,31.5,227,0.0
11533,2023-06-27,Eastern,Maize,31.0,0.0,3.35,29.9,414,0.0
11534,2023-06-27,Eastern,Cassava,8.44,0.0,1.4,29.6,378,0.0
11535,2023-06-27,Eastern,Cocoa,31.84,0.0,13.85,30.4,166,0.0
11536,2023-06-28,Greater Accra,Maize,19.88,0.0,3.05,24.3,401,0.0
11537,2023-06-28,Greater Accra,Cassava,11.27,0.0,1.73,25.0,330,0.0
11538,2023-06-28,Ashanti,Maize,10.77,0.0,2.8,28.5,195,0.0
11539,2023-06-28,Northern,Cassava,13.75,0.0,1.3,24.7,262,0.0
11540,2023-06-28,Northern,Cocoa,22.83,0.0,17.11,27.7,77,0.0
11541,2023-06-28,Western,Maize,48.67,0.0,3.05,31.3,351,0.0
11542,2023-06-28,Western,Cassava,0.0,0.0,1.58,30.3,455,0.0
11543,2023-06-28,Western,Cocoa,17.16,0.0,16.1,33.4,245,0.0
11544,2023-06-28,Eastern,Maize,11.68,0.0,3.01,30.6,495,0.0
11545,2023-06-28,Eastern,Cocoa,22.99,0.0,14.05,29.1,120,0.0
11546,2023-06-29,Greater Accra,Maize,11.56,0.0,2.91,29.8,178,0.0
11547,2023-06-29,Greater Accra,Cassava,23.97,0.0,1.33,33.0,344,0.0
11548,2023-06-29,Greater Accra,Cocoa,5.73,0.0,17.71,31.6,489,0.0
11549,2023-06-29,Ashanti,Maize,33.99,0.0,3.01,29.4,426,0.0
11550,2023-06-29,Ashanti,Cassava,43.71,0.0,1.53,28.3,340,0.0
11551,2023-06-29,Ashanti,Cocoa,22.0,0.0,16.1,26.8,471,0.0
11552,2023-06-29,Northern,Cassava,25.61,0.0,1.43,24.7,243,0.0
11553,2023-06-29,Northern,Cocoa,15.47,0.0,16.17,25.7,230,0.0
11554,2023-06-29,Western,Maize,16.44,0.0,2.58,28.9,61,0.0
11555,2023-06-29,Western,Cassava,10.59,0.0,1.43,30.0,382,0.0
11556,2023-06-29,Western,Cocoa,41.05,0.0,14.89,27.8,309,0.0
11557,2023-06-29,Eastern,Maize,12.38,0.0,2.69,29.6,399,0.0
11558,2023-06-29,Eastern,Cassava,23.98,0.0,1.59,29.6,78,0.0
11559,2023-06-29,Eastern,Cocoa,17.2,0.0,13.35,26.7,101,0.0
11560,2023-06-30,Greater Accra,Maize,23.83,0.0,2.7,32.5,422,0.0
11561,2023-06-30,Greater Accra,Cocoa,13.17,0.0,15.87,29.5,464,0.0
11562,2023-06-30,Ashanti,Maize,10.59,0.0,3.12,28.0,52,0.0
11563,2023-06-30,Ashanti,Cassava,31.57,0.0,1.47,31.3,210,0.0
11564,2023-06-30,Ashanti,Cocoa,39.68,0.0,13.53,26.3,61,0.0
11565,2023-06-30,Northern,Maize,14.55,0.0,2.54,30.1,300,0.0
11566,2023-06-30,Northern,Cassava,10.15,0.0,1.34,29.9,170,0.0
11567,2023-06-30,Northern,Cocoa,4.33,0.0,12.96,32.3,267,0.0
11568,2023-06-30,Western,Maize,6.27,0.0,3.01,32.6,323,0.0
11569,2023-06-30,Western,Cassava,8.36,0.0,1.69,27.5,221,0.0
11570,2023-06-30,Western,Cocoa,24.81,0.0,17.57,27.8,85,0.0
11571,2023-06-30,Eastern,Maize,3.84,0.0,2.66,29.0,317,0.0
11572,2023-06-30,Eastern,Cassava,17.7,0.0,1.47,31.7,172,0.0
11573,2023-06-30,Eastern,Cocoa,18.95,0.0,13.34,33.9,383,0.0
11574,2023-07-01,Greater Accra,Maize,11.57,0.0,3.24,34.0,130,0.0
11575,2023-07-01,Greater Accra,Cassava,26.1,0.0,1.26,24.2,84,0.0
11576,2023-07-01,Greater Accra,Cocoa,14.42,0.0,13.47,24.4,248,0.0
11577,2023-07-01,Ashanti,Maize,30.11,0.0,2.61,28.0,466,0.0
11578,2023-07-01,Ashanti,Cassava,8.3,0.0,1.19,31.0,309,0.0
11579,2023-07-01,Ashanti,Cocoa,42.64,0.0,18.04,32.8,216,0.0
11580,2023-07-01,Northern,Maize,21.13,0.0,3.29,25.0,155,0.0
11581,2023-07-01,Northern,Cassava,6.1,0.0,1.2,32.0,372,0.0
11582,2023-07-01,Northern,Cocoa,10.62,0.0,17.31,26.1,285,0.0
11583,2023-07-01,Western,Cocoa,44.91,0.0,17.87,33.8,317,0.0
11584,2023-07-01,Eastern,Maize,11.26,0.0,3.0,34.0,419,0.0
11585,2023-07-01,Eastern,Cassava,8.03,0.0,1.67,24.8,111,0.0
11586,2023-07-01,Eastern,Cocoa,37.13,0.0,14.53,25.0,355,0.0
11587,2023-07-02,Greater Accra,Maize,17.73,0.0,2.79,26.5,70,0.0
11588,2023-07-02,Greater Accra,Cassava,21.09,0.0,1.61,27.1,498,0.0
11589,2023-07-02,Greater Accra,Cocoa,13.38,0.0,15.51,30.8,479,0.0
11590,2023-07-02,Ashanti,Maize,30.33,0.0,2.76,30.6,218,0.0
11591,2023-07-02,Ashanti,Cassava,39.44,0.0,1.61,25.0,489,0.0
11592,2023-07-02,Ashanti,Cocoa,36.31,0.0,17.9,27.0,318,0.0
11593,2023-07-02,Northern,Maize,19.46,0.0,3.6,24.7,456,0.0
11594,2023-07-02,Northern,Cassava,23.62,0.0,1.5,33.1,428,0.0
11595,2023-07-02,Northern,Cocoa,13.32,0.0,13.08,31.3,335,0.0
11596,2023-07-02,Western,Maize,39.36,0.0,2.49,32.3,366,0.0
11597,2023-07-02,Western,Cocoa,23.81,0.0,15.33,30.2,285,0.0
11598,2023-07-02,Eastern,Cassava,33.63,0.0,1.21,26.9,188,0.0
11599,2023-07-02,Eastern,Cocoa,16.98,0.0,16.58,25.3,466,0.0
11600,2023-07-03,Greater Accra,Maize,4.29,0.0,2.54,30.3,420,0.0
11601,2023-07-03,Greater Accra,Cassava,2.88,0.0,1.51,32.0,292,0.0
11602,2023-07-03,Greater Accra,Cocoa,9.0,0.0,15.28,31.6,146,0.0
11603,2023-07-03,Ashanti,Maize,21.98,0.0,2.81,30.8,246,0.0
11604,2023-07-03,Ashanti,Cassava,35.09,0.0,1.5,24.8,432,0.0
11605,2023-07-03,Ashanti,Cocoa,38.47,0.0,17.03,32.4,396,0.0
11606,2023-07-03,Northern,Maize,17.58,0.0,2.96,33.1,411,0.0
11607,2023-07-03,Northern,Cassava,20.06,0.0,1.28,25.5,472,0.0
11608,2023-07-03,Northern,Cocoa,5.18,0.0,15.77,29.5,335,0.0
11609,2023-07-03,Western,Maize,44.38,0.0,2.75,29.7,408,0.0
11610,2023-07-03,Western,Cassava,48.31,0.0,1.54,32.1,112,0.0
11611,2023-07-03,Western,Cocoa,36.06,0.0,16.83,28.7,474,0.0
11612,2023-07-03,Eastern,Cassava,10.39,0.0,1.28,31.3,283,0.0
11613,2023-07-03,Eastern,Cocoa,19.8,0.0,12.39,26.7,350,0.0
11614,2023-07-04,Greater Accra,Maize,10.69,0.0,3.01,29.1,165,0.0
11615,2023-07-04,Greater Accra,Cassava,12.03,0.0,1.38,29.9,357,0.0
11616,2023-07-04,Greater Accra,Cocoa,24.29,0.0,15.42,30.2,426,0.0
11617,2023-07-04,Ashanti,Maize,14.09,0.0,3.48,26.7,385,0.0
11618,2023-07-04,Ashanti,Cassava,11.98,0.0,1.68,25.0,259,0.0
11619,2023-07-04,Ashanti,Cocoa,16.91,0.0,12.83,31.1,188,0.0
11620,2023-07-04,Northern,Maize,16.9,0.0,2.54,28.8,134,0.0
11621,2023-07-04,Northern,Cassava,8.04,0.0,1.44,24.2,55,0.0
11622,2023-07-04,Northern,Cocoa,2.8,0.0,14.11,26.9,62,0.0
11623,2023-07-04,Western,Maize,9.23,0.0,3.04,24.9,464,0.0
11624,2023-07-04,Western,Cassava,44.14,0.0,1.67,25.2,465,0.0
11625,2023-07-04,Western,Cocoa,13.9,0.0,16.49,32.0,371,0.0
11626,2023-07-04,Eastern,Cassava,32.2,0.0,1.45,24.3,441,0.0
11627,2023-07-04,Eastern,Cocoa,22.42,0.0,16.55,30.7,391,0.0
11628,2023-07-05,Greater Accra,Maize,0.0,0.0,3.58,25.2,246,0.0
11629,2023-07-05,Greater Accra,Cassava,20.91,0.0,1.49,28.8,359,0.0
11630,2023-07-05,Greater Accra,Cocoa,6.63,0.0,14.49,31.5,180,0.0
11631,2023-07-05,Ashanti,Maize,40.6,0.0,2.55,32.4,376,0.0
11632,2023-07-05,Ashanti,Cassava,24.36,0.0,1.26,25.5,323,0.0
11633,2023-07-05,Ashanti,Cocoa,27.19,0.0,14.82,27.7,269,0.0
11634,2023-07-05,Northern,Maize,8.06,0.0,2.66,24.8,368,0.0
11635,2023-07-05,Northern,Cassava,8.53,0.0,1.36,30.9,418,0.0
11636,2023-07-05,Northern,Cocoa,7.95,0.0,18.16,28.5,326,0.0
11637,2023-07-05,Western,Maize,15.93,0.0,3.41,30.5,267,0.0
11638,2023-07-05,Western,Cassava,33.68,0.0,1.53,31.8,467,0.0
11639,2023-07-05,Western,Cocoa,36.49,0.0,16.48,24.7,449,0.0
11640,2023-07-05,Eastern,Maize,28.63,0.0,3.04,32.4,321,0.0
11641,2023-07-05,Eastern,Cassava,19.83,0.0,1.52,32.8,138,0.0
11642,2023-07-05,Eastern,Cocoa,5.01,0.0,17.06,30.9,415,0.0
11643,2023-07-06,Greater Accra,Maize,14.07,0.0,3.04,30.4,191,0.0
11644,2023-07-06,Greater Accra,Cassava,23.91,0.0,1.61,30.3,416,0.0
11645,2023-07-06,Greater Accra,Cocoa,26.24,0.0,15.1,25.7,419,0.0
11646,2023-07-06,Ashanti,Maize,10.75,0.0,2.76,25.0,478,0.0
11647,2023-07-06,Ashanti,Cassava,27.53,0.0,1.42,33.4,300,0.0
11648,2023-07-06,Ashanti,Cocoa,14.27,0.0,14.57,26.4,229,0.0
11649,2023-07-06,Northern,Cassava,14.43,0.0,1.48,31.0,299,0.0
11650,2023-07-06,Northern,Cocoa,11.08,0.0,13.01,26.5,361,0.0
11651,2023-07-06,Western,Maize,44.79,0.0,2.8,26.6,406,0.0
11652,2023-07-06,Western,Cocoa,42.62,0.0,14.14,31.8,95,0.0
11653,2023-07-06,Eastern,Maize,14.82,0.0,2.5,28.9,299,0.0
11654,2023-07-06,Eastern,Cassava,0.0,0.0,1.26,32.3,210,0.0
11655,2023-07-06,Eastern,Cocoa,27.43,0.0,16.9,29.9,263,0.0
11656,2023-07-07,Greater Accra,Maize,8.11,0.0,2.52,32.2,453,0.0
11657,2023-07-07,Greater Accra,Cassava,27.09,0.0,1.65,29.2,158,0.0
11658,2023-07-07,Greater Accra,Cocoa,6.87,0.0,18.19,24.1,269,0.0
11659,2023-07-07,Ashanti,Cassava,27.48,0.0,1.3,25.7,59,0.0
11660,2023-07-07,Ashanti,Cocoa,29.24,0.0,16.54,31.9,362,0.0
11661,2023-07-07,Northern,Cocoa,7.08,0.0,17.59,24.4,234,0.0
11662,2023-07-07,Western,Maize,12.8,0.0,3.54,25.3,460,0.0
11663,2023-07-07,Western,Cassava,9.16,0.0,1.48,31.0,93,0.0
11664,2023-07-07,Western,Cocoa,24.31,0.0,14.08,26.9,430,0.0
11665,2023-07-07,Eastern,Maize,24.22,0.0,3.39,26.2,216,0.0
11666,2023-07-07,Eastern,Cassava,28.85,0.0,1.52,30.0,308,0.0
11667,2023-07-07,Eastern,Cocoa,28.26,0.0,15.6,28.7,365,0.0
11668,2023-07-08,Greater Accra,Maize,18.41,0.0,2.97,31.8,189,0.0
11669,2023-07-08,Greater Accra,Cassava,15.36,0.0,1.73,30.2,132,0.0
11670,2023-07-08,Greater Accra,Cocoa,4.15,0.0,13.4,31.5,86,0.0
11671,2023-07-08,Ashanti,Maize,27.04,0.0,3.62,28.3,182,0.0
11672,2023-07-08,Ashanti,Cassava,37.44,0.0,1.51,25.9,234,0.0
11673,2023-07-08,Ashanti,Cocoa,12.25,0.0,16.02,30.3,95,0.0
11674,2023-07-08,Northern,Maize,4.18,0.0,3.61,31.5,256,0.0
11675,2023-07-08,Northern,Cassava,5.08,0.0,1.42,28.1,84,0.0
11676,2023-07-08,Northern,Cocoa,32.3,0.0,15.62,28.3,383,0.0
11677,2023-07-08,Western,Maize,20.1,0.0,3.42,31.9,494,0.0
11678,2023-07-08,Western,Cocoa,44.47,0.0,14.0,31.1,402,0.0
11679,2023-07-08,Eastern,Maize,14.55,0.0,2.7,30.9,135,0.0
11680,2023-07-08,Eastern,Cassava,13.78,0.0,1.34,30.7,230,0.0
11681,2023-07-08,Eastern,Cocoa,0.7,0.0,16.05,33.9,151,0.0
11682,2023-07-09,Greater Accra,Maize,16.29,0.0,2.88,27.7,77,0.0
11683,2023-07-09,Greater Accra,Cassava,2.32,0.0,1.73,24.4,301,0.0
11684,2023-07-09,Greater Accra,Cocoa,3.54,0.0,14.51,24.7,291,0.0
11685,2023-07-09,Ashanti,Maize,12.67,0.0,3.54,32.7,205,0.0
11686,2023-07-09,Northern,Maize,11.55,0.0,3.15,24.9,84,0.0
11687,2023-07-09,Northern,Cocoa,7.51,0.0,15.03,30.9,134,0.0
11688,2023-07-09,Western,Maize,37.19,0.0,3.48,26.4,168,0.0
11689,2023-07-09,Western,Cassava,9.3,0.0,1.67,29.8,387,0.0
11690,2023-07-09,Eastern,Maize,42.19,0.0,3.58,26.2,285,0.0
11691,2023-07-09,Eastern,Cassava,16.48,0.0,1.43,31.9,454,0.0
11692,2023-07-09,Eastern,Cocoa,26.55,0.0,17.39,30.5,78,0.0
11693,2023-07-10,Greater Accra,Maize,20.39,0.0,2.52,31.9,360,0.0
11694,2023-07-10,Greater Accra,Cassava,5.2,0.0,1.3,26.1,366,0.0
11695,2023-07-10,Greater Accra,Cocoa,11.82,0.0,14.12,25.6,200,0.0
11696,2023-07-10,Ashanti,Maize,37.51,0.0,2.51,30.4,243,0.0
11697,2023-07-10,Ashanti,Cocoa,36.87,0.0,14.09,26.7,379,0.0
11698,2023-07-10,Northern,Cassava,24.47,0.0,1.21,25.7,398,0.0
11699,2023-07-10,Northern,Cocoa,24.64,0.0,16.63,27.7,90,0.0
11700,2023-07-10,Western,Maize,25.48,0.0,3.35,30.6,476,0.0
11701,2023-07-10,Western,Cocoa,17.11,0.0,14.5,31.3,316,0.0
11702,2023-07-10,Eastern,Maize,31.89,0.0,2.65,25.1,319,0.0
11703,2023-07-10,Eastern,Cocoa,27.3,0.0,13.41,32.4,65,0.0
11704,2023-07-11,Greater Accra,Cassava,7.63,0.0,1.7,32.3,313,0.0
11705,2023-07-11,Greater Accra,Cocoa,16.56,0.0,13.27,33.2,309,0.0
11706,2023-07-11,Ashanti,Maize,25.29,0.0,2.49,26.4,274,0.0
11707,2023-07-11,Ashanti,Cassava,19.89,0.0,1.31,29.9,493,0.0
11708,2023-07-11,Ashanti,Cocoa,25.86,0.0,0.0,24.4,473,0.0
11709,2023-07-11,Northern,Maize,22.73,0.0,3.31,33.0,216,0.0
11710,2023-07-11,Northern,Cocoa,21.16,0.0,13.16,30.2,327,0.0
11711,2023-07-11,Western,Maize,0.0,0.0,2.61,26.2,189,0.0
11712,2023-07-11,Western,Cassava,26.34,0.0,1.32,33.7,206,0.0
11713,2023-07-11,Western,Cocoa,9.78,0.0,16.6,25.6,459,0.0
11714,2023-07-11,Eastern,Cassava,24.42,0.0,1.43,33.4,236,0.0
11715,2023-07-11,Eastern,Cocoa,7.13,0.0,13.64,27.9,368,0.0
11716,2023-07-12,Greater Accra,Maize,12.19,0.0,2.75,28.8,255,0.0
11717,2023-07-12,Greater Accra,Cassava,14.61,0.0,1.28,31.1,143,0.0
11718,2023-07-12,Ashanti,Cocoa,10.37,0.0,14.11,33.9,54,0.0
11719,2023-07-12,Northern,Maize,18.86,0.0,2.6,25.7,131,0.0
11720,2023-07-12,Northern,Cassava,8.87,0.0,1.56,31.4,324,0.0
11721,2023-07-12,Northern,Cocoa,13.06,0.0,17.91,29.4,212,0.0
11722,2023-07-12,Western,Maize,49.23,0.0,2.82,29.9,200,0.0
11723,2023-07-12,Western,Cassava,32.45,0.0,1.24,25.9,315,0.0
11724,2023-07-12,Western,Cocoa,36.24,0.0,15.18,29.7,341,0.0
11725,2023-07-12,Eastern,Cassava,26.32,0.0,1.2,26.8,495,0.0
11726,2023-07-12,Eastern,Cocoa,10.51,0.0,14.29,28.4,422,0.0
11727,2023-07-13,Greater Accra,Maize,1.91,0.0,2.65,30.0,340,0.0
11728,2023-07-13,Greater Accra,Cassava,14.21,0.0,1.31,33.6,420,0.0
11729,2023-07-13,Greater Accra,Cocoa,7.97,0.0,13.23,30.4,494,0.0
11730,2023-07-13,Ashanti,Cassava,42.93,0.0,1.57,33.2,153,0.0
11731,2023-07-13,Northern,Maize,8.42,0.0,3.32,27.1,219,0.0
11732,2023-07-13,Northern,Cassava,23.18,0.0,1.34,28.1,269,0.0
11733,2023-07-13,Northern,Cocoa,16.25,0.0,16.73,26.0,55,0.0
11734,2023-07-13,Western,Maize,26.57,0.0,3.5,29.4,423,0.0
11735,2023-07-13,Western,Cocoa,30.2,0.0,17.82,33.6,314,0.0
11736,2023-07-13,Eastern,Maize,24.29,0.0,3.45,29.2,258,0.0
11737,2023-07-13,Eastern,Cassava,14.97,0.0,1.33,27.1,164,0.0
11738,2023-07-13,Eastern,Cocoa,22.67,0.0,13.98,30.7,442,0.0
11739,2023-07-14,Greater Accra,Maize,21.98,0.0,2.56,28.6,97,0.0
11740,2023-07-14,Greater Accra,Cassava,25.06,0.0,1.45,29.3,87,0.0
11741,2023-07-14,Ashanti,Maize,42.1,0.0,3.13,28.9,378,0.0
11742,2023-07-14,Ashanti,Cassava,24.1,0.0,1.21,27.0,85,0.0
11743,2023-07-14,Northern,Maize,21.7,0.0,3.33,28.2,407,0.0
11744,2023-07-14,Northern,Cassava,27.48,0.0,1.26,32.7,337,0.0
11745,2023-07-14,Northern,Cocoa,15.34,0.0,15.28,30.4,312,0.0
11746,2023-07-14,Western,Maize,48.45,0.0,3.1,29.8,373,0.0
11747,2023-07-14,Western,Cocoa,5.09,0.0,15.97,30.1,330,0.0
11748,2023-07-14,Eastern,Maize,16.98,0.0,2.6,29.8,475,0.0
11749,2023-07-14,Eastern,Cassava,30.64,0.0,1.67,27.7,108,0.0
11750,2023-07-14,Eastern,Cocoa,14.02,0.0,16.51,25.3,197,0.0
11751,2023-07-15,Greater Accra,Maize,29.52,0.0,2.63,33.9,389,0.0
11752,2023-07-15,Ashanti,Maize,34.78,0.0,3.61,24.7,489,0.0
11753,2023-07-15,Ashanti,Cassava,30.02,0.0,1.72,31.6,170,0.0
11754,2023-07-15,Ashanti,Cocoa,31.37,0.0,17.44,30.6,349,0.0
11755,2023-07-15,Northern,Cocoa,19.17,0.0,16.22,24.2,448,0.0
11756,2023-07-15,Western,Maize,39.56,0.0,3.38,32.1,377,0.0
11757,2023-07-15,Western,Cassava,17.52,0.0,1.57,27.4,328,0.0
11758,2023-07-15,Western,Cocoa,19.59,0.0,17.13,29.5,419,0.0
11759,2023-07-15,Eastern,Maize,8.92,0.0,2.91,30.9,493,0.0
11760,2023-07-15,Eastern,Cassava,12.19,0.0,1.68,28.1,221,0.0
11761,2023-07-15,Eastern,Cocoa,16.78,0.0,15.68,28.1,238,0.0
11762,2023-07-16,Greater Accra,Maize,14.78,0.0,2.54,32.3,272,0.0
11763,2023-07-16,Greater Accra,Cassava,21.3,0.0,1.31,33.1,245,0.0
11764,2023-07-16,Greater Accra,Cocoa,18.92,0.0,13.71,27.8,489,0.0
11765,2023-07-16,Ashanti,Maize,36.23,0.0,2.83,24.1,325,0.0
11766,2023-07-16,Ashanti,Cassava,30.88,0.0,1.34,33.3,164,0.0
11767,2023-07-16,Ashanti,Cocoa,9.15,0.0,14.49,24.9,447,0.0
11768,2023-07-16,Northern,Maize,12.89,0.0,3.15,24.4,126,0.0
11769,2023-07-16,Northern,Cassava,7.78,0.0,1.56,25.2,266,0.0
11770,2023-07-16,Western,Maize,10.21,0.0,3.37,27.9,276,0.0
11771,2023-07-16,Western,Cassava,43.43,0.0,1.24,29.7,103,0.0
11772,2023-07-16,Western,Cocoa,27.37,0.0,13.01,30.6,297,0.0
11773,2023-07-16,Eastern,Maize,6.81,0.0,2.73,25.3,350,0.0
11774,2023-07-16,Eastern,Cassava,26.28,0.0,1.36,29.6,136,0.0
11775,2023-07-17,Greater Accra,Maize,13.6,0.0,3.51,28.5,161,0.0
11776,2023-07-17,Greater Accra,Cassava,10.19,0.0,1.31,28.8,398,0.0
11777,2023-07-17,Greater Accra,Cocoa,19.3,0.0,13.6,25.1,361,0.0
11778,2023-07-17,Ashanti,Maize,31.65,0.0,3.25,25.4,379,0.0
11779,2023-07-17,Ashanti,Cassava,29.35,0.0,1.65,25.0,289,0.0
11780,2023-07-17,Ashanti,Cocoa,22.61,0.0,15.16,24.6,208,0.0
11781,2023-07-17,Northern,Maize,7.86,0.0,3.16,28.5,441,0.0
11782,2023-07-17,Northern,Cassava,13.46,0.0,1.59,31.7,183,0.0
11783,2023-07-17,Northern,Cocoa,5.31,0.0,17.12,27.6,264,0.0
11784,2023-07-17,Western,Maize,43.55,0.0,2.69,31.8,419,0.0
11785,2023-07-17,Western,Cassava,18.45,0.0,1.6,28.4,436,0.0
11786,2023-07-17,Western,Cocoa,10.65,0.0,13.55,30.0,166,0.0
11787,2023-07-17,Eastern,Maize,24.08,0.0,3.35,25.1,271,0.0
11788,2023-07-17,Eastern,Cassava,17.45,0.0,1.39,24.3,457,0.0
11789,2023-07-17,Eastern,Cocoa,36.95,0.0,17.77,29.2,116,0.0
11790,2023-07-18,Greater Accra,Maize,7.13,0.0,3.61,26.7,82,0.0
11791,2023-07-18,Greater Accra,Cassava,12.29,0.0,1.58,27.8,290,0.0
11792,2023-07-18,Greater Accra,Cocoa,8.63,0.0,17.09,33.4,134,0.0
11793,2023-07-18,Ashanti,Maize,10.58,0.0,2.56,26.8,91,0.0
11794,2023-07-18,Ashanti,Cocoa,29.33,0.0,15.06,26.1,396,0.0
11795,2023-07-18,Northern,Maize,16.27,0.0,3.16,33.5,54,0.0
11796,2023-07-18,Northern,Cassava,18.32,0.0,1.42,27.6,237,0.0
11797,2023-07-18,Western,Maize,40.5,0.0,3.43,29.6,245,0.0
11798,2023-07-18,Western,Cassava,36.42,0.0,1.67,31.5,207,0.0
11799,2023-07-18,Western,Cocoa,45.3,0.0,13.67,30.4,76,0.0
11800,2023-07-18,Eastern,Maize,20.94,0.0,3.59,27.9,180,0.0
11801,2023-07-18,Eastern,Cassava,10.27,0.0,1.31,25.1,339,0.0
11802,2023-07-19,Greater Accra,Cassava,20.38,0.0,1.68,28.4,64,0.0
11803,2023-07-19,Greater Accra,Cocoa,9.04,0.0,14.62,33.1,386,0.0
11804,2023-07-19,Ashanti,Maize,9.79,0.0,3.01,28.4,126,0.0
11805,2023-07-19,Ashanti,Cocoa,33.19,0.0,18.22,31.0,296,0.0
11806,2023-07-19,Northern,Cassava,2.93,0.0,1.7,31.9,137,0.0
11807,2023-07-19,Northern,Cocoa,21.03,0.0,15.84,25.9,335,0.0
11808,2023-07-19,Western,Maize,49.54,0.0,3.6,27.3,209,0.0
11809,2023-07-19,Western,Cocoa,7.52,0.0,15.93,29.4,452,0.0
11810,2023-07-19,Eastern,Maize,24.35,0.0,3.04,31.2,439,0.0
11811,2023-07-19,Eastern,Cassava,36.57,0.0,1.56,33.9,477,0.0
11812,2023-07-20,Greater Accra,Cassava,11.1,0.0,1.27,33.9,384,0.0
11813,2023-07-20,Greater Accra,Cocoa,10.53,0.0,14.95,29.9,53,0.0
11814,2023-07-20,Ashanti,Maize,41.4,0.0,3.41,26.3,436,0.0
11815,2023-07-20,Ashanti,Cassava,11.84,0.0,1.21,28.0,228,0.0
11816,2023-07-20,Ashanti,Cocoa,9.31,0.0,17.3,24.5,218,0.0
11817,2023-07-20,Northern,Maize,27.14,0.0,2.52,32.8,303,0.0
11818,2023-07-20,Northern,Cocoa,4.79,0.0,15.12,31.3,56,0.0
11819,2023-07-20,Western,Cassava,48.33,0.0,1.39,25.8,202,0.0
11820,2023-07-20,Eastern,Maize,28.1,0.0,2.7,29.5,453,0.0
11821,2023-07-20,Eastern,Cassava,8.02,0.0,1.53,32.8,342,0.0
11822,2023-07-20,Eastern,Cocoa,21.54,0.0,16.16,27.3,187,0.0
11823,2023-07-21,Greater Accra,Maize,17.46,0.0,2.63,33.1,412,0.0
11824,2023-07-21,Greater Accra,Cassava,7.39,0.0,1.69,29.6,93,0.0
11825,2023-07-21,Greater Accra,Cocoa,8.34,0.0,16.39,33.8,318,0.0
11826,2023-07-21,Ashanti,Maize,36.31,0.0,3.36,30.7,222,0.0
11827,2023-07-21,Ashanti,Cassava,34.79,0.0,1.43,29.0,458,0.0
11828,2023-07-21,Ashanti,Cocoa,28.37,0.0,14.2,29.2,431,0.0
11829,2023-07-21,Northern,Maize,11.74,0.0,3.3,26.5,384,0.0
11830,2023-07-21,Northern,Cassava,3.52,0.0,1.52,27.6,122,0.0
11831,2023-07-21,Northern,Cocoa,12.08,0.0,17.93,26.6,95,0.0
11832,2023-07-21,Western,Maize,35.46,0.0,2.61,29.5,288,0.0
11833,2023-07-21,Western,Cassava,42.19,0.0,1.74,33.8,123,0.0
11834,2023-07-21,Western,Cocoa,16.61,0.0,15.43,33.8,58,0.0
11835,2023-07-21,Eastern,Maize,13.92,0.0,2.83,33.3,211,0.0
11836,2023-07-21,Eastern,Cocoa,24.84,0.0,17.25,30.6,453,0.0
11837,2023-07-22,Greater Accra,Maize,23.09,0.0,3.61,30.7,202,0.0
11838,2023-07-22,Greater Accra,Cassava,7.6,0.0,1.31,31.7,326,0.0
11839,2023-07-22,Greater Accra,Cocoa,14.31,0.0,17.92,28.8,55,0.0
11840,2023-07-22,Ashanti,Maize,22.51,0.0,3.26,28.8,257,0.0
11841,2023-07-22,Ashanti,Cassava,22.12,0.0,1.24,30.7,106,0.0
11842,2023-07-22,Ashanti,Cocoa,8.7,0.0,15.67,26.4,284,0.0
11843,2023-07-22,Northern,Maize,10.66,0.0,3.02,28.8,310,0.0
11844,2023-07-22,Northern,Cassava,18.46,0.0,1.66,27.9,136,0.0
11845,2023-07-22,Northern,Cocoa,21.12,0.0,17.23,32.4,241,0.0
11846,2023-07-22,Western,Maize,37.78,0.0,2.94,28.4,384,0.0
11847,2023-07-22,Western,Cassava,29.19,0.0,1.54,26.5,428,0.0
11848,2023-07-22,Western,Cocoa,49.27,0.0,18.22,29.8,364,0.0
11849,2023-07-22,Eastern,Maize,29.42,0.0,3.26,25.7,438,0.0
11850,2023-07-22,Eastern,Cassava,19.8,0.0,1.5,29.0,159,0.0
11851,2023-07-22,Eastern,Cocoa,12.31,0.0,17.21,33.7,272,0.0
11852,2023-07-23,Greater Accra,Maize,10.16,0.0,3.39,30.7,164,0.0
11853,2023-07-23,Greater Accra,Cassava,11.56,0.0,1.2,30.9,423,0.0
11854,2023-07-23,Ashanti,Maize,6.11,0.0,3.34,26.7,402,0.0
11855,2023-07-23,Ashanti,Cassava,15.48,0.0,1.51,32.4,337,0.0
11856,2023-07-23,Northern,Maize,12.8,0.0,2.75,32.8,467,0.0
11857,2023-07-23,Northern,Cassava,27.54,0.0,1.42,32.3,452,0.0
11858,2023-07-23,Northern,Cocoa,19.6,0.0,18.03,25.3,303,0.0
11859,2023-07-23,Western,Maize,47.97,0.0,2.79,25.3,75,0.0
11860,2023-07-23,Western,Cassava,25.29,0.0,1.58,29.9,111,0.0
11861,2023-07-23,Western,Cocoa,48.22,0.0,17.69,27.5,346,0.0
11862,2023-07-23,Eastern,Maize,29.3,0.0,2.96,24.5,264,0.0
11863,2023-07-23,Eastern,Cassava,20.96,0.0,1.37,24.0,87,0.0
11864,2023-07-23,Eastern,Cocoa,29.91,0.0,17.51,24.1,349,0.0
11865,2023-07-24,Greater Accra,Cassava,13.67,0.0,1.51,25.0,420,0.0
11866,2023-07-24,Greater Accra,Cocoa,20.29,0.0,17.17,32.1,344,0.0
11867,2023-07-24,Ashanti,Maize,8.48,0.0,2.88,30.7,195,0.0
11868,2023-07-24,Ashanti,Cassava,25.65,0.0,1.55,31.7,75,0.0
11869,2023-07-24,Ashanti,Cocoa,24.99,0.0,13.82,26.5,68,0.0
11870,2023-07-24,Northern,Maize,24.04,0.0,2.56,24.9,80,0.0
11871,2023-07-24,Northern,Cassava,3.91,0.0,1.75,32.2,255,0.0
11872,2023-07-24,Northern,Cocoa,14.75,0.0,13.94,31.9,119,0.0
11873,2023-07-24,Western,Maize,5.25,0.0,2.81,32.2,250,0.0
11874,2023-07-24,Western,Cassava,23.12,0.0,1.66,24.6,243,0.0
11875,2023-07-24,Western,Cocoa,50.23,0.0,13.68,26.6,151,0.0
11876,2023-07-24,Eastern,Maize,30.89,0.0,3.47,29.9,275,0.0
11877,2023-07-24,Eastern,Cassava,23.9,0.0,1.63,30.5,134,0.0
11878,2023-07-24,Eastern,Cocoa,13.68,0.0,12.92,29.3,267,0.0
11879,2023-07-25,Greater Accra,Maize,15.36,0.0,3.33,33.9,492,0.0
11880,2023-07-25,Greater Accra,Cocoa,15.4,0.0,16.27,25.6,430,0.0
11881,2023-07-25,Ashanti,Maize,22.57,0.0,3.24,29.0,179,0.0
11882,2023-07-25,Ashanti,Cassava,7.95,0.0,1.35,31.1,312,0.0
11883,2023-07-25,Ashanti,Cocoa,21.26,0.0,15.43,25.4,302,0.0
11884,2023-07-25,Northern,Maize,12.88,0.0,3.13,27.9,314,0.0
11885,2023-07-25,Northern,Cassava,27.06,0.0,1.62,29.1,264,0.0
11886,2023-07-25,Western,Maize,9.99,0.0,3.44,30.7,230,0.0
11887,2023-07-25,Western,Cassava,18.41,0.0,1.6,31.0,438,0.0
11888,2023-07-25,Western,Cocoa,52.02,0.0,15.25,33.5,182,0.0
11889,2023-07-25,Eastern,Cassava,27.14,0.0,1.68,31.6,100,0.0
11890,2023-07-25,Eastern,Cocoa,13.73,0.0,13.83,29.8,446,0.0
11891,2023-07-26,Greater Accra,Maize,12.03,0.0,3.64,25.1,482,0.0
11892,2023-07-26,Greater Accra,Cassava,17.1,0.0,1.69,24.7,111,0.0
11893,2023-07-26,Greater Accra,Cocoa,15.74,0.0,16.05,31.8,268,0.0
11894,2023-07-26,Ashanti,Maize,20.36,0.0,3.12,26.1,367,0.0
11895,2023-07-26,Ashanti,Cassava,28.24,0.0,1.21,32.0,332,0.0
11896,2023-07-26,Ashanti,Cocoa,14.96,0.0,18.04,29.3,97,0.0
11897,2023-07-26,Northern,Maize,7.76,0.0,3.53,24.0,450,0.0
11898,2023-07-26,Western,Maize,41.23,0.0,3.12,24.8,383,0.0
11899,2023-07-26,Western,Cassava,20.04,0.0,1.46,24.5,363,0.0
11900,2023-07-26,Western,Cocoa,31.24,0.0,14.21,30.2,118,0.0
11901,2023-07-26,Eastern,Maize,17.82,0.0,3.32,31.2,373,0.0
11902,2023-07-26,Eastern,Cassava,34.93,0.0,1.67,26.3,433,0.0
11903,2023-07-26,Eastern,Cocoa,8.31,0.0,14.07,30.2,180,0.0
11904,2023-07-27,Greater Accra,Maize,21.91,0.0,2.5,24.5,264,0.0
11905,2023-07-27,Greater Accra,Cassava,23.38,0.0,1.73,32.2,77,0.0
11906,2023-07-27,Greater Accra,Cocoa,14.22,0.0,15.51,31.6,442,0.0
11907,2023-07-27,Ashanti,Cassava,39.15,0.0,1.38,31.0,271,0.0
11908,2023-07-27,Ashanti,Cocoa,20.36,0.0,12.56,33.4,382,0.0
11909,2023-07-27,Northern,Maize,28.33,0.0,3.29,32.9,118,0.0
11910,2023-07-27,Northern,Cassava,6.06,0.0,1.43,26.0,299,0.0
11911,2023-07-27,Northern,Cocoa,8.09,0.0,14.79,29.3,326,0.0
11912,2023-07-27,Western,Maize,24.08,0.0,2.63,26.9,200,0.0
11913,2023-07-27,Western,Cassava,14.11,0.0,1.24,29.3,254,0.0
11914,2023-07-27,Western,Cocoa,34.9,0.0,17.59,28.3,121,0.0
11915,2023-07-27,Eastern,Maize,22.97,0.0,2.55,24.1,477,0.0
11916,2023-07-27,Eastern,Cassava,24.97,0.0,1.44,30.3,491,0.0
11917,2023-07-27,Eastern,Cocoa,12.02,0.0,13.75,30.4,129,0.0
11918,2023-07-28,Greater Accra,Maize,12.47,0.0,3.31,29.0,129,0.0
11919,2023-07-28,Greater Accra,Cassava,13.34,0.0,1.66,32.7,227,0.0
11920,2023-07-28,Ashanti,Maize,12.0,0.0,3.41,27.7,72,0.0
11921,2023-07-28,Ashanti,Cassava,35.17,0.0,1.65,25.9,362,0.0
11922,2023-07-28,Ashanti,Cocoa,29.83,0.0,16.97,31.6,135,0.0
11923,2023-07-28,Northern,Maize,13.86,0.0,3.45,26.5,395,0.0
11924,2023-07-28,Northern,Cassava,25.36,0.0,1.6,31.5,222,0.0
11925,2023-07-28,Northern,Cocoa,13.58,0.0,16.4,32.7,316,0.0
11926,2023-07-28,Western,Maize,34.87,0.0,3.41,26.7,283,0.0
11927,2023-07-28,Western,Cassava,39.77,0.0,1.63,32.7,446,0.0
11928,2023-07-28,Western,Cocoa,46.5,0.0,13.18,27.5,130,0.0
11929,2023-07-28,Eastern,Maize,29.63,0.0,3.57,27.7,386,0.0
11930,2023-07-28,Eastern,Cassava,24.87,0.0,1.62,32.2,50,0.0
11931,2023-07-28,Eastern,Cocoa,31.89,0.0,16.16,29.5,151,0.0
11932,2023-07-29,Greater Accra,Cassava,21.97,0.0,1.34,33.3,202,0.0
11933,2023-07-29,Greater Accra,Cocoa,17.37,0.0,15.04,28.3,218,0.0
11934,2023-07-29,Ashanti,Maize,7.66,0.0,2.72,25.3,153,0.0
11935,2023-07-29,Ashanti,Cassava,41.94,0.0,1.71,28.8,165,0.0
11936,2023-07-29,Ashanti,Cocoa,9.9,0.0,12.9,27.9,69,0.0
11937,2023-07-29,Northern,Maize,14.05,0.0,3.51,33.2,194,0.0
11938,2023-07-29,Northern,Cassava,15.05,0.0,1.46,24.6,200,0.0
11939,2023-07-29,Northern,Cocoa,5.05,0.0,14.82,28.0,231,0.0
11940,2023-07-29,Western,Maize,24.3,0.0,2.84,33.9,367,0.0
11941,2023-07-29,Western,Cassava,13.26,0.0,1.41,33.2,476,0.0
11942,2023-07-29,Western,Cocoa,43.03,0.0,14.3,31.2,117,0.0
11943,2023-07-29,Eastern,Maize,29.29,0.0,3.31,31.8,374,0.0
11944,2023-07-29,Eastern,Cocoa,32.34,0.0,15.1,26.1,341,0.0
11945,2023-07-30,Ashanti,Maize,23.89,0.0,2.57,32.0,51,0.0
11946,2023-07-30,Ashanti,Cassava,7.72,0.0,1.49,30.3,110,0.0
11947,2023-07-30,Ashanti,Cocoa,30.15,0.0,16.17,30.2,306,0.0
11948,2023-07-30,Northern,Maize,9.11,0.0,2.77,29.9,433,0.0
11949,2023-07-30,Northern,Cassava,11.57,0.0,1.42,32.2,149,0.0
11950,2023-07-30,Western,Maize,35.83,0.0,2.63,29.8,93,0.0
11951,2023-07-30,Western,Cassava,25.3,0.0,1.51,33.7,352,0.0
11952,2023-07-30,Western,Cocoa,6.9,0.0,15.55,31.2,114,0.0
11953,2023-07-30,Eastern,Maize,22.13,0.0,3.48,24.3,344,0.0
11954,2023-07-30,Eastern,Cassava,16.48,0.0,1.71,27.3,428,0.0
11955,2023-07-30,Eastern,Cocoa,15.56,0.0,16.74,25.7,413,0.0
11956,2023-07-31,Greater Accra,Maize,7.17,0.0,3.22,33.8,59,0.0
11957,2023-07-31,Greater Accra,Cassava,5.1,0.0,1.39,31.0,194,0.0
11958,2023-07-31,Greater Accra,Cocoa,15.43,0.0,13.81,33.5,272,0.0
11959,2023-07-31,Ashanti,Maize,11.44,0.0,2.82,31.1,392,0.0
11960,2023-07-31,Ashanti,Cassava,22.86,0.0,1.5,32.0,267,0.0
11961,2023-07-31,Ashanti,Cocoa,40.17,0.0,15.06,24.0,166,0.0
11962,2023-07-31,Northern,Maize,12.43,0.0,2.66,26.9,280,0.0
11963,2023-07-31,Northern,Cassava,10.3,0.0,1.27,28.4,319,0.0
11964,2023-07-31,Western,Maize,50.49,0.0,2.93,24.0,166,0.0
11965,2023-07-31,Western,Cassava,40.92,0.0,1.53,31.5,180,0.0
11966,2023-07-31,Eastern,Maize,6.25,0.0,3.53,25.0,85,0.0
11967,2023-07-31,Eastern,Cassava,8.28,0.0,1.66,26.5,121,0.0
11968,2023-07-31,Eastern,Cocoa,16.86,0.0,13.26,27.7,438,0.0
11969,2023-08-01,Greater Accra,Maize,5.25,0.0,2.99,29.4,154,0.0
11970,2023-08-01,Greater Accra,Cassava,19.5,0.0,1.64,34.0,134,0.0
11971,2023-08-01,Greater Accra,Cocoa,11.29,0.0,13.9,32.7,92,0.0
11972,2023-08-01,Ashanti,Maize,16.43,0.0,2.52,31.7,459,0.0
11973,2023-08-01,Ashanti,Cassava,27.25,0.0,1.43,24.9,323,0.0
11974,2023-08-01,Ashanti,Cocoa,15.35,0.0,13.28,29.0,134,0.0
11975,2023-08-01,Northern,Maize,19.62,0.0,3.16,27.4,431,0.0
11976,2023-08-01,Northern,Cassava,9.42,0.0,1.3,30.0,224,0.0
11977,2023-08-01,Northern,Cocoa,24.51,0.0,16.65,26.2,235,0.0
11978,2023-08-01,Western,Cassava,53.86,0.0,1.69,29.9,108,0.0
11979,2023-08-01,Western,Cocoa,32.19,0.0,14.46,27.5,113,0.0
11980,2023-08-01,Eastern,Maize,29.91,0.0,2.96,28.3,243,0.0
11981,2023-08-01,Eastern,Cassava,24.88,0.0,1.71,32.4,350,0.0
11982,2023-08-01,Eastern,Cocoa,14.28,0.0,12.47,25.6,259,0.0
11983,2023-08-02,Greater Accra,Maize,17.87,0.0,3.3,26.9,400,0.0
11984,2023-08-02,Greater Accra,Cassava,19.14,0.0,1.69,31.9,449,0.0
11985,2023-08-02,Greater Accra,Cocoa,7.53,0.0,16.86,32.9,499,0.0
11986,2023-08-02,Ashanti,Maize,37.45,0.0,2.92,27.4,368,0.0
11987,2023-08-02,Ashanti,Cassava,22.41,0.0,1.66,32.4,183,0.0
11988,2023-08-02,Ashanti,Cocoa,18.67,0.0,18.21,30.9,329,0.0
11989,2023-08-02,Northern,Cassava,10.89,0.0,1.31,29.9,162,0.0
11990,2023-08-02,Northern,Cocoa,14.84,0.0,16.76,26.4,51,0.0
11991,2023-08-02,Western,Maize,8.0,0.0,2.62,31.6,350,0.0
11992,2023-08-02,Western,Cassava,40.73,0.0,1.39,28.1,275,0.0
11993,2023-08-02,Western,Cocoa,35.87,0.0,12.62,30.6,251,0.0
11994,2023-08-02,Eastern,Maize,32.3,0.0,3.47,32.7,217,0.0
11995,2023-08-02,Eastern,Cassava,13.19,0.0,1.63,33.8,290,0.0
11996,2023-08-02,Eastern,Cocoa,30.52,0.0,12.71,29.4,155,0.0
11997,2023-08-03,Greater Accra,Maize,14.6,0.0,2.62,28.3,315,0.0
11998,2023-08-03,Greater Accra,Cassava,16.65,0.0,1.54,29.5,280,0.0
11999,2023-08-03,Greater Accra,Cocoa,8.18,0.0,13.29,26.8,252,0.0
12000,2023-08-03,Ashanti,Maize,19.3,0.0,2.55,24.2,424,0.0
12001,2023-08-03,Ashanti,Cassava,12.18,0.0,1.75,32.9,498,0.0
12002,2023-08-03,Ashanti,Cocoa,44.86,0.0,16.3,25.1,415,0.0
12003,2023-08-03,Northern,Maize,15.04,0.0,2.97,32.6,478,0.0
12004,2023-08-03,Northern,Cassava,6.86,0.0,1.64,25.0,204,0.0
12005,2023-08-03,Northern,Cocoa,16.91,0.0,16.12,29.9,52,0.0
12006,2023-08-03,Western,Maize,48.28,0.0,2.49,30.6,282,0.0
12007,2023-08-03,Western,Cassava,20.15,0.0,1.39,27.3,146,0.0
12008,2023-08-03,Western,Cocoa,27.88,0.0,15.82,26.0,114,0.0
12009,2023-08-03,Eastern,Maize,12.89,0.0,3.22,28.4,249,0.0
12010,2023-08-03,Eastern,Cassava,13.84,0.0,1.48,30.5,79,0.0
12011,2023-08-03,Eastern,Cocoa,11.87,0.0,14.05,29.4,494,0.0
12012,2023-08-04,Greater Accra,Maize,15.36,0.0,2.94,25.5,476,0.0
12013,2023-08-04,Greater Accra,Cassava,7.78,0.0,1.61,27.4,134,0.0
12014,2023-08-04,Ashanti,Maize,9.59,0.0,3.46,30.7,184,0.0
12015,2023-08-04,Ashanti,Cassava,0.0,0.0,1.3,32.8,469,0.0
12016,2023-08-04,Ashanti,Cocoa,1.8,0.0,14.4,29.5,201,0.0
12017,2023-08-04,Northern,Maize,6.67,0.0,3.05,34.0,87,0.0
12018,2023-08-04,Northern,Cassava,11.37,0.0,1.26,25.4,156,0.0
12019,2023-08-04,Northern,Cocoa,11.19,0.0,15.16,32.8,490,0.0
12020,2023-08-04,Western,Maize,17.09,0.0,2.85,29.0,156,0.0
12021,2023-08-04,Western,Cassava,18.43,0.0,1.27,30.5,165,0.0
12022,2023-08-04,Western,Cocoa,36.35,0.0,13.75,32.2,349,0.0
12023,2023-08-04,Eastern,Maize,16.2,0.0,3.38,27.7,420,0.0
12024,2023-08-04,Eastern,Cassava,26.59,0.0,1.22,28.7,393,0.0
12025,2023-08-04,Eastern,Cocoa,13.92,0.0,15.67,33.3,246,0.0
12026,2023-08-05,Greater Accra,Maize,21.66,0.0,3.31,32.8,149,0.0
12027,2023-08-05,Greater Accra,Cassava,21.55,0.0,1.3,33.4,62,0.0
12028,2023-08-05,Ashanti,Maize,29.88,0.0,2.61,27.4,125,0.0
12029,2023-08-05,Ashanti,Cassava,18.35,0.0,1.31,26.9,58,0.0
12030,2023-08-05,Ashanti,Cocoa,26.16,0.0,15.54,25.0,267,0.0
12031,2023-08-05,Northern,Maize,28.43,0.0,3.5,26.9,228,0.0
12032,2023-08-05,Northern,Cassava,10.42,0.0,1.55,32.5,480,0.0
12033,2023-08-05,Northern,Cocoa,29.88,0.0,17.99,28.3,247,0.0
12034,2023-08-05,Western,Maize,26.84,0.0,3.08,29.5,305,0.0
12035,2023-08-05,Western,Cassava,22.35,0.0,1.45,27.9,251,0.0
12036,2023-08-05,Western,Cocoa,31.69,0.0,16.01,31.1,193,0.0
12037,2023-08-05,Eastern,Maize,23.28,0.0,2.68,29.0,304,0.0
12038,2023-08-05,Eastern,Cassava,9.39,0.0,1.67,31.5,251,0.0
12039,2023-08-05,Eastern,Cocoa,19.88,0.0,13.58,24.5,395,0.0
12040,2023-08-06,Greater Accra,Maize,8.49,0.0,2.8,27.3,230,0.0
12041,2023-08-06,Greater Accra,Cassava,20.76,0.0,1.25,27.0,176,0.0
12042,2023-08-06,Greater Accra,Cocoa,9.23,0.0,14.52,24.4,104,0.0
12043,2023-08-06,Ashanti,Maize,31.98,0.0,2.52,29.9,334,0.0
12044,2023-08-06,Ashanti,Cassava,5.72,0.0,1.69,30.4,425,0.0
12045,2023-08-06,Ashanti,Cocoa,33.19,0.0,15.38,29.0,171,0.0
12046,2023-08-06,Northern,Cassava,23.56,0.0,1.38,27.5,364,0.0
12047,2023-08-06,Northern,Cocoa,25.7,0.0,13.31,27.9,159,0.0
12048,2023-08-06,Western,Maize,27.44,0.0,2.83,24.5,94,0.0
12049,2023-08-06,Eastern,Maize,21.19,0.0,2.87,27.6,209,0.0
12050,2023-08-06,Eastern,Cassava,22.48,0.0,1.61,33.4,435,0.0
12051,2023-08-07,Greater Accra,Maize,18.35,0.0,3.4,31.9,128,0.0
12052,2023-08-07,Greater Accra,Cassava,1.64,0.0,1.4,25.0,425,0.0
12053,2023-08-07,Ashanti,Cassava,24.12,0.0,1.66,29.7,346,0.0
12054,2023-08-07,Ashanti,Cocoa,26.13,0.0,17.75,26.0,452,0.0
12055,2023-08-07,Northern,Maize,12.42,0.0,3.59,26.6,269,0.0
12056,2023-08-07,Northern,Cassava,22.78,0.0,1.68,33.3,94,0.0
12057,2023-08-07,Northern,Cocoa,7.46,0.0,15.77,25.4,490,0.0
12058,2023-08-07,Western,Maize,21.47,0.0,2.81,28.0,64,0.0
12059,2023-08-07,Western,Cassava,11.0,0.0,1.47,24.1,297,0.0
12060,2023-08-07,Eastern,Cassava,38.97,0.0,1.57,31.5,145,0.0
12061,2023-08-07,Eastern,Cocoa,9.86,0.0,16.25,33.3,337,0.0
12062,2023-08-08,Greater Accra,Maize,0.0,0.0,2.83,29.9,283,0.0
12063,2023-08-08,Greater Accra,Cassava,8.78,0.0,1.73,33.5,309,0.0
12064,2023-08-08,Greater Accra,Cocoa,27.84,0.0,15.72,30.5,484,0.0
12065,2023-08-08,Ashanti,Maize,0.0,0.0,2.5,27.4,439,0.0
12066,2023-08-08,Ashanti,Cassava,1.04,0.0,1.62,24.9,395,0.0
12067,2023-08-08,Ashanti,Cocoa,24.11,0.0,17.03,32.5,376,0.0
12068,2023-08-08,Northern,Maize,14.24,0.0,2.73,32.2,62,0.0
12069,2023-08-08,Northern,Cocoa,21.07,0.0,16.16,28.6,382,0.0
12070,2023-08-08,Western,Maize,23.62,0.0,2.67,24.5,391,0.0
12071,2023-08-08,Western,Cassava,31.61,0.0,1.57,31.2,381,0.0
12072,2023-08-08,Western,Cocoa,16.9,0.0,13.68,29.4,162,0.0
12073,2023-08-08,Eastern,Maize,19.89,0.0,3.11,29.6,370,0.0
12074,2023-08-08,Eastern,Cassava,27.3,0.0,1.64,26.6,292,0.0
12075,2023-08-08,Eastern,Cocoa,10.81,0.0,14.96,26.2,212,0.0
12076,2023-08-09,Greater Accra,Maize,12.88,0.0,2.7,32.7,222,0.0
12077,2023-08-09,Greater Accra,Cassava,1.93,0.0,1.53,29.3,235,0.0
12078,2023-08-09,Ashanti,Maize,12.93,0.0,3.07,29.3,143,0.0
12079,2023-08-09,Ashanti,Cassava,31.88,0.0,1.32,24.4,267,0.0
12080,2023-08-09,Ashanti,Cocoa,19.63,0.0,15.46,24.2,340,0.0
12081,2023-08-09,Northern,Maize,16.57,0.0,2.72,26.9,451,0.0
12082,2023-08-09,Northern,Cassava,28.85,0.0,1.67,33.6,76,0.0
12083,2023-08-09,Northern,Cocoa,0.0,0.0,12.45,30.2,111,0.0
12084,2023-08-09,Western,Maize,36.44,0.0,3.01,26.7,302,0.0
12085,2023-08-09,Western,Cassava,53.56,0.0,1.57,32.4,410,0.0
12086,2023-08-09,Western,Cocoa,45.85,0.0,14.76,24.6,102,0.0
12087,2023-08-09,Eastern,Cocoa,26.63,0.0,18.02,25.6,363,0.0
12088,2023-08-10,Greater Accra,Cassava,14.94,0.0,1.34,28.4,369,0.0
12089,2023-08-10,Greater Accra,Cocoa,22.66,0.0,16.44,32.4,408,0.0
12090,2023-08-10,Ashanti,Maize,35.88,0.0,3.56,25.7,156,0.0
12091,2023-08-10,Ashanti,Cassava,26.88,0.0,1.29,25.2,372,0.0
12092,2023-08-10,Northern,Cassava,20.09,0.0,1.45,32.1,413,0.0
12093,2023-08-10,Northern,Cocoa,14.54,0.0,14.43,31.2,164,0.0
12094,2023-08-10,Western,Maize,44.49,0.0,3.53,31.4,211,0.0
12095,2023-08-10,Western,Cassava,15.83,0.0,1.42,34.0,497,0.0
12096,2023-08-10,Western,Cocoa,34.32,0.0,16.3,25.3,382,0.0
12097,2023-08-10,Eastern,Maize,23.38,0.0,2.64,25.6,287,0.0
12098,2023-08-10,Eastern,Cassava,15.11,0.0,1.59,25.3,416,0.0
12099,2023-08-10,Eastern,Cocoa,22.44,0.0,16.96,29.7,69,0.0
12100,2023-08-11,Greater Accra,Maize,5.58,0.0,2.57,24.6,119,0.0
12101,2023-08-11,Greater Accra,Cocoa,11.3,0.0,18.11,25.4,478,0.0
12102,2023-08-11,Ashanti,Maize,4.97,0.0,2.66,29.7,92,0.0
12103,2023-08-11,Ashanti,Cassava,18.63,0.0,1.35,28.1,367,0.0
12104,2023-08-11,Ashanti,Cocoa,28.73,0.0,17.2,29.1,407,0.0
12105,2023-08-11,Northern,Maize,24.7,0.0,2.92,33.8,225,0.0
12106,2023-08-11,Northern,Cassava,26.5,0.0,1.32,30.8,498,0.0
12107,2023-08-11,Northern,Cocoa,11.61,0.0,15.36,29.6,113,0.0
12108,2023-08-11,Western,Maize,39.96,0.0,3.42,25.5,320,0.0
12109,2023-08-11,Western,Cassava,33.68,0.0,1.24,25.5,310,0.0
12110,2023-08-11,Eastern,Maize,22.32,0.0,3.19,25.7,216,0.0
12111,2023-08-11,Eastern,Cocoa,20.29,0.0,12.76,30.3,154,0.0
12112,2023-08-12,Greater Accra,Maize,2.9,0.0,3.49,25.9,406,0.0
12113,2023-08-12,Greater Accra,Cassava,7.97,0.0,1.66,29.5,308,0.0
12114,2023-08-12,Greater Accra,Cocoa,16.44,0.0,16.53,26.7,119,0.0
12115,2023-08-12,Ashanti,Cassava,32.62,0.0,1.38,28.4,482,0.0
12116,2023-08-12,Ashanti,Cocoa,21.32,0.0,17.25,30.5,115,0.0
12117,2023-08-12,Northern,Maize,13.62,0.0,2.67,28.0,53,0.0
12118,2023-08-12,Northern,Cassava,12.8,0.0,1.33,29.9,399,0.0
12119,2023-08-12,Northern,Cocoa,28.22,0.0,15.17,24.1,344,0.0
12120,2023-08-12,Western,Maize,45.7,0.0,3.24,28.2,499,0.0
12121,2023-08-12,Western,Cassava,33.98,0.0,1.27,31.5,142,0.0
12122,2023-08-12,Western,Cocoa,41.45,0.0,15.32,31.0,194,0.0
12123,2023-08-12,Eastern,Maize,24.8,0.0,3.55,27.6,193,0.0
12124,2023-08-12,Eastern,Cocoa,18.88,0.0,13.86,25.5,76,0.0
12125,2023-08-13,Greater Accra,Maize,20.51,0.0,2.97,28.3,155,0.0
12126,2023-08-13,Greater Accra,Cocoa,19.51,0.0,16.84,27.1,56,0.0
12127,2023-08-13,Ashanti,Maize,36.01,0.0,2.73,30.6,287,0.0
12128,2023-08-13,Ashanti,Cocoa,25.25,0.0,17.5,30.5,263,0.0
12129,2023-08-13,Northern,Maize,19.64,0.0,3.42,30.8,287,0.0
12130,2023-08-13,Northern,Cassava,29.98,0.0,1.33,29.6,247,0.0
12131,2023-08-13,Western,Maize,29.54,0.0,2.63,24.3,406,0.0
12132,2023-08-13,Western,Cassava,50.64,0.0,1.63,32.6,91,0.0
12133,2023-08-13,Western,Cocoa,17.48,0.0,14.96,26.8,249,0.0
12134,2023-08-13,Eastern,Maize,28.03,0.0,2.48,29.1,204,0.0
12135,2023-08-13,Eastern,Cassava,20.5,0.0,1.32,28.5,280,0.0
12136,2023-08-14,Greater Accra,Maize,19.6,0.0,3.04,30.8,192,0.0
12137,2023-08-14,Greater Accra,Cassava,11.75,0.0,1.38,24.8,191,0.0
12138,2023-08-14,Greater Accra,Cocoa,7.68,0.0,15.94,25.2,282,0.0
12139,2023-08-14,Ashanti,Maize,39.01,0.0,2.8,28.0,67,0.0
12140,2023-08-14,Ashanti,Cassava,10.24,0.0,1.3,24.4,78,0.0
12141,2023-08-14,Ashanti,Cocoa,11.95,0.0,17.71,28.5,229,0.0
12142,2023-08-14,Northern,Maize,8.69,0.0,3.16,33.3,143,0.0
12143,2023-08-14,Northern,Cassava,19.5,0.0,1.68,29.0,135,0.0
12144,2023-08-14,Northern,Cocoa,9.57,0.0,16.77,30.7,242,0.0
12145,2023-08-14,Western,Maize,15.96,0.0,3.06,32.2,489,0.0
12146,2023-08-14,Western,Cassava,20.39,0.0,1.33,31.4,256,0.0
12147,2023-08-14,Western,Cocoa,28.3,0.0,17.45,27.0,108,0.0
12148,2023-08-14,Eastern,Maize,28.63,0.0,3.09,33.7,320,0.0
12149,2023-08-14,Eastern,Cassava,33.86,0.0,1.3,26.2,262,0.0
12150,2023-08-14,Eastern,Cocoa,29.52,0.0,17.3,24.7,376,0.0
12151,2023-08-15,Greater Accra,Maize,20.2,0.0,2.97,31.6,352,0.0
12152,2023-08-15,Greater Accra,Cassava,0.01,0.0,1.38,32.9,97,0.0
12153,2023-08-15,Ashanti,Maize,36.52,0.0,3.38,32.8,495,0.0
12154,2023-08-15,Ashanti,Cassava,33.77,0.0,1.69,30.8,187,0.0
12155,2023-08-15,Ashanti,Cocoa,8.81,0.0,15.07,28.8,418,0.0
12156,2023-08-15,Northern,Maize,5.68,0.0,2.99,24.8,493,0.0
12157,2023-08-15,Northern,Cassava,24.95,0.0,1.56,27.5,476,0.0
12158,2023-08-15,Western,Maize,16.4,0.0,2.59,27.2,452,0.0
12159,2023-08-15,Western,Cassava,16.9,0.0,1.37,34.0,114,0.0
12160,2023-08-15,Western,Cocoa,26.16,0.0,15.25,29.5,499,0.0
12161,2023-08-15,Eastern,Maize,34.46,0.0,3.5,24.8,413,0.0
12162,2023-08-15,Eastern,Cassava,31.22,0.0,1.56,25.8,475,0.0
12163,2023-08-15,Eastern,Cocoa,0.0,0.0,15.75,25.2,332,0.0
12164,2023-08-16,Greater Accra,Maize,7.17,0.0,2.48,30.1,471,0.0
12165,2023-08-16,Greater Accra,Cassava,4.16,0.0,1.26,29.1,411,0.0
12166,2023-08-16,Greater Accra,Cocoa,26.06,0.0,17.22,25.0,365,0.0
12167,2023-08-16,Ashanti,Maize,32.28,0.0,3.34,27.1,431,0.0
12168,2023-08-16,Ashanti,Cocoa,31.71,0.0,16.24,32.2,104,0.0
12169,2023-08-16,Northern,Maize,30.28,0.0,2.48,32.9,256,0.0
12170,2023-08-16,Northern,Cocoa,9.59,0.0,16.74,29.1,115,0.0
12171,2023-08-16,Western,Maize,26.9,0.0,2.66,27.1,134,0.0
12172,2023-08-16,Western,Cassava,11.31,0.0,1.38,32.8,135,0.0
12173,2023-08-16,Western,Cocoa,21.82,0.0,12.82,30.7,173,0.0
12174,2023-08-16,Eastern,Maize,35.05,0.0,3.59,25.0,125,0.0
12175,2023-08-16,Eastern,Cassava,0.0,0.0,1.27,28.4,212,0.0
12176,2023-08-16,Eastern,Cocoa,14.03,0.0,13.22,32.5,260,0.0
12177,2023-08-17,Greater Accra,Cassava,8.83,0.0,1.46,31.8,343,0.0
12178,2023-08-17,Greater Accra,Cocoa,23.65,0.0,18.22,28.7,50,0.0
12179,2023-08-17,Ashanti,Maize,40.64,0.0,3.39,28.1,494,0.0
12180,2023-08-17,Ashanti,Cassava,33.72,0.0,1.45,25.6,441,0.0
12181,2023-08-17,Ashanti,Cocoa,38.2,0.0,14.19,24.8,418,0.0
12182,2023-08-17,Northern,Maize,12.36,0.0,2.58,27.5,452,0.0
12183,2023-08-17,Northern,Cocoa,12.05,0.0,15.67,30.1,204,0.0
12184,2023-08-17,Western,Maize,37.7,0.0,3.2,30.9,477,0.0
12185,2023-08-17,Western,Cocoa,18.52,0.0,17.42,29.4,208,0.0
12186,2023-08-17,Eastern,Maize,15.17,0.0,3.17,31.6,497,0.0
12187,2023-08-17,Eastern,Cassava,17.49,0.0,1.23,25.4,120,0.0
12188,2023-08-17,Eastern,Cocoa,7.34,0.0,14.03,31.7,396,0.0
12189,2023-08-18,Greater Accra,Maize,16.69,0.0,2.53,24.6,171,0.0
12190,2023-08-18,Greater Accra,Cassava,11.01,0.0,1.43,32.1,91,0.0
12191,2023-08-18,Ashanti,Maize,24.26,0.0,2.69,26.0,227,0.0
12192,2023-08-18,Ashanti,Cassava,23.26,0.0,1.33,28.3,496,0.0
12193,2023-08-18,Northern,Maize,4.93,0.0,2.49,26.2,301,0.0
12194,2023-08-18,Northern,Cassava,30.16,0.0,1.2,30.3,323,0.0
12195,2023-08-18,Northern,Cocoa,26.95,0.0,13.88,24.0,232,0.0
12196,2023-08-18,Western,Maize,17.92,0.0,2.78,29.2,370,0.0
12197,2023-08-18,Western,Cassava,23.75,0.0,1.22,24.1,203,0.0
12198,2023-08-18,Western,Cocoa,54.31,0.0,13.63,29.4,60,0.0
12199,2023-08-18,Eastern,Cassava,29.04,0.0,1.31,32.5,377,0.0
12200,2023-08-18,Eastern,Cocoa,19.95,0.0,12.81,28.6,71,0.0
12201,2023-08-19,Greater Accra,Maize,14.32,0.0,3.39,30.9,492,0.0
12202,2023-08-19,Greater Accra,Cassava,25.9,0.0,1.62,24.2,344,0.0
12203,2023-08-19,Ashanti,Maize,12.17,0.0,3.64,25.3,401,0.0
12204,2023-08-19,Ashanti,Cassava,33.55,0.0,1.36,27.3,284,0.0
12205,2023-08-19,Ashanti,Cocoa,36.14,0.0,18.09,31.6,374,0.0
12206,2023-08-19,Northern,Maize,14.69,0.0,3.44,31.8,435,0.0
12207,2023-08-19,Northern,Cassava,13.7,0.0,1.68,30.3,146,0.0
12208,2023-08-19,Northern,Cocoa,7.14,0.0,15.16,24.9,137,0.0
12209,2023-08-19,Western,Maize,45.78,0.0,3.28,31.0,355,0.0
12210,2023-08-19,Western,Cassava,45.1,0.0,1.45,33.8,209,0.0
12211,2023-08-19,Western,Cocoa,16.03,0.0,16.25,33.7,290,0.0
12212,2023-08-19,Eastern,Maize,23.03,0.0,3.51,26.0,128,0.0
12213,2023-08-19,Eastern,Cassava,22.46,0.0,1.53,33.3,455,0.0
12214,2023-08-19,Eastern,Cocoa,5.27,0.0,15.16,25.5,388,0.0
12215,2023-08-20,Greater Accra,Maize,17.72,0.0,3.1,31.4,66,0.0
12216,2023-08-20,Greater Accra,Cassava,9.56,0.0,1.43,31.7,86,0.0
12217,2023-08-20,Greater Accra,Cocoa,12.23,0.0,14.78,33.1,484,0.0
12218,2023-08-20,Ashanti,Maize,21.61,0.0,2.96,27.9,370,0.0
12219,2023-08-20,Ashanti,Cassava,7.38,0.0,1.37,25.2,282,0.0
12220,2023-08-20,Ashanti,Cocoa,17.11,0.0,14.43,32.0,119,0.0
12221,2023-08-20,Northern,Maize,19.81,0.0,2.92,30.9,499,0.0
12222,2023-08-20,Northern,Cassava,15.24,0.0,1.19,27.6,60,0.0
12223,2023-08-20,Northern,Cocoa,10.49,0.0,16.28,25.4,362,0.0
12224,2023-08-20,Western,Maize,6.95,0.0,3.38,31.3,451,0.0
12225,2023-08-20,Western,Cassava,38.92,0.0,1.38,29.7,331,0.0
12226,2023-08-20,Western,Cocoa,52.46,0.0,14.22,29.8,201,0.0
12227,2023-08-20,Eastern,Maize,16.12,0.0,3.03,33.9,283,0.0
12228,2023-08-20,Eastern,Cassava,23.12,0.0,1.32,30.8,316,0.0
12229,2023-08-20,Eastern,Cocoa,12.82,0.0,13.91,33.8,110,0.0
12230,2023-08-21,Greater Accra,Cassava,1.08,0.0,1.57,31.0,75,0.0
12231,2023-08-21,Greater Accra,Cocoa,4.87,0.0,12.74,26.2,252,0.0
12232,2023-08-21,Ashanti,Maize,34.72,0.0,2.66,24.1,208,0.0
12233,2023-08-21,Ashanti,Cassava,45.45,0.0,1.42,28.5,235,0.0
12234,2023-08-21,Northern,Maize,21.65,0.0,3.44,24.5,262,0.0
12235,2023-08-21,Northern,Cocoa,13.89,0.0,14.52,32.8,422,0.0
12236,2023-08-21,Western,Maize,33.46,0.0,3.39,24.2,315,0.0
12237,2023-08-21,Western,Cassava,12.63,0.0,0.0,25.8,77,0.0
12238,2023-08-21,Western,Cocoa,36.56,0.0,13.46,28.7,151,0.0
12239,2023-08-21,Eastern,Maize,27.57,0.0,3.53,32.7,206,0.0
12240,2023-08-21,Eastern,Cassava,29.57,0.0,1.25,26.9,206,0.0
12241,2023-08-21,Eastern,Cocoa,20.07,0.0,16.67,28.6,394,0.0
12242,2023-08-22,Greater Accra,Maize,6.22,0.0,2.71,26.7,161,0.0
12243,2023-08-22,Greater Accra,Cassava,25.86,0.0,1.69,33.1,199,0.0
12244,2023-08-22,Greater Accra,Cocoa,6.4,0.0,0.0,29.3,194,0.0
12245,2023-08-22,Ashanti,Maize,14.61,0.0,3.33,33.7,168,0.0
12246,2023-08-22,Ashanti,Cassava,35.96,0.0,1.43,27.5,491,0.0
12247,2023-08-22,Ashanti,Cocoa,37.7,0.0,13.35,25.6,442,0.0
12248,2023-08-22,Northern,Cassava,2.48,0.0,1.36,28.6,208,0.0
12249,2023-08-22,Northern,Cocoa,20.74,0.0,17.8,25.3,312,0.0
12250,2023-08-22,Western,Cassava,31.82,0.0,1.49,25.9,424,0.0
12251,2023-08-22,Western,Cocoa,27.89,0.0,17.93,28.0,336,0.0
12252,2023-08-22,Eastern,Maize,36.3,0.0,3.4,31.0,466,0.0
12253,2023-08-22,Eastern,Cassava,7.2,0.0,1.46,30.4,295,0.0
12254,2023-08-22,Eastern,Cocoa,10.96,0.0,16.58,25.8,470,0.0
12255,2023-08-23,Greater Accra,Maize,8.95,0.0,3.43,24.8,266,0.0
12256,2023-08-23,Greater Accra,Cassava,24.23,0.0,1.63,26.5,263,0.0
12257,2023-08-23,Greater Accra,Cocoa,16.88,0.0,0.0,30.9,379,0.0
12258,2023-08-23,Ashanti,Maize,5.59,0.0,3.26,25.1,331,0.0
12259,2023-08-23,Ashanti,Cocoa,31.3,0.0,14.14,31.1,418,0.0
12260,2023-08-23,Northern,Maize,21.44,0.0,3.63,31.7,305,0.0
12261,2023-08-23,Northern,Cassava,28.71,0.0,1.54,33.2,373,0.0
12262,2023-08-23,Northern,Cocoa,25.21,0.0,16.06,27.9,342,0.0
12263,2023-08-23,Western,Maize,21.32,0.0,3.61,31.4,309,0.0
12264,2023-08-23,Western,Cassava,8.14,0.0,1.4,26.7,313,0.0
12265,2023-08-23,Western,Cocoa,45.71,0.0,15.79,24.1,114,0.0
12266,2023-08-23,Eastern,Maize,15.68,0.0,3.44,29.7,419,0.0
12267,2023-08-23,Eastern,Cassava,40.63,0.0,1.49,29.2,111,0.0
12268,2023-08-24,Greater Accra,Cocoa,13.92,0.0,16.49,25.6,86,0.0
12269,2023-08-24,Ashanti,Maize,7.65,0.0,2.6,30.2,63,0.0
12270,2023-08-24,Ashanti,Cassava,17.88,0.0,1.39,24.2,99,0.0
12271,2023-08-24,Ashanti,Cocoa,8.05,0.0,16.69,25.3,300,0.0
12272,2023-08-24,Northern,Maize,11.59,0.0,3.45,24.4,70,0.0
12273,2023-08-24,Northern,Cassava,18.31,0.0,1.56,33.4,60,0.0
12274,2023-08-24,Western,Maize,38.81,0.0,3.42,29.8,65,0.0
12275,2023-08-24,Western,Cassava,13.65,0.0,1.69,25.0,263,0.0
12276,2023-08-24,Western,Cocoa,23.19,0.0,12.89,32.8,319,0.0
12277,2023-08-24,Eastern,Cassava,26.27,0.0,1.64,28.9,378,0.0
12278,2023-08-24,Eastern,Cocoa,6.47,0.0,17.43,33.5,489,0.0
12279,2023-08-25,Greater Accra,Maize,27.57,0.0,3.59,25.4,214,0.0
12280,2023-08-25,Greater Accra,Cassava,19.9,0.0,1.35,27.3,406,0.0
12281,2023-08-25,Greater Accra,Cocoa,12.04,0.0,15.79,33.0,169,0.0
12282,2023-08-25,Ashanti,Maize,13.78,0.0,3.18,30.6,314,0.0
12283,2023-08-25,Ashanti,Cassava,4.85,0.0,1.31,29.1,125,0.0
12284,2023-08-25,Ashanti,Cocoa,9.48,0.0,13.12,31.6,132,0.0
12285,2023-08-25,Northern,Maize,23.02,0.0,3.11,31.8,487,0.0
12286,2023-08-25,Northern,Cocoa,16.58,0.0,16.12,31.4,403,0.0
12287,2023-08-25,Western,Maize,42.36,0.0,2.74,27.8,145,0.0
12288,2023-08-25,Western,Cassava,14.28,0.0,1.41,29.8,148,0.0
12289,2023-08-25,Western,Cocoa,4.35,0.0,14.12,26.3,230,0.0
12290,2023-08-25,Eastern,Maize,24.18,0.0,3.31,24.7,188,0.0
12291,2023-08-25,Eastern,Cocoa,9.42,0.0,14.42,25.0,465,0.0
12292,2023-08-26,Greater Accra,Maize,14.7,0.0,3.58,32.8,302,0.0
12293,2023-08-26,Greater Accra,Cassava,16.08,0.0,1.51,33.4,331,0.0
12294,2023-08-26,Greater Accra,Cocoa,8.92,0.0,17.13,30.1,372,0.0
12295,2023-08-26,Ashanti,Maize,19.26,0.0,3.02,33.8,435,0.0
12296,2023-08-26,Northern,Maize,17.77,0.0,2.86,32.6,321,0.0
12297,2023-08-26,Northern,Cassava,11.8,0.0,1.28,25.7,447,0.0
12298,2023-08-26,Northern,Cocoa,6.2,0.0,15.96,31.6,188,0.0
12299,2023-08-26,Western,Maize,34.43,0.0,3.24,29.6,110,0.0
12300,2023-08-26,Western,Cassava,33.12,0.0,1.56,29.8,294,0.0
12301,2023-08-26,Western,Cocoa,24.9,0.0,16.64,31.3,476,0.0
12302,2023-08-26,Eastern,Maize,4.77,0.0,3.24,30.9,337,0.0
12303,2023-08-26,Eastern,Cassava,7.22,0.0,1.42,32.0,231,0.0
12304,2023-08-26,Eastern,Cocoa,31.15,0.0,13.24,33.5,321,0.0
12305,2023-08-27,Greater Accra,Maize,7.48,0.0,2.66,24.8,219,0.0
12306,2023-08-27,Greater Accra,Cassava,18.55,0.0,1.38,30.7,404,0.0
12307,2023-08-27,Greater Accra,Cocoa,16.13,0.0,14.99,24.9,327,0.0
12308,2023-08-27,Ashanti,Maize,26.79,0.0,2.54,30.6,492,0.0
12309,2023-08-27,Ashanti,Cassava,26.47,0.0,1.48,27.6,329,0.0
12310,2023-08-27,Ashanti,Cocoa,17.84,0.0,15.2,30.7,327,0.0
12311,2023-08-27,Northern,Maize,12.94,0.0,2.69,24.6,58,0.0
12312,2023-08-27,Northern,Cassava,21.78,0.0,1.6,33.0,343,0.0
12313,2023-08-27,Western,Maize,11.87,0.0,2.53,26.0,81,0.0
12314,2023-08-27,Western,Cassava,39.14,0.0,1.69,28.8,186,0.0
12315,2023-08-27,Western,Cocoa,22.0,0.0,16.03,32.0,245,0.0
12316,2023-08-27,Eastern,Maize,16.86,0.0,2.71,32.1,312,0.0
12317,2023-08-27,Eastern,Cassava,20.82,0.0,1.4,32.6,136,0.0
12318,2023-08-27,Eastern,Cocoa,13.54,0.0,16.96,28.6,442,0.0
12319,2023-08-28,Greater Accra,Maize,25.26,0.0,3.4,25.6,419,0.0
12320,2023-08-28,Greater Accra,Cassava,25.62,0.0,1.66,27.3,342,0.0
12321,2023-08-28,Greater Accra,Cocoa,0.95,0.0,12.65,33.3,366,0.0
12322,2023-08-28,Ashanti,Maize,19.09,0.0,2.94,27.2,456,0.0
12323,2023-08-28,Ashanti,Cassava,20.71,0.0,1.49,29.4,312,0.0
12324,2023-08-28,Northern,Maize,12.62,0.0,2.8,31.8,476,0.0
12325,2023-08-28,Northern,Cassava,15.83,0.0,1.32,32.8,472,0.0
12326,2023-08-28,Northern,Cocoa,30.36,0.0,12.82,29.1,150,0.0
12327,2023-08-28,Western,Maize,15.87,0.0,3.59,30.3,385,0.0
12328,2023-08-28,Western,Cassava,41.31,0.0,1.28,29.7,303,0.0
12329,2023-08-28,Eastern,Maize,20.16,0.0,2.68,32.1,308,0.0
12330,2023-08-28,Eastern,Cassava,14.65,0.0,1.74,30.9,305,0.0
12331,2023-08-28,Eastern,Cocoa,20.72,0.0,17.09,28.9,239,0.0
12332,2023-08-29,Greater Accra,Maize,13.45,0.0,2.66,34.0,311,0.0
12333,2023-08-29,Greater Accra,Cassava,9.22,0.0,1.36,30.3,491,0.0
12334,2023-08-29,Greater Accra,Cocoa,16.57,0.0,16.5,26.8,327,0.0
12335,2023-08-29,Ashanti,Maize,32.53,0.0,2.65,32.4,420,0.0
12336,2023-08-29,Ashanti,Cocoa,25.82,0.0,15.83,27.2,185,0.0
12337,2023-08-29,Northern,Maize,28.59,0.0,2.77,31.8,312,0.0
12338,2023-08-29,Northern,Cassava,3.72,0.0,1.54,29.1,231,0.0
12339,2023-08-29,Northern,Cocoa,25.46,0.0,15.03,30.3,129,0.0
12340,2023-08-29,Western,Maize,0.0,0.0,2.79,25.9,179,0.0
12341,2023-08-29,Western,Cassava,28.79,0.0,1.67,29.0,264,0.0
12342,2023-08-29,Western,Cocoa,18.81,0.0,13.53,26.8,449,0.0
12343,2023-08-29,Eastern,Maize,17.73,0.0,2.93,33.5,416,0.0
12344,2023-08-29,Eastern,Cassava,13.87,0.0,1.4,32.9,352,0.0
12345,2023-08-29,Eastern,Cocoa,38.23,0.0,14.98,26.3,397,0.0
12346,2023-08-30,Greater Accra,Maize,21.69,0.0,3.37,28.2,305,0.0
12347,2023-08-30,Greater Accra,Cassava,12.89,0.0,1.54,30.8,253,0.0
12348,2023-08-30,Greater Accra,Cocoa,8.22,0.0,13.89,26.3,480,0.0
12349,2023-08-30,Ashanti,Maize,36.03,0.0,3.02,25.0,287,0.0
12350,2023-08-30,Ashanti,Cassava,18.52,0.0,1.54,24.4,392,0.0
12351,2023-08-30,Ashanti,Cocoa,25.22,0.0,13.8,30.8,224,0.0
12352,2023-08-30,Northern,Maize,10.64,0.0,3.07,29.3,390,0.0
12353,2023-08-30,Northern,Cocoa,25.18,0.0,13.11,29.9,117,0.0
12354,2023-08-30,Western,Maize,14.7,0.0,3.25,30.2,445,0.0
12355,2023-08-30,Western,Cassava,28.85,0.0,1.44,30.0,442,0.0
12356,2023-08-30,Western,Cocoa,29.79,0.0,14.6,26.0,386,0.0
12357,2023-08-30,Eastern,Maize,14.19,0.0,3.2,31.8,74,0.0
12358,2023-08-30,Eastern,Cocoa,6.7,0.0,17.59,32.2,118,0.0
12359,2023-08-31,Greater Accra,Maize,10.22,0.0,2.8,33.6,105,0.0
12360,2023-08-31,Greater Accra,Cassava,3.54,0.0,1.27,24.8,351,0.0
12361,2023-08-31,Greater Accra,Cocoa,4.07,0.0,15.22,25.0,232,0.0
12362,2023-08-31,Ashanti,Maize,16.52,0.0,2.67,26.4,207,0.0
12363,2023-08-31,Ashanti,Cassava,32.35,0.0,1.72,27.9,101,0.0
12364,2023-08-31,Northern,Maize,15.83,0.0,3.56,28.9,134,0.0
12365,2023-08-31,Northern,Cassava,28.21,0.0,1.39,33.9,97,0.0
12366,2023-08-31,Northern,Cocoa,12.15,0.0,15.27,24.5,128,0.0
12367,2023-08-31,Western,Cassava,16.43,0.0,1.5,33.1,205,0.0
12368,2023-08-31,Western,Cocoa,41.33,0.0,17.23,26.5,302,0.0
12369,2023-08-31,Eastern,Maize,15.19,0.0,2.87,32.5,60,0.0
12370,2023-08-31,Eastern,Cassava,17.27,0.0,1.43,26.8,277,0.0
12371,2023-08-31,Eastern,Cocoa,21.97,0.0,16.51,29.2,312,0.0
12372,2023-09-01,Greater Accra,Maize,20.86,0.0,2.98,33.7,147,0.0
12373,2023-09-01,Greater Accra,Cassava,7.43,0.0,1.61,29.6,436,0.0
12374,2023-09-01,Ashanti,Maize,25.93,0.0,2.58,27.9,272,0.0
12375,2023-09-01,Ashanti,Cassava,35.73,0.0,1.4,32.8,246,0.0
12376,2023-09-01,Ashanti,Cocoa,45.02,0.0,17.53,32.0,213,0.0
12377,2023-09-01,Northern,Maize,16.13,0.0,2.67,29.4,100,0.0
12378,2023-09-01,Northern,Cassava,23.56,0.0,1.41,30.8,374,0.0
12379,2023-09-01,Western,Maize,44.87,0.0,3.19,25.2,60,0.0
12380,2023-09-01,Western,Cocoa,47.51,0.0,16.61,33.3,130,0.0
12381,2023-09-01,Eastern,Maize,14.68,0.0,2.6,27.5,297,0.0
12382,2023-09-01,Eastern,Cassava,32.97,0.0,1.75,27.9,121,0.0
12383,2023-09-01,Eastern,Cocoa,31.0,0.0,17.6,29.6,96,0.0
12384,2023-09-02,Greater Accra,Cassava,5.42,0.0,1.68,30.3,128,0.0
12385,2023-09-02,Ashanti,Maize,26.9,0.0,2.87,30.5,346,0.0
12386,2023-09-02,Ashanti,Cassava,29.27,0.0,1.65,28.0,365,0.0
12387,2023-09-02,Ashanti,Cocoa,21.61,0.0,14.01,24.8,145,0.0
12388,2023-09-02,Northern,Maize,20.19,0.0,3.5,33.5,309,0.0
12389,2023-09-02,Northern,Cocoa,8.66,0.0,15.21,26.2,237,0.0
12390,2023-09-02,Western,Maize,24.34,0.0,3.0,30.1,138,0.0
12391,2023-09-02,Western,Cassava,15.5,0.0,1.46,28.0,132,0.0
12392,2023-09-02,Eastern,Maize,22.13,0.0,2.53,28.1,349,0.0
12393,2023-09-02,Eastern,Cassava,22.27,0.0,1.68,32.8,274,0.0
12394,2023-09-02,Eastern,Cocoa,27.6,0.0,17.61,29.9,264,0.0
12395,2023-09-03,Greater Accra,Cassava,24.02,0.0,1.59,30.3,428,0.0
12396,2023-09-03,Greater Accra,Cocoa,10.73,0.0,14.84,28.9,368,0.0
12397,2023-09-03,Ashanti,Maize,19.49,0.0,3.17,26.9,471,0.0
12398,2023-09-03,Ashanti,Cassava,18.92,0.0,1.49,32.4,304,0.0
12399,2023-09-03,Ashanti,Cocoa,30.98,0.0,14.69,27.4,221,0.0
12400,2023-09-03,Northern,Maize,16.52,0.0,3.01,27.4,161,0.0
12401,2023-09-03,Northern,Cassava,23.05,0.0,1.46,33.3,208,0.0
12402,2023-09-03,Northern,Cocoa,21.72,0.0,15.85,31.5,438,0.0
12403,2023-09-03,Western,Maize,19.64,0.0,2.95,24.1,188,0.0
12404,2023-09-03,Western,Cassava,12.99,0.0,1.38,25.2,207,0.0
12405,2023-09-03,Western,Cocoa,34.25,0.0,16.88,29.4,390,0.0
12406,2023-09-03,Eastern,Maize,24.03,0.0,3.11,30.0,51,0.0
12407,2023-09-03,Eastern,Cocoa,4.12,0.0,15.62,33.6,337,0.0
12408,2023-09-04,Greater Accra,Maize,16.34,0.0,3.38,29.2,211,0.0
12409,2023-09-04,Greater Accra,Cassava,0.0,0.0,1.37,33.0,444,0.0
12410,2023-09-04,Greater Accra,Cocoa,7.23,0.0,12.5,27.9,319,0.0
12411,2023-09-04,Ashanti,Maize,26.72,0.0,3.4,30.6,65,0.0
12412,2023-09-04,Ashanti,Cassava,9.95,0.0,1.4,28.6,418,0.0
12413,2023-09-04,Ashanti,Cocoa,32.32,0.0,13.2,30.4,333,0.0
12414,2023-09-04,Northern,Maize,4.27,0.0,3.52,24.7,337,0.0
12415,2023-09-04,Northern,Cassava,16.57,0.0,1.32,27.5,173,0.0
12416,2023-09-04,Northern,Cocoa,19.97,0.0,12.4,29.8,88,0.0
12417,2023-09-04,Western,Maize,35.49,0.0,3.6,24.8,478,0.0
12418,2023-09-04,Western,Cassava,33.23,0.0,1.47,31.7,495,0.0
12419,2023-09-04,Western,Cocoa,10.46,0.0,15.29,33.5,130,0.0
12420,2023-09-04,Eastern,Maize,24.99,0.0,2.61,24.7,254,0.0
12421,2023-09-04,Eastern,Cassava,24.37,0.0,1.31,27.9,409,0.0
12422,2023-09-04,Eastern,Cocoa,26.43,0.0,15.04,24.8,191,0.0
12423,2023-09-05,Greater Accra,Maize,12.65,0.0,3.38,29.9,402,0.0
12424,2023-09-05,Greater Accra,Cassava,21.92,0.0,1.32,33.6,309,0.0
12425,2023-09-05,Greater Accra,Cocoa,9.92,0.0,12.62,27.5,470,0.0
12426,2023-09-05,Ashanti,Maize,23.69,0.0,2.68,28.8,57,0.0
12427,2023-09-05,Ashanti,Cocoa,5.78,0.0,15.26,31.9,345,0.0
12428,2023-09-05,Northern,Maize,12.46,0.0,3.55,28.5,420,0.0
12429,2023-09-05,Northern,Cocoa,31.28,0.0,14.13,32.7,185,0.0
12430,2023-09-05,Western,Maize,20.26,0.0,2.99,26.8,411,0.0
12431,2023-09-05,Eastern,Maize,19.12,0.0,3.44,28.7,112,0.0
12432,2023-09-05,Eastern,Cocoa,5.97,0.0,12.8,24.8,136,0.0
12433,2023-09-06,Greater Accra,Maize,6.21,0.0,3.57,25.4,345,0.0
12434,2023-09-06,Greater Accra,Cassava,8.68,0.0,1.39,31.8,167,0.0
12435,2023-09-06,Greater Accra,Cocoa,23.17,0.0,15.81,29.4,459,0.0
12436,2023-09-06,Ashanti,Maize,13.19,0.0,2.64,30.5,415,0.0
12437,2023-09-06,Ashanti,Cassava,40.1,0.0,1.38,29.0,322,0.0
12438,2023-09-06,Ashanti,Cocoa,15.48,0.0,14.48,24.5,100,0.0
12439,2023-09-06,Northern,Maize,20.22,0.0,2.6,28.9,408,0.0
12440,2023-09-06,Northern,Cassava,13.68,0.0,1.63,26.1,499,0.0
12441,2023-09-06,Northern,Cocoa,16.39,0.0,13.62,25.7,156,0.0
12442,2023-09-06,Western,Maize,41.91,0.0,3.48,25.7,233,0.0
12443,2023-09-06,Western,Cassava,28.06,0.0,1.35,31.5,163,0.0
12444,2023-09-06,Western,Cocoa,47.48,0.0,13.46,29.6,458,0.0
12445,2023-09-06,Eastern,Maize,12.75,0.0,2.75,28.2,330,0.0
12446,2023-09-06,Eastern,Cassava,12.75,0.0,1.38,30.8,268,0.0
12447,2023-09-06,Eastern,Cocoa,7.99,0.0,14.55,32.0,397,0.0
12448,2023-09-07,Greater Accra,Maize,24.51,0.0,3.41,34.0,173,0.0
12449,2023-09-07,Greater Accra,Cassava,21.89,0.0,1.34,26.6,285,0.0
12450,2023-09-07,Greater Accra,Cocoa,24.46,0.0,13.39,27.9,199,0.0
12451,2023-09-07,Ashanti,Cocoa,16.3,0.0,14.57,25.4,465,0.0
12452,2023-09-07,Northern,Maize,23.04,0.0,2.92,32.1,431,0.0
12453,2023-09-07,Northern,Cassava,10.22,0.0,1.71,29.9,442,0.0
12454,2023-09-07,Northern,Cocoa,31.38,0.0,12.51,24.4,117,0.0
12455,2023-09-07,Western,Maize,44.93,0.0,2.71,29.5,473,0.0
12456,2023-09-07,Western,Cassava,14.87,0.0,1.22,32.7,144,0.0
12457,2023-09-07,Eastern,Maize,10.06,0.0,2.54,25.9,153,0.0
12458,2023-09-07,Eastern,Cassava,7.92,0.0,1.37,31.4,385,0.0
12459,2023-09-07,Eastern,Cocoa,11.26,0.0,16.19,30.1,129,0.0
12460,2023-09-08,Greater Accra,Maize,10.54,0.0,3.55,32.8,282,0.0
12461,2023-09-08,Greater Accra,Cassava,11.79,0.0,1.29,29.7,432,0.0
12462,2023-09-08,Greater Accra,Cocoa,7.49,0.0,16.57,27.7,75,0.0
12463,2023-09-08,Ashanti,Maize,21.88,0.0,2.69,27.4,314,0.0
12464,2023-09-08,Ashanti,Cassava,23.15,0.0,1.71,26.3,462,0.0
12465,2023-09-08,Ashanti,Cocoa,16.35,0.0,14.53,26.9,255,0.0
12466,2023-09-08,Northern,Maize,23.6,0.0,2.76,29.5,310,0.0
12467,2023-09-08,Northern,Cocoa,22.72,0.0,17.58,32.2,265,0.0
12468,2023-09-08,Western,Maize,37.91,0.0,3.53,29.0,98,0.0
12469,2023-09-08,Western,Cassava,28.89,0.0,1.36,27.5,355,0.0
12470,2023-09-08,Eastern,Maize,30.34,0.0,3.47,33.6,230,0.0
12471,2023-09-08,Eastern,Cassava,14.37,0.0,1.72,26.0,267,0.0
12472,2023-09-08,Eastern,Cocoa,35.58,0.0,17.31,29.1,425,0.0
12473,2023-09-09,Greater Accra,Maize,16.97,0.0,3.31,30.5,412,0.0
12474,2023-09-09,Greater Accra,Cassava,20.18,0.0,1.2,32.8,428,0.0
12475,2023-09-09,Greater Accra,Cocoa,3.62,0.0,13.42,27.3,207,0.0
12476,2023-09-09,Ashanti,Maize,7.28,0.0,3.09,31.3,344,0.0
12477,2023-09-09,Ashanti,Cassava,40.14,0.0,1.46,30.9,91,0.0
12478,2023-09-09,Ashanti,Cocoa,39.76,0.0,13.31,32.0,84,0.0
12479,2023-09-09,Northern,Maize,12.09,0.0,3.41,25.3,176,0.0
12480,2023-09-09,Northern,Cassava,7.9,0.0,1.27,26.1,426,0.0
12481,2023-09-09,Northern,Cocoa,20.2,0.0,14.88,24.8,111,0.0
12482,2023-09-09,Western,Maize,24.44,0.0,3.64,25.4,358,0.0
12483,2023-09-09,Eastern,Maize,9.12,0.0,3.52,28.2,369,0.0
12484,2023-09-09,Eastern,Cassava,15.85,0.0,1.38,32.1,477,0.0
12485,2023-09-10,Greater Accra,Maize,20.96,0.0,3.15,25.9,381,0.0
12486,2023-09-10,Greater Accra,Cassava,22.87,0.0,1.6,29.5,195,0.0
12487,2023-09-10,Ashanti,Maize,14.06,0.0,3.23,30.4,190,0.0
12488,2023-09-10,Ashanti,Cassava,18.72,0.0,1.27,24.3,496,0.0
12489,2023-09-10,Ashanti,Cocoa,19.77,0.0,15.28,32.5,50,0.0
12490,2023-09-10,Northern,Maize,16.8,0.0,3.3,31.2,204,0.0
12491,2023-09-10,Northern,Cassava,6.02,0.0,1.61,27.0,363,0.0
12492,2023-09-10,Northern,Cocoa,10.96,0.0,13.76,33.0,434,0.0
12493,2023-09-10,Western,Maize,27.0,0.0,3.24,31.6,153,0.0
12494,2023-09-10,Western,Cassava,41.24,0.0,1.7,25.0,59,0.0
12495,2023-09-10,Western,Cocoa,26.88,0.0,0.0,24.7,166,0.0
12496,2023-09-10,Eastern,Maize,13.32,0.0,3.45,31.7,378,0.0
12497,2023-09-10,Eastern,Cassava,27.5,0.0,1.4,26.4,158,0.0
12498,2023-09-10,Eastern,Cocoa,23.22,0.0,17.04,30.0,182,0.0
12499,2023-09-11,Greater Accra,Maize,9.01,0.0,3.5,28.0,418,0.0
12500,2023-09-11,Greater Accra,Cassava,0.0,0.0,1.34,30.5,198,0.0
12501,2023-09-11,Greater Accra,Cocoa,10.39,0.0,14.68,33.5,406,0.0
12502,2023-09-11,Ashanti,Maize,34.38,0.0,3.03,25.2,206,0.0
12503,2023-09-11,Ashanti,Cocoa,28.41,0.0,0.0,26.3,291,0.0
12504,2023-09-11,Northern,Maize,26.48,0.0,2.89,31.4,198,0.0
12505,2023-09-11,Northern,Cassava,14.2,0.0,1.25,25.7,375,0.0
12506,2023-09-11,Northern,Cocoa,14.03,0.0,14.32,27.6,86,0.0
12507,2023-09-11,Western,Maize,27.31,0.0,2.62,30.7,346,0.0
12508,2023-09-11,Western,Cassava,37.36,0.0,1.32,30.2,436,0.0
12509,2023-09-11,Western,Cocoa,29.43,0.0,17.4,24.3,245,0.0
12510,2023-09-11,Eastern,Maize,5.99,0.0,3.55,26.2,497,0.0
12511,2023-09-11,Eastern,Cassava,25.69,0.0,1.25,27.0,170,0.0
12512,2023-09-11,Eastern,Cocoa,27.43,0.0,17.64,32.0,136,0.0
12513,2023-09-12,Greater Accra,Maize,11.22,0.0,2.99,31.9,170,0.0
12514,2023-09-12,Greater Accra,Cassava,4.99,0.0,1.39,26.1,83,0.0
12515,2023-09-12,Greater Accra,Cocoa,18.92,0.0,15.08,24.5,115,0.0
12516,2023-09-12,Ashanti,Maize,39.36,0.0,3.26,25.1,239,0.0
12517,2023-09-12,Northern,Maize,19.13,0.0,3.58,29.5,175,0.0
12518,2023-09-12,Northern,Cassava,18.4,0.0,1.29,27.2,111,0.0
12519,2023-09-12,Northern,Cocoa,22.4,0.0,14.37,26.6,484,0.0
12520,2023-09-12,Western,Cassava,32.79,0.0,1.63,26.6,226,0.0
12521,2023-09-12,Western,Cocoa,34.0,0.0,17.03,29.3,207,0.0
12522,2023-09-12,Eastern,Maize,15.07,0.0,3.36,25.4,51,0.0
12523,2023-09-12,Eastern,Cassava,15.43,0.0,1.61,34.0,497,0.0
12524,2023-09-12,Eastern,Cocoa,12.65,0.0,16.53,26.2,173,0.0
12525,2023-09-13,Greater Accra,Maize,1.98,0.0,3.33,30.7,335,0.0
12526,2023-09-13,Greater Accra,Cassava,4.14,0.0,1.71,28.5,494,0.0
12527,2023-09-13,Greater Accra,Cocoa,1.99,0.0,15.98,31.7,134,0.0
12528,2023-09-13,Ashanti,Maize,38.5,0.0,3.64,28.1,347,0.0
12529,2023-09-13,Ashanti,Cassava,34.34,0.0,1.4,26.2,194,0.0
12530,2023-09-13,Ashanti,Cocoa,30.9,0.0,15.38,26.6,104,0.0
12531,2023-09-13,Northern,Cassava,8.28,0.0,1.5,32.0,436,0.0
12532,2023-09-13,Northern,Cocoa,5.05,0.0,17.23,33.9,440,0.0
12533,2023-09-13,Western,Maize,9.07,0.0,3.27,31.1,458,0.0
12534,2023-09-13,Western,Cassava,18.21,0.0,1.31,28.4,310,0.0
12535,2023-09-13,Western,Cocoa,48.6,0.0,12.74,29.3,271,0.0
12536,2023-09-13,Eastern,Maize,20.22,0.0,2.5,29.5,466,0.0
12537,2023-09-13,Eastern,Cassava,34.47,0.0,1.74,27.3,397,0.0
12538,2023-09-13,Eastern,Cocoa,12.65,0.0,16.49,32.6,216,0.0
12539,2023-09-14,Greater Accra,Cassava,14.53,0.0,1.31,30.2,69,0.0
12540,2023-09-14,Ashanti,Maize,43.56,0.0,2.59,29.7,184,0.0
12541,2023-09-14,Northern,Maize,0.6,0.0,3.06,25.6,159,0.0
12542,2023-09-14,Northern,Cassava,4.7,0.0,1.39,29.3,343,0.0
12543,2023-09-14,Northern,Cocoa,7.97,0.0,15.71,24.1,183,0.0
12544,2023-09-14,Western,Maize,33.14,0.0,2.57,29.1,164,0.0
12545,2023-09-14,Western,Cassava,17.99,0.0,1.74,30.2,333,0.0
12546,2023-09-14,Western,Cocoa,14.71,0.0,13.36,25.5,293,0.0
12547,2023-09-14,Eastern,Maize,7.54,0.0,3.53,31.9,477,0.0
12548,2023-09-14,Eastern,Cassava,3.14,0.0,1.31,32.2,315,0.0
12549,2023-09-14,Eastern,Cocoa,14.83,0.0,17.48,26.8,346,0.0
12550,2023-09-15,Greater Accra,Maize,16.76,0.0,3.37,29.2,175,0.0
12551,2023-09-15,Greater Accra,Cassava,12.25,0.0,1.45,30.7,143,0.0
12552,2023-09-15,Ashanti,Maize,19.94,0.0,2.94,31.0,465,0.0
12553,2023-09-15,Ashanti,Cassava,30.99,0.0,1.44,24.4,477,0.0
12554,2023-09-15,Ashanti,Cocoa,36.6,0.0,12.8,33.2,459,0.0
12555,2023-09-15,Northern,Maize,10.8,0.0,2.51,29.1,203,0.0
12556,2023-09-15,Northern,Cassava,15.55,0.0,1.43,32.0,214,0.0
12557,2023-09-15,Northern,Cocoa,17.07,0.0,15.51,31.8,352,0.0
12558,2023-09-15,Western,Maize,23.28,0.0,2.48,32.0,368,0.0
12559,2023-09-15,Western,Cassava,15.29,0.0,1.42,27.0,285,0.0
12560,2023-09-15,Western,Cocoa,31.79,0.0,13.14,24.5,493,0.0
12561,2023-09-15,Eastern,Maize,21.4,0.0,3.43,30.5,257,0.0
12562,2023-09-15,Eastern,Cassava,16.24,0.0,1.63,25.8,53,0.0
12563,2023-09-15,Eastern,Cocoa,2.7,0.0,16.73,27.7,127,0.0
12564,2023-09-16,Greater Accra,Maize,10.07,0.0,2.54,33.9,229,0.0
12565,2023-09-16,Greater Accra,Cassava,23.54,0.0,1.62,30.4,211,0.0
12566,2023-09-16,Greater Accra,Cocoa,18.32,0.0,15.68,33.0,475,0.0
12567,2023-09-16,Ashanti,Maize,27.91,0.0,2.8,26.2,355,0.0
12568,2023-09-16,Ashanti,Cassava,19.27,0.0,1.5,25.7,377,0.0
12569,2023-09-16,Ashanti,Cocoa,28.78,0.0,15.65,27.4,227,0.0
12570,2023-09-16,Northern,Maize,19.74,0.0,3.5,30.0,357,0.0
12571,2023-09-16,Northern,Cassava,21.93,0.0,1.22,33.3,270,0.0
12572,2023-09-16,Northern,Cocoa,11.33,0.0,14.98,26.8,197,0.0
12573,2023-09-16,Western,Maize,25.04,0.0,2.83,26.0,265,0.0
12574,2023-09-16,Western,Cassava,13.44,0.0,1.56,27.3,417,0.0
12575,2023-09-16,Western,Cocoa,7.99,0.0,13.81,32.0,454,0.0
12576,2023-09-16,Eastern,Maize,40.38,0.0,2.65,32.3,328,0.0
12577,2023-09-16,Eastern,Cassava,11.03,0.0,1.74,28.7,119,0.0
12578,2023-09-16,Eastern,Cocoa,30.56,0.0,16.03,32.1,475,0.0
12579,2023-09-17,Greater Accra,Maize,3.99,0.0,3.03,29.7,183,0.0
12580,2023-09-17,Greater Accra,Cassava,15.2,0.0,1.55,32.2,51,0.0
12581,2023-09-17,Greater Accra,Cocoa,23.41,0.0,12.42,32.7,55,0.0
12582,2023-09-17,Ashanti,Maize,38.3,0.0,3.11,33.0,412,0.0
12583,2023-09-17,Ashanti,Cassava,43.87,0.0,1.37,26.8,195,0.0
12584,2023-09-17,Ashanti,Cocoa,29.59,0.0,15.65,33.3,130,0.0
12585,2023-09-17,Northern,Maize,15.86,0.0,2.9,24.2,316,0.0
12586,2023-09-17,Northern,Cassava,11.76,0.0,1.39,29.8,169,0.0
12587,2023-09-17,Northern,Cocoa,17.16,0.0,15.29,27.1,75,0.0
12588,2023-09-17,Western,Maize,10.97,0.0,3.31,31.3,244,0.0
12589,2023-09-17,Western,Cassava,51.38,0.0,1.58,30.6,178,0.0
12590,2023-09-17,Eastern,Maize,36.84,0.0,3.06,33.6,347,0.0
12591,2023-09-17,Eastern,Cassava,29.62,0.0,1.25,31.9,292,0.0
12592,2023-09-17,Eastern,Cocoa,23.94,0.0,13.35,27.7,372,0.0
12593,2023-09-18,Greater Accra,Maize,16.3,0.0,3.12,24.8,94,0.0
12594,2023-09-18,Greater Accra,Cassava,15.94,0.0,1.21,31.8,50,0.0
12595,2023-09-18,Greater Accra,Cocoa,8.23,0.0,14.29,31.9,296,0.0
12596,2023-09-18,Ashanti,Maize,20.1,0.0,2.52,33.3,254,0.0
12597,2023-09-18,Ashanti,Cassava,25.02,0.0,1.38,31.5,111,0.0
12598,2023-09-18,Ashanti,Cocoa,18.15,0.0,16.64,31.7,442,0.0
12599,2023-09-18,Northern,Maize,21.27,0.0,2.97,28.7,65,0.0
12600,2023-09-18,Northern,Cassava,14.77,0.0,1.24,24.4,275,0.0
12601,2023-09-18,Northern,Cocoa,11.77,0.0,16.29,29.6,251,0.0
12602,2023-09-18,Western,Cassava,7.16,0.0,1.55,26.4,374,0.0
12603,2023-09-18,Eastern,Maize,38.38,0.0,3.14,27.2,498,0.0
12604,2023-09-18,Eastern,Cassava,4.66,0.0,1.45,25.5,125,0.0
12605,2023-09-18,Eastern,Cocoa,27.78,0.0,15.5,24.3,173,0.0
12606,2023-09-19,Greater Accra,Cassava,20.19,0.0,1.41,27.3,163,0.0
12607,2023-09-19,Ashanti,Maize,32.33,0.0,2.55,25.9,249,0.0
12608,2023-09-19,Ashanti,Cassava,30.01,0.0,1.52,27.5,220,0.0
12609,2023-09-19,Ashanti,Cocoa,29.75,0.0,13.44,32.9,60,0.0
12610,2023-09-19,Northern,Maize,12.96,0.0,3.01,26.3,110,0.0
12611,2023-09-19,Northern,Cassava,7.05,0.0,1.32,27.4,240,0.0
12612,2023-09-19,Northern,Cocoa,8.18,0.0,13.67,30.5,238,0.0
12613,2023-09-19,Western,Cocoa,22.65,0.0,13.24,29.3,383,0.0
12614,2023-09-19,Eastern,Maize,13.91,0.0,3.56,33.9,422,0.0
12615,2023-09-19,Eastern,Cassava,29.8,0.0,1.24,32.1,196,0.0
12616,2023-09-19,Eastern,Cocoa,32.1,0.0,17.18,31.8,338,0.0
12617,2023-09-20,Greater Accra,Maize,26.86,0.0,3.43,27.8,328,0.0
12618,2023-09-20,Greater Accra,Cocoa,6.24,0.0,13.62,30.0,318,0.0
12619,2023-09-20,Ashanti,Maize,16.78,0.0,3.07,27.9,106,0.0
12620,2023-09-20,Ashanti,Cocoa,34.12,0.0,17.03,29.7,275,0.0
12621,2023-09-20,Northern,Cassava,23.67,0.0,1.35,29.2,261,0.0
12622,2023-09-20,Northern,Cocoa,17.64,0.0,16.09,26.4,466,0.0
12623,2023-09-20,Western,Maize,52.4,0.0,2.82,27.9,483,0.0
12624,2023-09-20,Western,Cocoa,6.56,0.0,0.0,29.6,266,0.0
12625,2023-09-20,Eastern,Maize,14.4,0.0,3.33,29.8,261,0.0
12626,2023-09-20,Eastern,Cassava,33.09,0.0,1.56,30.9,202,0.0
12627,2023-09-20,Eastern,Cocoa,21.32,0.0,13.83,30.6,466,0.0
12628,2023-09-21,Greater Accra,Maize,13.44,0.0,3.13,31.5,73,0.0
12629,2023-09-21,Greater Accra,Cassava,9.33,0.0,1.58,33.9,168,0.0
12630,2023-09-21,Greater Accra,Cocoa,27.78,0.0,17.63,31.3,163,0.0
12631,2023-09-21,Ashanti,Maize,2.38,0.0,3.08,30.1,188,0.0
12632,2023-09-21,Ashanti,Cassava,37.72,0.0,1.4,25.7,307,0.0
12633,2023-09-21,Ashanti,Cocoa,24.48,0.0,17.1,26.8,72,0.0
12634,2023-09-21,Northern,Maize,12.9,0.0,2.64,32.3,272,0.0
12635,2023-09-21,Northern,Cassava,26.56,0.0,1.71,24.2,472,0.0
12636,2023-09-21,Northern,Cocoa,25.02,0.0,14.02,28.1,315,0.0
12637,2023-09-21,Western,Maize,11.7,0.0,3.12,30.1,147,0.0
12638,2023-09-21,Western,Cassava,38.8,0.0,1.23,26.3,452,0.0
12639,2023-09-21,Western,Cocoa,36.15,0.0,17.4,28.6,478,0.0
12640,2023-09-21,Eastern,Maize,17.41,0.0,3.11,26.6,55,0.0
12641,2023-09-21,Eastern,Cassava,8.42,0.0,1.34,29.2,105,0.0
12642,2023-09-21,Eastern,Cocoa,30.47,0.0,12.56,30.7,234,0.0
12643,2023-09-22,Greater Accra,Maize,14.79,0.0,3.07,24.2,202,0.0
12644,2023-09-22,Greater Accra,Cassava,13.79,0.0,1.59,26.0,276,0.0
12645,2023-09-22,Greater Accra,Cocoa,15.61,0.0,14.74,29.8,431,0.0
12646,2023-09-22,Ashanti,Maize,13.86,0.0,2.77,28.7,336,0.0
12647,2023-09-22,Ashanti,Cassava,8.25,0.0,1.63,31.5,51,0.0
12648,2023-09-22,Northern,Maize,7.35,0.0,2.98,25.3,340,0.0
12649,2023-09-22,Northern,Cassava,30.08,0.0,1.56,30.0,234,0.0
12650,2023-09-22,Northern,Cocoa,9.3,0.0,17.43,32.4,121,0.0
12651,2023-09-22,Western,Cassava,47.38,0.0,1.2,32.5,125,0.0
12652,2023-09-22,Eastern,Maize,30.18,0.0,3.08,28.9,197,0.0
12653,2023-09-22,Eastern,Cassava,31.4,0.0,1.71,29.6,369,0.0
12654,2023-09-22,Eastern,Cocoa,27.67,0.0,18.1,27.2,353,0.0
12655,2023-09-23,Greater Accra,Maize,13.13,0.0,3.26,28.9,417,0.0
12656,2023-09-23,Greater Accra,Cassava,10.59,0.0,1.7,30.6,187,0.0
12657,2023-09-23,Greater Accra,Cocoa,4.08,0.0,16.83,28.8,223,0.0
12658,2023-09-23,Ashanti,Maize,15.71,0.0,2.72,27.5,239,0.0
12659,2023-09-23,Ashanti,Cassava,31.04,0.0,1.33,30.6,433,0.0
12660,2023-09-23,Ashanti,Cocoa,40.79,0.0,17.73,28.8,61,0.0
12661,2023-09-23,Northern,Maize,15.22,0.0,3.11,33.3,229,0.0
12662,2023-09-23,Northern,Cocoa,28.48,0.0,14.62,25.3,128,0.0
12663,2023-09-23,Western,Maize,24.81,0.0,3.41,29.2,424,0.0
12664,2023-09-23,Western,Cassava,35.32,0.0,1.61,29.4,272,0.0
12665,2023-09-23,Western,Cocoa,24.18,0.0,12.7,32.2,448,0.0
12666,2023-09-23,Eastern,Maize,9.24,0.0,3.32,28.6,264,0.0
12667,2023-09-23,Eastern,Cassava,10.74,0.0,1.35,29.9,409,0.0
12668,2023-09-23,Eastern,Cocoa,23.82,0.0,12.68,33.8,368,0.0
12669,2023-09-24,Greater Accra,Maize,27.34,0.0,3.07,27.0,346,0.0
12670,2023-09-24,Greater Accra,Cocoa,16.61,0.0,17.86,31.3,137,0.0
12671,2023-09-24,Ashanti,Maize,37.42,0.0,3.23,30.0,86,0.0
12672,2023-09-24,Ashanti,Cassava,37.47,0.0,1.37,29.2,235,0.0
12673,2023-09-24,Ashanti,Cocoa,12.58,0.0,13.75,30.6,137,0.0
12674,2023-09-24,Northern,Cassava,22.96,0.0,1.35,28.3,376,0.0
12675,2023-09-24,Northern,Cocoa,13.08,0.0,14.42,30.6,344,0.0
12676,2023-09-24,Western,Maize,51.76,0.0,2.69,33.7,439,0.0
12677,2023-09-24,Western,Cassava,43.03,0.0,1.35,32.4,85,0.0
12678,2023-09-24,Western,Cocoa,33.05,0.0,13.51,25.1,292,0.0
12679,2023-09-24,Eastern,Maize,32.33,0.0,2.71,28.2,238,0.0
12680,2023-09-24,Eastern,Cassava,8.96,0.0,1.58,30.3,150,0.0
12681,2023-09-24,Eastern,Cocoa,6.0,0.0,15.68,33.0,120,0.0
12682,2023-09-25,Greater Accra,Maize,4.47,0.0,2.61,26.0,385,0.0
12683,2023-09-25,Greater Accra,Cassava,18.9,0.0,1.43,29.1,363,0.0
12684,2023-09-25,Greater Accra,Cocoa,11.72,0.0,14.47,33.2,199,0.0
12685,2023-09-25,Ashanti,Maize,24.42,0.0,3.48,29.8,238,0.0
12686,2023-09-25,Ashanti,Cassava,24.38,0.0,1.57,33.0,415,0.0
12687,2023-09-25,Ashanti,Cocoa,4.87,0.0,17.59,28.3,383,0.0
12688,2023-09-25,Northern,Maize,21.1,0.0,2.68,26.8,189,0.0
12689,2023-09-25,Northern,Cassava,13.22,0.0,1.31,27.7,438,0.0
12690,2023-09-25,Northern,Cocoa,3.83,0.0,16.39,30.4,303,0.0
12691,2023-09-25,Western,Cassava,12.96,0.0,1.48,28.5,226,0.0
12692,2023-09-25,Western,Cocoa,50.41,0.0,15.56,30.6,80,0.0
12693,2023-09-25,Eastern,Maize,24.61,0.0,3.33,29.5,173,0.0
12694,2023-09-25,Eastern,Cassava,30.24,0.0,1.33,32.2,157,0.0
12695,2023-09-25,Eastern,Cocoa,28.43,0.0,17.64,32.1,199,0.0
12696,2023-09-26,Greater Accra,Maize,4.66,0.0,3.01,33.0,412,0.0
12697,2023-09-26,Greater Accra,Cassava,19.36,0.0,1.26,29.0,91,0.0
12698,2023-09-26,Greater Accra,Cocoa,20.37,0.0,15.49,26.8,149,0.0
12699,2023-09-26,Ashanti,Cassava,10.08,0.0,1.51,31.1,224,0.0
12700,2023-09-26,Ashanti,Cocoa,15.12,0.0,15.39,31.4,133,0.0
12701,2023-09-26,Northern,Maize,23.71,0.0,3.11,24.5,499,0.0
12702,2023-09-26,Northern,Cassava,21.41,0.0,1.47,24.0,199,0.0
12703,2023-09-26,Western,Cassava,28.55,0.0,1.64,30.4,164,0.0
12704,2023-09-26,Western,Cocoa,41.59,0.0,15.04,32.6,64,0.0
12705,2023-09-26,Eastern,Cassava,24.85,0.0,1.2,24.7,420,0.0
12706,2023-09-26,Eastern,Cocoa,19.45,0.0,15.47,28.6,246,0.0
12707,2023-09-27,Greater Accra,Maize,14.67,0.0,2.89,29.9,252,0.0
12708,2023-09-27,Greater Accra,Cassava,4.42,0.0,1.59,24.6,260,0.0
12709,2023-09-27,Ashanti,Cassava,40.22,0.0,1.26,30.0,57,0.0
12710,2023-09-27,Northern,Maize,23.84,0.0,3.47,29.4,493,0.0
12711,2023-09-27,Northern,Cassava,23.25,0.0,1.35,32.5,84,0.0
12712,2023-09-27,Northern,Cocoa,27.36,0.0,15.72,28.0,169,0.0
12713,2023-09-27,Western,Maize,39.32,0.0,3.51,26.7,335,0.0
12714,2023-09-27,Western,Cassava,35.25,0.0,1.51,29.3,332,0.0
12715,2023-09-27,Western,Cocoa,42.59,0.0,14.29,34.0,61,0.0
12716,2023-09-27,Eastern,Maize,13.0,0.0,3.61,30.7,371,0.0
12717,2023-09-27,Eastern,Cassava,22.17,0.0,1.7,26.3,166,0.0
12718,2023-09-27,Eastern,Cocoa,12.67,0.0,13.84,28.0,72,0.0
12719,2023-09-28,Greater Accra,Maize,14.14,0.0,3.0,24.1,238,0.0
12720,2023-09-28,Greater Accra,Cassava,10.16,0.0,1.31,26.4,75,0.0
12721,2023-09-28,Greater Accra,Cocoa,8.22,0.0,13.26,30.4,478,0.0
12722,2023-09-28,Ashanti,Maize,24.77,0.0,3.51,33.0,468,0.0
12723,2023-09-28,Ashanti,Cassava,29.89,0.0,1.74,25.1,253,0.0
12724,2023-09-28,Ashanti,Cocoa,28.9,0.0,14.27,24.6,444,0.0
12725,2023-09-28,Northern,Maize,14.79,0.0,2.67,27.8,440,0.0
12726,2023-09-28,Northern,Cassava,7.83,0.0,1.4,31.2,91,0.0
12727,2023-09-28,Northern,Cocoa,15.71,0.0,17.43,24.6,384,0.0
12728,2023-09-28,Western,Maize,31.0,0.0,3.54,31.1,93,0.0
12729,2023-09-28,Western,Cassava,19.37,0.0,1.42,29.0,126,0.0
12730,2023-09-28,Eastern,Maize,26.46,0.0,3.23,26.6,247,0.0
12731,2023-09-28,Eastern,Cassava,10.97,0.0,1.65,28.8,452,0.0
12732,2023-09-28,Eastern,Cocoa,17.95,0.0,18.09,30.4,53,0.0
12733,2023-09-29,Greater Accra,Maize,16.25,0.0,3.37,25.2,441,0.0
12734,2023-09-29,Greater Accra,Cassava,23.14,0.0,1.71,32.3,216,0.0
12735,2023-09-29,Ashanti,Maize,23.02,0.0,3.54,30.8,92,0.0
12736,2023-09-29,Ashanti,Cocoa,42.39,0.0,16.81,32.8,349,0.0
12737,2023-09-29,Northern,Maize,17.8,0.0,3.27,24.5,168,0.0
12738,2023-09-29,Northern,Cassava,28.61,0.0,1.34,30.5,156,0.0
12739,2023-09-29,Northern,Cocoa,7.71,0.0,12.57,33.6,56,0.0
12740,2023-09-29,Western,Maize,11.35,0.0,2.74,32.1,359,0.0
12741,2023-09-29,Western,Cassava,29.87,0.0,1.36,25.4,476,0.0
12742,2023-09-29,Western,Cocoa,20.92,0.0,13.94,29.0,230,0.0
12743,2023-09-29,Eastern,Maize,25.02,0.0,3.11,33.7,207,0.0
12744,2023-09-29,Eastern,Cassava,25.54,0.0,1.47,25.4,51,0.0
12745,2023-09-29,Eastern,Cocoa,16.07,0.0,17.45,31.4,66,0.0
12746,2023-09-30,Greater Accra,Cassava,22.36,0.0,1.37,29.6,376,0.0
12747,2023-09-30,Greater Accra,Cocoa,7.43,0.0,16.84,33.1,74,0.0
12748,2023-09-30,Ashanti,Cassava,39.95,0.0,0.0,30.8,441,0.0
12749,2023-09-30,Ashanti,Cocoa,22.31,0.0,15.59,25.4,217,0.0
12750,2023-09-30,Northern,Maize,9.95,0.0,3.6,31.9,235,0.0
12751,2023-09-30,Northern,Cassava,15.6,0.0,1.43,24.2,478,0.0
12752,2023-09-30,Western,Maize,23.3,0.0,2.51,31.2,239,0.0
12753,2023-09-30,Western,Cocoa,25.82,0.0,13.07,26.2,265,0.0
12754,2023-09-30,Eastern,Maize,4.77,0.0,2.77,31.2,223,0.0
12755,2023-09-30,Eastern,Cocoa,12.07,0.0,14.35,33.1,490,0.0
12756,2023-10-01,Greater Accra,Maize,2.14,0.0,2.69,30.2,384,0.0
12757,2023-10-01,Greater Accra,Cassava,2.29,6915.24,1.37,26.3,263,9473.8788
12758,2023-10-01,Greater Accra,Cocoa,16.0,0.0,13.23,30.5,344,0.0
12759,2023-10-01,Ashanti,Maize,13.65,0.0,2.7,28.8,410,0.0
12760,2023-10-01,Ashanti,Cassava,8.5,0.0,1.11,27.0,410,0.0
12761,2023-10-01,Ashanti,Cocoa,24.95,0.0,12.92,33.2,265,0.0
12762,2023-10-01,Northern,Maize,3.41,0.0,2.7,27.0,84,0.0
12763,2023-10-01,Northern,Cassava,14.67,0.0,1.02,28.1,150,0.0
12764,2023-10-01,Northern,Cocoa,12.62,0.0,12.02,24.9,314,0.0
12765,2023-10-01,Western,Maize,39.79,0.0,2.3,27.4,240,0.0
12766,2023-10-01,Western,Cassava,33.5,14025.05,1.44,24.1,303,20196.071999999996
12767,2023-10-01,Western,Cocoa,15.83,0.0,13.67,25.6,186,0.0
12768,2023-10-01,Eastern,Maize,16.53,0.0,2.18,29.1,244,0.0
12769,2023-10-01,Eastern,Cassava,14.45,0.0,1.16,27.1,376,0.0
12770,2023-10-01,Eastern,Cocoa,9.72,0.0,12.38,27.4,274,0.0
12771,2023-10-02,Greater Accra,Cassava,22.62,0.0,1.46,28.2,219,0.0
12772,2023-10-02,Greater Accra,Cocoa,3.52,0.0,13.86,25.2,135,0.0
12773,2023-10-02,Ashanti,Maize,18.85,0.0,0.0,29.2,101,0.0
12774,2023-10-02,Ashanti,Cassava,23.3,0.0,1.19,29.1,233,0.0
12775,2023-10-02,Northern,Maize,30.89,0.0,2.25,33.4,482,0.0
12776,2023-10-02,Northern,Cocoa,23.24,0.0,12.4,29.0,421,0.0
12777,2023-10-02,Western,Cocoa,41.63,0.0,12.33,32.3,79,0.0
12778,2023-10-02,Eastern,Maize,26.24,0.0,2.67,27.5,337,0.0
12779,2023-10-02,Eastern,Cassava,18.0,0.0,1.44,27.9,220,0.0
12780,2023-10-02,Eastern,Cocoa,10.23,0.0,11.83,31.0,404,0.0
12781,2023-10-03,Greater Accra,Maize,17.6,0.0,2.44,28.1,216,0.0
12782,2023-10-03,Greater Accra,Cassava,5.61,7328.94,1.18,29.3,191,8648.1492
12783,2023-10-03,Ashanti,Maize,12.82,0.0,2.91,26.4,86,0.0
12784,2023-10-03,Ashanti,Cassava,29.65,17767.29,1.3,32.0,411,23097.477000000003
12785,2023-10-03,Northern,Maize,12.09,0.0,2.38,28.1,486,0.0
12786,2023-10-03,Northern,Cassava,26.04,12003.43,1.08,26.8,119,12963.7044
12787,2023-10-03,Northern,Cocoa,10.99,0.0,13.09,26.5,308,0.0
12788,2023-10-03,Western,Maize,31.25,2468.15,2.28,30.7,192,5627.382
12789,2023-10-03,Western,Cassava,16.67,10298.31,1.14,29.2,421,11740.0734
12790,2023-10-03,Western,Cocoa,30.31,0.0,14.16,25.7,308,0.0
12791,2023-10-03,Eastern,Maize,16.81,0.0,2.65,27.3,365,0.0
12792,2023-10-03,Eastern,Cassava,26.66,0.0,1.14,30.0,216,0.0
12793,2023-10-03,Eastern,Cocoa,7.53,0.0,12.86,26.8,156,0.0
12794,2023-10-04,Greater Accra,Maize,10.27,0.0,2.45,29.3,492,0.0
12795,2023-10-04,Greater Accra,Cocoa,8.14,0.0,15.49,31.5,374,0.0
12796,2023-10-04,Ashanti,Cassava,16.5,13349.65,1.07,27.5,419,14284.1255
12797,2023-10-04,Ashanti,Cocoa,18.66,413.95,12.78,25.8,342,5290.281
12798,2023-10-04,Northern,Maize,10.15,0.0,3.04,30.0,179,0.0
12799,2023-10-04,Northern,Cassava,0.0,0.0,1.11,27.0,475,0.0
12800,2023-10-04,Western,Maize,40.45,0.0,2.95,25.3,197,0.0
12801,2023-10-04,Western,Cassava,15.84,0.0,1.05,30.1,457,0.0
12802,2023-10-04,Western,Cocoa,32.45,0.0,12.79,27.0,473,0.0
12803,2023-10-04,Eastern,Maize,15.68,0.0,2.76,33.3,109,0.0
12804,2023-10-04,Eastern,Cassava,28.39,0.0,1.32,33.2,360,0.0
12805,2023-10-04,Eastern,Cocoa,29.33,0.0,14.25,32.2,122,0.0
12806,2023-10-05,Greater Accra,Maize,7.76,0.0,2.12,30.2,278,0.0
12807,2023-10-05,Greater Accra,Cassava,9.04,0.0,1.28,28.4,136,0.0
12808,2023-10-05,Greater Accra,Cocoa,9.02,0.0,13.76,24.6,84,0.0
12809,2023-10-05,Ashanti,Maize,19.16,2953.53,0.0,24.7,139,0.0
12810,2023-10-05,Ashanti,Cassava,34.08,0.0,1.17,31.4,424,0.0
12811,2023-10-05,Ashanti,Cocoa,6.57,0.0,12.37,26.7,57,0.0
12812,2023-10-05,Northern,Maize,11.89,0.0,2.27,25.4,69,0.0
12813,2023-10-05,Northern,Cocoa,24.19,0.0,12.98,28.3,93,0.0
12814,2023-10-05,Western,Maize,49.32,1311.29,2.14,26.2,288,2806.1606
12815,2023-10-05,Western,Cassava,11.26,0.0,1.23,31.3,177,0.0
12816,2023-10-05,Western,Cocoa,25.79,0.0,10.98,25.8,184,0.0
12817,2023-10-05,Eastern,Maize,14.78,0.0,2.71,31.1,478,0.0
12818,2023-10-05,Eastern,Cassava,24.65,0.0,1.13,29.5,373,0.0
12819,2023-10-06,Greater Accra,Maize,7.44,0.0,2.55,30.5,126,0.0
12820,2023-10-06,Greater Accra,Cocoa,4.8,0.0,10.65,29.6,249,0.0
12821,2023-10-06,Ashanti,Maize,17.81,0.0,2.12,31.7,408,0.0
12822,2023-10-06,Ashanti,Cassava,19.15,0.0,1.02,28.9,71,0.0
12823,2023-10-06,Ashanti,Cocoa,10.74,290.63,14.58,27.8,73,4237.3854
12824,2023-10-06,Northern,Maize,11.84,0.0,2.9,31.0,108,0.0
12825,2023-10-06,Northern,Cassava,19.55,0.0,1.44,30.6,434,0.0
12826,2023-10-06,Northern,Cocoa,19.96,0.0,11.35,26.5,421,0.0
12827,2023-10-06,Western,Maize,32.7,2535.11,2.13,29.0,245,5399.7843
12828,2023-10-06,Western,Cassava,17.19,0.0,1.23,25.8,164,0.0
12829,2023-10-06,Western,Cocoa,22.84,0.0,12.07,24.2,458,0.0
12830,2023-10-06,Eastern,Cassava,10.57,0.0,1.03,32.6,422,0.0
12831,2023-10-06,Eastern,Cocoa,31.02,352.89,12.65,29.7,461,4464.0585
12832,2023-10-07,Greater Accra,Maize,12.11,0.0,2.73,28.1,378,0.0
12833,2023-10-07,Greater Accra,Cassava,9.7,0.0,1.19,28.0,192,0.0
12834,2023-10-07,Greater Accra,Cocoa,10.99,350.76,10.74,33.2,314,3767.1624
12835,2023-10-07,Ashanti,Cassava,33.0,0.0,1.23,28.3,248,0.0
12836,2023-10-07,Ashanti,Cocoa,18.02,0.0,14.07,32.4,265,0.0
12837,2023-10-07,Northern,Maize,8.86,0.0,2.84,30.0,427,0.0
12838,2023-10-07,Northern,Cassava,24.94,0.0,1.38,32.4,468,0.0
12839,2023-10-07,Northern,Cocoa,28.14,425.26,13.48,28.3,258,5732.5048
12840,2023-10-07,Western,Maize,25.56,0.0,2.66,27.6,146,0.0
12841,2023-10-07,Western,Cassava,34.8,0.0,1.26,29.1,232,0.0
12842,2023-10-07,Western,Cocoa,34.09,555.82,11.22,27.4,495,6236.300400000001
12843,2023-10-07,Eastern,Maize,10.28,1324.09,2.91,29.3,69,3853.1019
12844,2023-10-07,Eastern,Cassava,12.86,0.0,1.37,33.5,384,0.0
12845,2023-10-07,Eastern,Cocoa,33.1,0.0,11.3,24.8,259,0.0
12846,2023-10-08,Greater Accra,Maize,15.26,1781.7,2.11,30.0,294,3759.3869999999997
12847,2023-10-08,Greater Accra,Cassava,15.29,0.0,1.48,30.2,318,0.0
12848,2023-10-08,Greater Accra,Cocoa,14.06,0.0,14.81,31.0,395,0.0
12849,2023-10-08,Ashanti,Maize,31.55,0.0,2.77,31.7,392,0.0
12850,2023-10-08,Ashanti,Cocoa,18.57,426.69,13.22,28.1,367,5640.8418
12851,2023-10-08,Northern,Cassava,19.56,0.0,1.18,29.8,464,0.0
12852,2023-10-08,Northern,Cocoa,17.82,0.0,13.26,31.6,125,0.0
12853,2023-10-08,Western,Maize,32.06,2334.95,2.32,24.5,399,5417.083999999999
12854,2023-10-08,Western,Cassava,48.77,0.0,1.39,24.3,396,0.0
12855,2023-10-08,Western,Cocoa,44.94,0.0,15.17,31.5,464,0.0
12856,2023-10-08,Eastern,Maize,4.27,0.0,2.25,32.9,64,0.0
12857,2023-10-08,Eastern,Cocoa,31.61,0.0,12.61,32.4,132,0.0
12858,2023-10-09,Greater Accra,Maize,7.32,0.0,2.36,24.5,366,0.0
12859,2023-10-09,Greater Accra,Cassava,5.2,0.0,1.39,28.3,271,0.0
12860,2023-10-09,Ashanti,Maize,35.79,2351.08,2.75,33.8,115,6465.469999999999
12861,2023-10-09,Ashanti,Cassava,26.2,0.0,1.25,31.5,306,0.0
12862,2023-10-09,Ashanti,Cocoa,14.64,0.0,10.74,24.4,337,0.0
12863,2023-10-09,Northern,Maize,1.29,0.0,2.93,31.3,98,0.0
12864,2023-10-09,Northern,Cassava,32.89,0.0,1.05,28.4,127,0.0
12865,2023-10-09,Western,Maize,15.22,0.0,2.48,33.4,117,0.0
12866,2023-10-09,Western,Cassava,0.0,0.0,1.43,24.9,126,0.0
12867,2023-10-09,Western,Cocoa,54.84,580.2,13.98,26.9,71,8111.196000000001
12868,2023-10-09,Eastern,Cassava,12.0,0.0,1.41,32.5,345,0.0
12869,2023-10-09,Eastern,Cocoa,16.22,297.9,13.26,26.6,492,3950.1539999999995
12870,2023-10-10,Greater Accra,Maize,26.01,0.0,2.44,29.6,361,0.0
12871,2023-10-10,Greater Accra,Cassava,28.03,0.0,1.26,25.5,357,0.0
12872,2023-10-10,Greater Accra,Cocoa,9.35,0.0,10.71,29.9,198,0.0
12873,2023-10-10,Ashanti,Maize,10.35,0.0,2.63,32.8,133,0.0
12874,2023-10-10,Ashanti,Cocoa,7.38,385.62,10.85,31.9,55,4183.977
12875,2023-10-10,Northern,Cassava,26.96,9658.75,1.39,32.8,319,13425.662499999999
12876,2023-10-10,Western,Maize,31.42,0.0,2.24,29.2,358,0.0
12877,2023-10-10,Western,Cassava,2.76,8222.4,1.27,32.0,113,10442.448
12878,2023-10-10,Western,Cocoa,25.85,0.0,11.19,31.4,155,0.0
12879,2023-10-10,Eastern,Maize,19.11,0.0,2.64,30.6,430,0.0
12880,2023-10-10,Eastern,Cassava,5.96,0.0,1.25,26.1,409,0.0
12881,2023-10-10,Eastern,Cocoa,8.38,206.59,11.83,25.2,255,2443.9597
12882,2023-10-11,Greater Accra,Maize,19.44,2536.69,2.54,25.9,59,6443.1926
12883,2023-10-11,Greater Accra,Cassava,10.9,0.0,1.11,26.3,473,0.0
12884,2023-10-11,Greater Accra,Cocoa,15.93,371.58,13.73,27.4,57,5101.7934
12885,2023-10-11,Ashanti,Cassava,32.53,0.0,1.4,24.2,485,0.0
12886,2023-10-11,Ashanti,Cocoa,0.0,0.0,13.78,29.6,402,0.0
12887,2023-10-11,Northern,Maize,1.74,1320.39,3.03,29.3,363,4000.7817
12888,2023-10-11,Northern,Cassava,18.73,8612.39,1.33,32.8,96,11454.4787
12889,2023-10-11,Northern,Cocoa,10.33,0.0,13.33,30.5,367,0.0
12890,2023-10-11,Western,Cassava,22.49,0.0,1.09,33.7,279,0.0
12891,2023-10-11,Western,Cocoa,13.49,0.0,12.09,27.8,79,0.0
12892,2023-10-11,Eastern,Maize,34.54,0.0,2.73,30.1,468,0.0
12893,2023-10-11,Eastern,Cassava,15.96,0.0,1.44,33.5,451,0.0
12894,2023-10-11,Eastern,Cocoa,29.44,0.0,13.79,31.1,128,0.0
12895,2023-10-12,Greater Accra,Maize,6.65,0.0,2.34,29.1,179,0.0
12896,2023-10-12,Greater Accra,Cassava,8.67,0.0,1.46,30.2,133,0.0
12897,2023-10-12,Greater Accra,Cocoa,5.86,214.58,14.71,26.7,372,3156.4718000000003
12898,2023-10-12,Ashanti,Maize,22.29,2146.66,3.07,30.0,290,6590.2462
12899,2023-10-12,Ashanti,Cassava,26.43,14510.02,1.41,26.9,54,20459.1282
12900,2023-10-12,Ashanti,Cocoa,44.28,0.0,11.19,24.5,439,0.0
12901,2023-10-12,Northern,Maize,24.14,0.0,2.38,24.7,223,0.0
12902,2023-10-12,Northern,Cassava,12.6,0.0,1.07,26.9,80,0.0
12903,2023-10-12,Western,Maize,8.26,0.0,2.83,24.6,64,0.0
12904,2023-10-12,Western,Cassava,20.55,0.0,1.28,27.9,84,0.0
12905,2023-10-12,Western,Cocoa,26.81,0.0,13.26,32.5,264,0.0
12906,2023-10-12,Eastern,Maize,20.0,2028.86,2.56,28.6,436,5193.8816
12907,2023-10-12,Eastern,Cocoa,35.49,451.09,15.33,26.1,66,6915.209699999999
12908,2023-10-13,Greater Accra,Maize,24.2,0.0,2.93,24.2,208,0.0
12909,2023-10-13,Greater Accra,Cassava,18.0,0.0,1.34,32.3,112,0.0
12910,2023-10-13,Greater Accra,Cocoa,18.5,333.33,11.86,32.1,369,3953.2937999999995
12911,2023-10-13,Ashanti,Cassava,8.42,0.0,1.3,27.6,255,0.0
12912,2023-10-13,Ashanti,Cocoa,28.61,548.69,12.58,27.5,87,6902.520200000001
12913,2023-10-13,Northern,Maize,19.51,0.0,3.03,26.4,399,0.0
12914,2023-10-13,Northern,Cocoa,13.7,0.0,13.66,27.3,241,0.0
12915,2023-10-13,Western,Maize,30.9,0.0,2.14,32.9,368,0.0
12916,2023-10-13,Western,Cassava,26.74,0.0,1.36,29.0,203,0.0
12917,2023-10-13,Western,Cocoa,33.58,0.0,12.56,31.7,108,0.0
12918,2023-10-13,Eastern,Maize,27.8,0.0,2.99,32.6,146,0.0
12919,2023-10-13,Eastern,Cassava,22.85,11934.91,1.08,32.1,347,12889.702800000001
12920,2023-10-13,Eastern,Cocoa,18.59,0.0,13.07,26.0,443,0.0
12921,2023-10-14,Greater Accra,Maize,21.11,2011.75,2.59,32.1,480,5210.4325
12922,2023-10-14,Greater Accra,Cocoa,7.74,0.0,11.51,24.7,445,0.0
12923,2023-10-14,Ashanti,Maize,27.74,2221.06,2.98,26.7,215,6618.7588
12924,2023-10-14,Ashanti,Cassava,19.68,0.0,1.33,29.5,459,0.0
12925,2023-10-14,Ashanti,Cocoa,12.54,0.0,12.6,29.1,246,0.0
12926,2023-10-14,Northern,Maize,1.17,1370.59,3.01,26.9,262,4125.4758999999995
12927,2023-10-14,Northern,Cassava,17.09,0.0,1.38,31.5,244,0.0
12928,2023-10-14,Northern,Cocoa,6.25,0.0,14.49,26.8,92,0.0
12929,2023-10-14,Western,Maize,27.49,0.0,2.78,25.5,140,0.0
12930,2023-10-14,Western,Cassava,32.65,16272.18,1.05,29.7,319,17085.789
12931,2023-10-14,Eastern,Maize,26.23,0.0,2.89,33.2,100,0.0
12932,2023-10-14,Eastern,Cassava,3.46,0.0,1.34,26.2,390,0.0
12933,2023-10-14,Eastern,Cocoa,17.62,0.0,12.04,24.5,451,0.0
12934,2023-10-15,Greater Accra,Maize,22.56,0.0,2.5,31.8,408,0.0
12935,2023-10-15,Greater Accra,Cassava,19.77,9458.99,1.05,29.7,147,9931.9395
12936,2023-10-15,Greater Accra,Cocoa,20.38,0.0,13.04,25.9,429,0.0
12937,2023-10-15,Ashanti,Maize,11.18,0.0,2.62,30.9,358,0.0
12938,2023-10-15,Ashanti,Cassava,29.6,0.0,1.1,27.3,361,0.0
12939,2023-10-15,Northern,Maize,6.84,0.0,2.86,29.0,214,0.0
12940,2023-10-15,Northern,Cassava,11.99,9104.83,1.07,30.1,340,9742.1681
12941,2023-10-15,Northern,Cocoa,23.9,0.0,14.91,29.6,375,0.0
12942,2023-10-15,Western,Maize,32.88,0.0,2.48,30.6,386,0.0
12943,2023-10-15,Western,Cassava,31.01,0.0,1.09,32.5,71,0.0
12944,2023-10-15,Western,Cocoa,35.7,354.78,14.58,33.4,440,5172.6924
12945,2023-10-15,Eastern,Maize,10.42,1936.93,2.49,31.2,140,4822.9557
12946,2023-10-15,Eastern,Cassava,15.8,11373.69,1.09,32.1,447,12397.322100000001
12947,2023-10-15,Eastern,Cocoa,24.57,294.42,11.79,27.9,317,3471.2118
12948,2023-10-16,Greater Accra,Maize,8.99,0.0,2.89,26.0,168,0.0
12949,2023-10-16,Greater Accra,Cassava,9.75,0.0,1.07,25.7,185,0.0
12950,2023-10-16,Greater Accra,Cocoa,15.14,0.0,13.3,28.0,137,0.0
12951,2023-10-16,Ashanti,Maize,25.71,2563.1,2.59,29.9,305,6638.428999999999
12952,2023-10-16,Ashanti,Cassava,8.35,0.0,1.29,28.2,151,0.0
12953,2023-10-16,Ashanti,Cocoa,40.34,0.0,14.18,24.5,427,0.0
12954,2023-10-16,Northern,Maize,3.07,1171.66,2.67,24.1,324,3128.3322000000003
12955,2023-10-16,Northern,Cassava,14.24,0.0,1.47,31.9,393,0.0
12956,2023-10-16,Western,Maize,13.45,2455.97,2.61,28.0,372,6410.081699999999
12957,2023-10-16,Western,Cassava,27.21,12826.31,1.19,26.0,224,15263.308899999998
12958,2023-10-16,Western,Cocoa,45.48,412.67,14.69,28.6,496,6062.1223
12959,2023-10-16,Eastern,Maize,20.93,0.0,2.72,26.9,412,0.0
12960,2023-10-16,Eastern,Cocoa,29.2,428.96,12.91,28.3,294,5537.8736
12961,2023-10-17,Greater Accra,Maize,0.0,0.0,2.99,32.2,231,0.0
12962,2023-10-17,Greater Accra,Cassava,22.37,0.0,1.28,31.9,346,0.0
12963,2023-10-17,Greater Accra,Cocoa,1.8,292.2,15.34,32.7,83,4482.348
12964,2023-10-17,Ashanti,Cassava,13.33,0.0,1.08,25.4,285,0.0
12965,2023-10-17,Ashanti,Cocoa,23.22,0.0,15.13,24.6,81,0.0
12966,2023-10-17,Northern,Cocoa,6.15,0.0,13.27,27.6,358,0.0
12967,2023-10-17,Western,Cassava,21.5,0.0,1.35,24.9,287,0.0
12968,2023-10-17,Western,Cocoa,51.48,0.0,12.71,30.5,368,0.0
12969,2023-10-17,Eastern,Maize,16.23,2405.81,2.65,26.4,342,6375.3965
12970,2023-10-17,Eastern,Cassava,12.83,0.0,1.29,29.9,300,0.0
12971,2023-10-17,Eastern,Cocoa,31.89,0.0,12.29,32.6,305,0.0
12972,2023-10-18,Greater Accra,Cassava,23.19,0.0,1.41,27.9,133,0.0
12973,2023-10-18,Greater Accra,Cocoa,9.46,0.0,14.77,25.1,189,0.0
12974,2023-10-18,Ashanti,Maize,22.38,0.0,2.41,25.5,203,0.0
12975,2023-10-18,Ashanti,Cassava,6.01,9285.61,1.48,33.5,435,13742.702800000001
12976,2023-10-18,Ashanti,Cocoa,24.41,0.0,13.03,32.1,299,0.0
12977,2023-10-18,Northern,Maize,10.56,0.0,2.98,27.3,88,0.0
12978,2023-10-18,Northern,Cassava,16.15,0.0,1.19,31.9,246,0.0
12979,2023-10-18,Northern,Cocoa,23.64,0.0,13.06,25.8,447,0.0
12980,2023-10-18,Western,Maize,21.69,0.0,2.61,29.9,278,0.0
12981,2023-10-18,Western,Cocoa,43.06,0.0,14.14,29.5,128,0.0
12982,2023-10-18,Eastern,Maize,30.85,0.0,2.78,25.8,324,0.0
12983,2023-10-18,Eastern,Cassava,30.75,0.0,1.45,30.1,189,0.0
12984,2023-10-18,Eastern,Cocoa,32.91,0.0,12.58,30.9,379,0.0
12985,2023-10-19,Greater Accra,Maize,6.74,1421.98,2.65,25.1,141,3768.247
12986,2023-10-19,Greater Accra,Cassava,11.33,0.0,1.33,27.9,292,0.0
12987,2023-10-19,Greater Accra,Cocoa,12.62,0.0,13.43,29.9,313,0.0
12988,2023-10-19,Ashanti,Maize,35.09,2254.41,2.96,28.1,383,6673.053599999999
12989,2023-10-19,Ashanti,Cassava,27.36,0.0,1.31,31.8,239,0.0
12990,2023-10-19,Ashanti,Cocoa,33.89,0.0,11.42,29.5,259,0.0
12991,2023-10-19,Northern,Maize,11.9,1798.17,2.78,25.5,121,4998.9126
12992,2023-10-19,Northern,Cassava,2.94,0.0,1.4,27.6,393,0.0
12993,2023-10-19,Northern,Cocoa,23.81,0.0,12.58,28.0,388,0.0
12994,2023-10-19,Western,Maize,41.58,0.0,2.93,28.4,498,0.0
12995,2023-10-19,Western,Cocoa,29.29,0.0,10.73,24.1,131,0.0
12996,2023-10-19,Eastern,Maize,10.71,0.0,2.93,32.3,214,0.0
12997,2023-10-19,Eastern,Cocoa,7.83,0.0,13.06,28.0,359,0.0
12998,2023-10-20,Greater Accra,Maize,21.24,0.0,2.63,32.5,304,0.0
12999,2023-10-20,Greater Accra,Cassava,7.13,0.0,1.03,24.6,485,0.0
13000,2023-10-20,Greater Accra,Cocoa,8.55,0.0,13.57,28.5,466,0.0
13001,2023-10-20,Ashanti,Maize,40.52,2090.31,2.94,31.6,345,6145.511399999999
13002,2023-10-20,Ashanti,Cassava,20.24,0.0,1.21,28.3,211,0.0
13003,2023-10-20,Ashanti,Cocoa,25.25,323.37,10.82,27.6,329,3498.8634
13004,2023-10-20,Northern,Maize,6.18,0.0,2.48,33.2,419,0.0
13005,2023-10-20,Northern,Cassava,22.79,0.0,1.24,30.8,163,0.0
13006,2023-10-20,Northern,Cocoa,23.1,0.0,13.61,31.5,272,0.0
13007,2023-10-20,Western,Maize,25.46,0.0,2.28,29.1,75,0.0
13008,2023-10-20,Western,Cassava,49.29,19539.0,1.31,33.6,394,25596.09
13009,2023-10-20,Western,Cocoa,40.25,0.0,14.45,32.6,363,0.0
13010,2023-10-20,Eastern,Cassava,14.23,0.0,1.31,24.5,374,0.0
13011,2023-10-20,Eastern,Cocoa,7.11,0.0,13.34,32.3,402,0.0
13012,2023-10-21,Greater Accra,Maize,14.49,0.0,2.6,33.8,499,0.0
13013,2023-10-21,Greater Accra,Cassava,23.35,0.0,1.34,26.5,187,0.0
13014,2023-10-21,Greater Accra,Cocoa,8.45,312.14,10.8,33.9,297,3371.112
13015,2023-10-21,Ashanti,Maize,31.75,0.0,2.75,31.1,213,0.0
13016,2023-10-21,Ashanti,Cassava,37.6,13726.23,1.26,32.6,188,17295.0498
13017,2023-10-21,Ashanti,Cocoa,19.1,0.0,14.15,28.3,421,0.0
13018,2023-10-21,Northern,Maize,3.49,1035.3,2.9,27.1,79,3002.37
13019,2023-10-21,Northern,Cassava,17.74,0.0,1.24,32.7,75,0.0
13020,2023-10-21,Western,Cassava,16.3,0.0,1.09,27.8,224,0.0
13021,2023-10-21,Western,Cocoa,37.79,0.0,12.07,24.2,360,0.0
13022,2023-10-21,Eastern,Maize,6.8,1114.67,2.47,31.2,424,2753.2349000000004
13023,2023-10-21,Eastern,Cassava,32.35,0.0,1.4,28.3,200,0.0
13024,2023-10-21,Eastern,Cocoa,31.38,348.5,14.14,27.9,124,4927.79
13025,2023-10-22,Greater Accra,Maize,19.25,0.0,3.01,24.1,402,0.0
13026,2023-10-22,Greater Accra,Cassava,17.6,0.0,1.15,28.2,314,0.0
13027,2023-10-22,Greater Accra,Cocoa,24.25,0.0,14.35,32.2,114,0.0
13028,2023-10-22,Ashanti,Maize,9.1,0.0,2.6,30.7,380,0.0
13029,2023-10-22,Ashanti,Cassava,18.85,0.0,1.11,26.0,83,0.0
13030,2023-10-22,Ashanti,Cocoa,29.6,0.0,15.32,24.2,349,0.0
13031,2023-10-22,Northern,Maize,26.18,0.0,2.87,25.9,197,0.0
13032,2023-10-22,Northern,Cocoa,9.45,0.0,13.05,32.0,415,0.0
13033,2023-10-22,Western,Maize,8.85,1684.91,3.06,28.0,337,5155.8246
13034,2023-10-22,Western,Cassava,17.97,0.0,1.13,26.6,439,0.0
13035,2023-10-22,Western,Cocoa,16.15,0.0,12.63,29.0,247,0.0
13036,2023-10-22,Eastern,Maize,31.67,1914.36,2.97,30.1,164,5685.6492
13037,2023-10-22,Eastern,Cassava,30.1,0.0,1.44,29.9,230,0.0
13038,2023-10-23,Greater Accra,Maize,24.13,0.0,2.25,31.5,498,0.0
13039,2023-10-23,Greater Accra,Cassava,16.76,0.0,1.44,31.3,490,0.0
13040,2023-10-23,Greater Accra,Cocoa,17.48,0.0,14.24,27.7,368,0.0
13041,2023-10-23,Ashanti,Maize,17.57,0.0,2.43,32.7,243,0.0
13042,2023-10-23,Ashanti,Cassava,19.24,0.0,1.13,27.4,86,0.0
13043,2023-10-23,Ashanti,Cocoa,7.3,273.35,14.5,30.4,209,3963.5750000000003
13044,2023-10-23,Northern,Maize,10.19,1659.04,2.24,31.3,339,3716.2496
13045,2023-10-23,Northern,Cassava,7.02,7980.76,1.38,25.1,221,11013.4488
13046,2023-10-23,Northern,Cocoa,10.1,270.4,10.77,26.3,366,2912.2079999999996
13047,2023-10-23,Western,Maize,36.73,0.0,2.41,26.0,103,0.0
13048,2023-10-23,Western,Cassava,8.51,0.0,1.39,32.5,349,0.0
13049,2023-10-23,Western,Cocoa,46.59,537.5,14.24,25.0,438,7654.0
13050,2023-10-23,Eastern,Cocoa,8.21,0.0,12.48,32.7,390,0.0
13051,2023-10-24,Greater Accra,Cassava,0.92,0.0,1.31,26.4,494,0.0
13052,2023-10-24,Greater Accra,Cocoa,8.68,0.0,11.61,24.2,367,0.0
13053,2023-10-24,Ashanti,Maize,13.26,1888.85,2.59,31.0,50,4892.121499999999
13054,2023-10-24,Ashanti,Cassava,15.56,0.0,1.35,32.8,240,0.0
13055,2023-10-24,Northern,Maize,17.55,0.0,2.8,28.0,218,0.0
13056,2023-10-24,Northern,Cassava,8.71,0.0,1.02,28.3,489,0.0
13057,2023-10-24,Northern,Cocoa,21.43,0.0,13.71,25.4,274,0.0
13058,2023-10-24,Western,Cassava,16.41,0.0,1.07,24.2,347,0.0
13059,2023-10-24,Eastern,Maize,29.98,0.0,2.47,29.5,52,0.0
13060,2023-10-24,Eastern,Cassava,26.99,0.0,1.07,27.0,282,0.0
13061,2023-10-24,Eastern,Cocoa,9.36,0.0,14.24,29.7,492,0.0
13062,2023-10-25,Greater Accra,Maize,18.13,2021.83,2.39,25.1,485,4832.1737
13063,2023-10-25,Greater Accra,Cassava,3.79,0.0,1.08,27.8,209,0.0
13064,2023-10-25,Greater Accra,Cocoa,5.15,233.64,11.73,31.2,218,2740.5972
13065,2023-10-25,Ashanti,Maize,24.27,3333.2,2.51,25.5,293,8366.331999999999
13066,2023-10-25,Ashanti,Cocoa,20.36,288.54,10.6,27.1,435,3058.524
13067,2023-10-25,Northern,Maize,27.51,0.0,2.7,24.6,379,0.0
13068,2023-10-25,Northern,Cassava,23.38,0.0,1.47,26.7,399,0.0
13069,2023-10-25,Northern,Cocoa,9.35,0.0,12.28,25.7,284,0.0
13070,2023-10-25,Western,Maize,35.16,2627.06,3.07,31.1,140,8065.074199999999
13071,2023-10-25,Western,Cassava,30.94,0.0,1.26,29.8,61,0.0
13072,2023-10-25,Western,Cocoa,46.8,0.0,12.69,26.1,360,0.0
13073,2023-10-25,Eastern,Maize,6.59,0.0,2.92,28.5,403,0.0
13074,2023-10-25,Eastern,Cassava,20.23,8513.88,1.34,31.8,409,11408.599199999999
13075,2023-10-25,Eastern,Cocoa,12.11,0.0,15.31,32.5,332,0.0
13076,2023-10-26,Greater Accra,Maize,25.44,0.0,2.29,33.8,380,0.0
13077,2023-10-26,Greater Accra,Cassava,22.58,12696.51,1.17,29.9,51,14854.9167
13078,2023-10-26,Greater Accra,Cocoa,24.27,419.08,13.79,33.1,206,5779.1132
13079,2023-10-26,Ashanti,Maize,23.33,0.0,3.02,32.9,82,0.0
13080,2023-10-26,Ashanti,Cassava,23.4,13113.87,1.44,27.7,490,18883.9728
13081,2023-10-26,Northern,Maize,27.42,1847.03,2.48,24.9,172,4580.6344
13082,2023-10-26,Northern,Cassava,15.22,0.0,1.07,24.8,321,0.0
13083,2023-10-26,Northern,Cocoa,4.08,0.0,11.21,31.8,430,0.0
13084,2023-10-26,Western,Maize,39.35,0.0,2.24,24.9,493,0.0
13085,2023-10-26,Western,Cassava,19.01,0.0,1.38,26.9,341,0.0
13086,2023-10-26,Eastern,Cassava,32.06,0.0,1.21,33.7,334,0.0
13087,2023-10-26,Eastern,Cocoa,34.44,0.0,10.79,24.5,127,0.0
13088,2023-10-27,Greater Accra,Maize,19.23,1871.58,2.75,24.5,129,5146.844999999999
13089,2023-10-27,Greater Accra,Cassava,20.62,0.0,1.14,32.3,92,0.0
13090,2023-10-27,Ashanti,Maize,23.69,0.0,2.2,29.0,443,0.0
13091,2023-10-27,Ashanti,Cassava,12.27,0.0,1.11,33.6,431,0.0
13092,2023-10-27,Ashanti,Cocoa,22.87,0.0,14.94,32.7,144,0.0
13093,2023-10-27,Northern,Cassava,16.65,0.0,1.36,26.5,415,0.0
13094,2023-10-27,Northern,Cocoa,11.83,0.0,0.0,25.5,167,0.0
13095,2023-10-27,Western,Maize,55.59,0.0,2.13,33.6,121,0.0
13096,2023-10-27,Western,Cassava,36.85,0.0,1.31,26.3,78,0.0
13097,2023-10-27,Western,Cocoa,17.44,486.8,13.1,29.3,315,6377.08
13098,2023-10-27,Eastern,Maize,7.36,0.0,2.95,32.5,59,0.0
13099,2023-10-28,Greater Accra,Maize,6.72,0.0,2.4,32.8,86,0.0
13100,2023-10-28,Greater Accra,Cassava,9.34,0.0,1.07,27.1,383,0.0
13101,2023-10-28,Ashanti,Maize,5.97,0.0,2.62,26.8,316,0.0
13102,2023-10-28,Ashanti,Cassava,16.17,0.0,1.2,26.8,68,0.0
13103,2023-10-28,Northern,Maize,18.62,1758.36,2.13,27.8,65,3745.3067999999994
13104,2023-10-28,Western,Maize,24.52,0.0,2.66,31.2,491,0.0
13105,2023-10-28,Western,Cassava,51.48,0.0,1.04,24.8,131,0.0
13106,2023-10-28,Western,Cocoa,33.51,0.0,13.33,30.6,429,0.0
13107,2023-10-28,Eastern,Cocoa,10.96,0.0,13.0,31.6,260,0.0
13108,2023-10-29,Greater Accra,Maize,17.66,0.0,2.32,33.1,462,0.0
13109,2023-10-29,Greater Accra,Cassava,20.96,0.0,1.25,26.3,402,0.0
13110,2023-10-29,Ashanti,Maize,32.42,1751.3,2.35,32.8,260,4115.555
13111,2023-10-29,Northern,Maize,7.07,0.0,2.53,28.2,148,0.0
13112,2023-10-29,Northern,Cassava,24.03,11052.69,1.17,26.3,309,12931.6473
13113,2023-10-29,Northern,Cocoa,21.73,0.0,14.06,30.4,229,0.0
13114,2023-10-29,Western,Maize,17.2,0.0,2.77,32.1,218,0.0
13115,2023-10-29,Western,Cassava,8.37,0.0,1.24,24.6,404,0.0
13116,2023-10-29,Western,Cocoa,45.47,0.0,13.1,32.2,138,0.0
13117,2023-10-29,Eastern,Cassava,20.35,0.0,1.07,33.5,325,0.0
13118,2023-10-29,Eastern,Cocoa,12.45,310.02,12.94,24.6,442,4011.6587999999997
13119,2023-10-30,Greater Accra,Maize,6.4,0.0,2.79,25.9,280,0.0
13120,2023-10-30,Greater Accra,Cocoa,2.36,234.38,13.16,25.2,127,3084.4408
13121,2023-10-30,Ashanti,Maize,6.47,1246.0,2.23,26.3,194,2778.58
13122,2023-10-30,Ashanti,Cassava,33.33,15287.95,1.13,27.6,134,17275.3835
13123,2023-10-30,Ashanti,Cocoa,22.53,0.0,11.14,25.2,345,0.0
13124,2023-10-30,Northern,Maize,5.13,0.0,2.98,31.2,165,0.0
13125,2023-10-30,Northern,Cassava,0.0,0.0,1.27,26.9,151,0.0
13126,2023-10-30,Northern,Cocoa,7.66,313.86,12.86,25.2,206,4036.2396
13127,2023-10-30,Western,Maize,4.34,1931.22,3.08,31.5,286,5948.1576000000005
13128,2023-10-30,Western,Cassava,14.31,0.0,1.37,26.6,354,0.0
13129,2023-10-30,Western,Cocoa,31.69,0.0,11.37,28.5,356,0.0
13130,2023-10-30,Eastern,Maize,12.52,0.0,2.11,29.3,114,0.0
13131,2023-10-30,Eastern,Cassava,5.27,0.0,1.1,33.7,487,0.0
13132,2023-10-30,Eastern,Cocoa,20.93,0.0,13.96,25.2,411,0.0
13133,2023-10-31,Greater Accra,Maize,9.47,0.0,2.95,31.5,124,0.0
13134,2023-10-31,Greater Accra,Cassava,12.93,0.0,1.36,28.8,174,0.0
13135,2023-10-31,Greater Accra,Cocoa,18.31,0.0,12.6,29.3,403,0.0
13136,2023-10-31,Ashanti,Maize,22.93,0.0,3.08,27.4,99,0.0
13137,2023-10-31,Ashanti,Cassava,5.26,11120.8,1.48,27.8,493,16458.784
13138,2023-10-31,Ashanti,Cocoa,27.12,513.73,11.06,24.9,195,5681.853800000001
13139,2023-10-31,Northern,Maize,21.89,0.0,2.37,24.3,290,0.0
13140,2023-10-31,Northern,Cassava,22.6,9793.92,1.1,32.4,399,10773.312000000002
13141,2023-10-31,Northern,Cocoa,13.3,317.28,14.92,30.7,420,4733.817599999999
13142,2023-10-31,Western,Maize,17.47,0.0,2.98,26.1,267,0.0
13143,2023-10-31,Western,Cassava,34.09,0.0,1.16,26.0,219,0.0
13144,2023-10-31,Western,Cocoa,52.76,0.0,12.27,31.1,173,0.0
13145,2023-10-31,Eastern,Maize,35.05,0.0,2.62,24.2,200,0.0
13146,2023-10-31,Eastern,Cassava,7.46,0.0,1.1,31.9,100,0.0
13147,2023-10-31,Eastern,Cocoa,9.04,0.0,10.72,32.9,96,0.0
13148,2023-11-01,Greater Accra,Maize,4.57,0.0,3.0,30.7,268,0.0
13149,2023-11-01,Greater Accra,Cassava,5.39,7454.62,1.17,25.0,89,8721.9054
13150,2023-11-01,Greater Accra,Cocoa,10.15,351.72,12.16,31.1,265,4276.9152
13151,2023-11-01,Ashanti,Maize,6.52,2216.09,2.25,33.8,201,4986.2025
13152,2023-11-01,Ashanti,Cassava,4.74,0.0,1.07,28.9,399,0.0
13153,2023-11-01,Ashanti,Cocoa,11.13,0.0,13.01,32.6,369,0.0
13154,2023-11-01,Northern,Maize,2.65,0.0,2.58,26.0,258,0.0
13155,2023-11-01,Northern,Cocoa,0.12,0.0,14.77,24.9,229,0.0
13156,2023-11-01,Western,Cocoa,10.24,0.0,12.19,25.1,156,0.0
13157,2023-11-01,Eastern,Maize,4.58,0.0,2.85,27.0,212,0.0
13158,2023-11-01,Eastern,Cocoa,10.39,0.0,15.3,25.7,388,0.0
13159,2023-11-02,Greater Accra,Maize,0.0,0.0,2.4,30.2,161,0.0
13160,2023-11-02,Greater Accra,Cassava,5.17,0.0,1.47,25.9,104,0.0
13161,2023-11-02,Greater Accra,Cocoa,0.0,0.0,11.48,27.0,166,0.0
13162,2023-11-02,Ashanti,Maize,0.41,0.0,2.57,25.3,214,0.0
13163,2023-11-02,Ashanti,Cassava,11.21,8676.23,1.05,27.0,71,9110.0415
13164,2023-11-02,Ashanti,Cocoa,0.0,0.0,13.07,25.9,465,0.0
13165,2023-11-02,Northern,Maize,10.24,0.0,2.12,29.9,127,0.0
13166,2023-11-02,Northern,Cassava,2.62,0.0,1.18,30.9,324,0.0
13167,2023-11-02,Northern,Cocoa,1.15,0.0,11.72,31.2,90,0.0
13168,2023-11-02,Western,Maize,9.31,0.0,2.81,26.3,463,0.0
13169,2023-11-02,Western,Cassava,0.11,0.0,1.17,27.5,114,0.0
13170,2023-11-02,Western,Cocoa,1.71,232.8,12.54,28.8,99,2919.312
13171,2023-11-02,Eastern,Maize,10.02,2012.46,2.62,33.0,111,5272.6452
13172,2023-11-02,Eastern,Cassava,0.0,9150.05,1.09,33.6,136,9973.5545
13173,2023-11-03,Greater Accra,Maize,7.05,0.0,2.69,25.2,101,0.0
13174,2023-11-03,Greater Accra,Cassava,2.25,0.0,1.27,31.4,136,0.0
13175,2023-11-03,Greater Accra,Cocoa,0.0,0.0,14.45,32.0,128,0.0
13176,2023-11-03,Ashanti,Maize,0.0,0.0,2.89,30.6,240,0.0
13177,2023-11-03,Ashanti,Cassava,0.0,6181.11,1.1,30.4,206,6799.2210000000005
13178,2023-11-03,Ashanti,Cocoa,1.39,0.0,11.41,24.1,145,0.0
13179,2023-11-03,Northern,Maize,3.75,1138.93,2.2,31.1,193,2505.646
13180,2023-11-03,Northern,Cocoa,8.79,0.0,12.02,28.0,310,0.0
13181,2023-11-03,Western,Maize,8.43,0.0,2.33,24.8,295,0.0
13182,2023-11-03,Western,Cassava,3.63,0.0,1.44,24.7,487,0.0
13183,2023-11-03,Eastern,Maize,3.21,0.0,2.74,32.4,251,0.0
13184,2023-11-03,Eastern,Cassava,0.0,0.0,1.31,33.4,314,0.0
13185,2023-11-03,Eastern,Cocoa,0.0,0.0,13.05,31.3,452,0.0
13186,2023-11-04,Greater Accra,Maize,4.29,0.0,2.13,32.1,486,0.0
13187,2023-11-04,Greater Accra,Cassava,2.55,0.0,1.36,27.7,173,0.0
13188,2023-11-04,Greater Accra,Cocoa,2.46,306.16,12.69,25.5,248,3885.1704
13189,2023-11-04,Ashanti,Maize,3.44,0.0,2.88,26.8,324,0.0
13190,2023-11-04,Ashanti,Cassava,10.46,7793.31,1.29,25.9,219,10053.369900000002
13191,2023-11-04,Ashanti,Cocoa,2.37,0.0,11.51,25.9,415,0.0
13192,2023-11-04,Northern,Cassava,7.74,9145.31,1.21,32.0,255,11065.825099999998
13193,2023-11-04,Northern,Cocoa,1.0,241.46,11.52,28.5,117,2781.6192
13194,2023-11-04,Western,Maize,13.95,2829.92,3.07,25.9,233,8687.8544
13195,2023-11-04,Western,Cassava,3.69,0.0,1.26,27.4,165,0.0
13196,2023-11-04,Western,Cocoa,4.02,222.49,15.27,33.3,485,3397.4223
13197,2023-11-04,Eastern,Maize,10.24,0.0,2.4,26.4,340,0.0
13198,2023-11-04,Eastern,Cocoa,0.74,0.0,14.59,33.4,71,0.0
13199,2023-11-05,Greater Accra,Maize,7.72,0.0,2.62,25.9,180,0.0
13200,2023-11-05,Greater Accra,Cassava,6.62,0.0,1.34,29.4,323,0.0
13201,2023-11-05,Greater Accra,Cocoa,0.0,0.0,15.28,24.8,429,0.0
13202,2023-11-05,Ashanti,Maize,4.74,0.0,2.55,31.8,197,0.0
13203,2023-11-05,Ashanti,Cassava,5.79,0.0,1.38,29.7,269,0.0
13204,2023-11-05,Ashanti,Cocoa,5.48,0.0,14.94,30.5,301,0.0
13205,2023-11-05,Northern,Maize,5.89,0.0,2.83,28.8,174,0.0
13206,2023-11-05,Northern,Cassava,5.04,0.0,1.08,27.2,204,0.0
13207,2023-11-05,Northern,Cocoa,4.64,0.0,11.82,30.4,444,0.0
13208,2023-11-05,Western,Maize,2.26,0.0,2.78,26.8,283,0.0
13209,2023-11-05,Western,Cassava,8.2,0.0,1.03,29.5,193,0.0
13210,2023-11-05,Western,Cocoa,10.13,311.7,14.89,29.5,87,4641.213
13211,2023-11-05,Eastern,Maize,3.57,0.0,2.61,25.5,333,0.0
13212,2023-11-05,Eastern,Cassava,0.0,8045.5,1.26,24.5,230,10137.33
13213,2023-11-06,Greater Accra,Maize,5.35,1721.05,3.01,26.1,487,5180.3605
13214,2023-11-06,Greater Accra,Cassava,1.32,0.0,1.48,28.2,132,0.0
13215,2023-11-06,Greater Accra,Cocoa,6.71,0.0,10.61,30.0,274,0.0
13216,2023-11-06,Ashanti,Maize,10.09,1602.71,2.16,29.0,376,3461.8536000000004
13217,2023-11-06,Ashanti,Cassava,2.4,0.0,1.06,31.7,82,0.0
13218,2023-11-06,Ashanti,Cocoa,4.16,0.0,15.06,33.8,159,0.0
13219,2023-11-06,Northern,Maize,5.33,0.0,2.72,32.5,218,0.0
13220,2023-11-06,Northern,Cassava,10.55,0.0,1.17,26.5,204,0.0
13221,2023-11-06,Northern,Cocoa,3.61,0.0,13.7,29.9,264,0.0
13222,2023-11-06,Western,Maize,7.0,0.0,2.6,25.8,445,0.0
13223,2023-11-06,Western,Cocoa,0.0,0.0,15.35,33.2,196,0.0
13224,2023-11-06,Eastern,Cassava,7.38,0.0,1.38,28.8,371,0.0
13225,2023-11-06,Eastern,Cocoa,0.0,0.0,14.34,28.3,123,0.0
13226,2023-11-07,Greater Accra,Maize,0.37,0.0,2.53,29.8,203,0.0
13227,2023-11-07,Greater Accra,Cassava,6.61,0.0,1.13,25.2,487,0.0
13228,2023-11-07,Greater Accra,Cocoa,7.05,279.04,14.19,24.4,242,3959.5776
13229,2023-11-07,Ashanti,Maize,0.79,0.0,2.81,25.7,399,0.0
13230,2023-11-07,Ashanti,Cocoa,6.53,0.0,12.55,29.4,262,0.0
13231,2023-11-07,Northern,Cassava,1.76,0.0,1.48,30.1,143,0.0
13232,2023-11-07,Northern,Cocoa,0.0,229.39,13.4,31.8,252,3073.826
13233,2023-11-07,Western,Maize,7.33,2024.45,3.01,32.7,358,6093.5945
13234,2023-11-07,Western,Cocoa,1.85,0.0,11.63,25.9,481,0.0
13235,2023-11-07,Eastern,Maize,0.0,0.0,2.46,27.3,413,0.0
13236,2023-11-07,Eastern,Cassava,1.49,6600.35,1.42,27.1,436,9372.497
13237,2023-11-08,Greater Accra,Maize,0.0,0.0,2.73,32.8,491,0.0
13238,2023-11-08,Greater Accra,Cassava,7.62,0.0,1.44,26.8,105,0.0
13239,2023-11-08,Greater Accra,Cocoa,0.99,0.0,14.41,31.3,242,0.0
13240,2023-11-08,Ashanti,Maize,6.88,0.0,2.54,31.7,213,0.0
13241,2023-11-08,Ashanti,Cassava,1.57,0.0,1.25,24.1,258,0.0
13242,2023-11-08,Ashanti,Cocoa,6.68,289.2,13.1,30.3,230,3788.5199999999995
13243,2023-11-08,Northern,Maize,9.88,0.0,2.95,25.3,458,0.0
13244,2023-11-08,Northern,Cassava,1.93,0.0,1.12,24.0,352,0.0
13245,2023-11-08,Northern,Cocoa,5.83,256.56,11.47,29.6,212,2942.7432000000003
13246,2023-11-08,Western,Maize,5.28,0.0,3.0,28.2,401,0.0
13247,2023-11-08,Western,Cassava,0.01,0.0,1.42,26.2,175,0.0
13248,2023-11-08,Western,Cocoa,7.48,0.0,13.97,25.3,53,0.0
13249,2023-11-08,Eastern,Maize,2.13,1352.61,2.26,25.4,499,3056.8985999999995
13250,2023-11-08,Eastern,Cassava,3.34,8933.96,1.27,32.0,443,11346.1292
13251,2023-11-08,Eastern,Cocoa,0.0,319.18,14.79,27.7,100,4720.6722
13252,2023-11-09,Greater Accra,Maize,2.74,0.0,2.26,30.5,493,0.0
13253,2023-11-09,Greater Accra,Cassava,2.58,0.0,1.13,25.5,60,0.0
13254,2023-11-09,Greater Accra,Cocoa,1.86,0.0,11.49,26.6,145,0.0
13255,2023-11-09,Ashanti,Maize,0.0,0.0,2.18,29.6,242,0.0
13256,2023-11-09,Ashanti,Cassava,0.0,8416.63,1.05,30.9,360,8837.4615
13257,2023-11-09,Ashanti,Cocoa,6.62,0.0,15.42,26.6,102,0.0
13258,2023-11-09,Northern,Cassava,2.91,0.0,1.35,25.1,116,0.0
13259,2023-11-09,Northern,Cocoa,5.74,0.0,12.4,26.7,70,0.0
13260,2023-11-09,Western,Maize,2.17,1844.59,2.95,32.5,258,5441.5405
13261,2023-11-09,Western,Cassava,8.26,0.0,1.39,27.2,206,0.0
13262,2023-11-09,Western,Cocoa,4.81,0.0,15.35,24.9,210,0.0
13263,2023-11-09,Eastern,Maize,0.97,0.0,2.94,26.2,464,0.0
13264,2023-11-09,Eastern,Cassava,0.0,0.0,1.36,29.8,210,0.0
13265,2023-11-09,Eastern,Cocoa,0.0,251.07,12.8,28.0,234,3213.696
13266,2023-11-10,Greater Accra,Maize,10.61,1677.57,2.76,24.5,114,4630.093199999999
13267,2023-11-10,Greater Accra,Cassava,0.0,0.0,1.39,24.6,374,0.0
13268,2023-11-10,Greater Accra,Cocoa,4.69,0.0,11.88,29.7,375,0.0
13269,2023-11-10,Ashanti,Maize,0.06,0.0,3.02,32.5,498,0.0
13270,2023-11-10,Ashanti,Cassava,9.81,7337.1,1.47,32.8,317,10785.537
13271,2023-11-10,Ashanti,Cocoa,3.46,0.0,14.19,28.9,468,0.0
13272,2023-11-10,Northern,Maize,0.24,0.0,3.02,32.9,60,0.0
13273,2023-11-10,Northern,Cassava,0.0,5700.14,1.26,25.8,53,7182.1764
13274,2023-11-10,Northern,Cocoa,7.06,0.0,15.2,33.2,234,0.0
13275,2023-11-10,Western,Maize,6.1,2048.28,2.85,24.5,128,5837.598000000001
13276,2023-11-10,Western,Cassava,13.79,12994.96,1.42,29.1,450,18452.8432
13277,2023-11-10,Western,Cocoa,5.2,0.0,14.85,27.4,456,0.0
13278,2023-11-10,Eastern,Maize,1.19,0.0,2.93,27.3,122,0.0
13279,2023-11-10,Eastern,Cassava,8.76,0.0,1.14,24.8,431,0.0
13280,2023-11-10,Eastern,Cocoa,0.0,200.23,13.49,26.2,433,2701.1027
13281,2023-11-11,Greater Accra,Maize,7.5,0.0,2.26,24.9,331,0.0
13282,2023-11-11,Greater Accra,Cassava,0.18,0.0,1.07,26.9,306,0.0
13283,2023-11-11,Ashanti,Maize,0.43,0.0,2.88,30.8,316,0.0
13284,2023-11-11,Ashanti,Cassava,8.21,12205.51,1.37,25.5,53,16721.548700000003
13285,2023-11-11,Ashanti,Cocoa,4.25,0.0,14.59,27.7,135,0.0
13286,2023-11-11,Northern,Cassava,4.07,7212.98,1.09,24.2,271,7862.1482000000005
13287,2023-11-11,Western,Maize,10.73,0.0,2.91,33.3,327,0.0
13288,2023-11-11,Western,Cassava,4.67,11747.34,1.47,31.9,138,17268.5898
13289,2023-11-11,Western,Cocoa,0.0,0.0,10.69,24.3,248,0.0
13290,2023-11-11,Eastern,Maize,3.8,0.0,2.42,32.8,344,0.0
13291,2023-11-11,Eastern,Cassava,7.47,0.0,1.38,33.5,209,0.0
13292,2023-11-11,Eastern,Cocoa,4.86,0.0,14.83,33.4,493,0.0
13293,2023-11-12,Greater Accra,Maize,1.39,0.0,2.48,33.1,155,0.0
13294,2023-11-12,Greater Accra,Cassava,6.46,0.0,1.18,28.8,272,0.0
13295,2023-11-12,Greater Accra,Cocoa,3.03,0.0,10.72,27.9,119,0.0
13296,2023-11-12,Ashanti,Maize,0.0,0.0,3.03,27.1,81,0.0
13297,2023-11-12,Ashanti,Cassava,3.72,0.0,1.07,32.0,353,0.0
13298,2023-11-12,Ashanti,Cocoa,3.47,0.0,12.19,27.7,398,0.0
13299,2023-11-12,Northern,Maize,5.56,0.0,2.25,34.0,482,0.0
13300,2023-11-12,Northern,Cassava,0.0,0.0,1.26,27.5,82,0.0
13301,2023-11-12,Northern,Cocoa,7.81,0.0,14.87,29.7,498,0.0
13302,2023-11-12,Western,Maize,12.68,0.0,3.0,29.2,340,0.0
13303,2023-11-12,Western,Cassava,1.15,0.0,1.16,29.8,156,0.0
13304,2023-11-12,Western,Cocoa,9.22,390.84,14.23,32.6,102,5561.6532
13305,2023-11-12,Eastern,Maize,7.77,1176.37,2.81,32.0,151,3305.5996999999998
13306,2023-11-12,Eastern,Cassava,5.17,8281.57,1.38,31.4,133,11428.566599999998
13307,2023-11-12,Eastern,Cocoa,3.89,0.0,12.15,28.3,357,0.0
13308,2023-11-13,Greater Accra,Maize,0.0,0.0,2.5,31.6,93,0.0
13309,2023-11-13,Greater Accra,Cassava,3.42,0.0,1.17,26.0,82,0.0
13310,2023-11-13,Greater Accra,Cocoa,0.0,0.0,13.75,25.1,136,0.0
13311,2023-11-13,Ashanti,Maize,0.19,0.0,2.72,31.4,229,0.0
13312,2023-11-13,Ashanti,Cocoa,11.07,433.24,12.78,25.4,225,5536.8072
13313,2023-11-13,Northern,Cassava,2.05,0.0,1.43,27.1,420,0.0
13314,2023-11-13,Western,Maize,6.84,0.0,2.42,31.7,213,0.0
13315,2023-11-13,Western,Cassava,3.69,0.0,1.04,25.3,238,0.0
13316,2023-11-13,Western,Cocoa,3.91,305.91,15.41,29.3,192,4714.0731000000005
13317,2023-11-13,Eastern,Maize,3.98,0.0,2.87,33.4,231,0.0
13318,2023-11-13,Eastern,Cassava,13.18,9341.71,1.43,24.2,307,13358.645299999998
13319,2023-11-13,Eastern,Cocoa,0.0,0.0,12.24,33.3,358,0.0
13320,2023-11-14,Greater Accra,Maize,6.79,0.0,2.54,28.6,261,0.0
13321,2023-11-14,Greater Accra,Cassava,4.05,6379.3,1.31,24.9,426,8356.883
13322,2023-11-14,Greater Accra,Cocoa,0.0,0.0,13.97,30.3,212,0.0
13323,2023-11-14,Ashanti,Cassava,1.98,0.0,1.28,27.4,387,0.0
13324,2023-11-14,Ashanti,Cocoa,12.04,0.0,10.69,24.1,478,0.0
13325,2023-11-14,Northern,Cassava,5.09,0.0,1.1,25.0,60,0.0
13326,2023-11-14,Northern,Cocoa,0.0,0.0,15.07,32.0,425,0.0
13327,2023-11-14,Western,Maize,8.49,0.0,2.63,33.8,371,0.0
13328,2023-11-14,Western,Cassava,6.2,0.0,1.08,24.4,203,0.0
13329,2023-11-14,Western,Cocoa,0.78,0.0,11.34,26.6,89,0.0
13330,2023-11-14,Eastern,Maize,11.73,1382.29,2.41,25.8,132,3331.3189
13331,2023-11-14,Eastern,Cassava,5.09,6255.35,1.39,30.6,207,8694.9365
13332,2023-11-14,Eastern,Cocoa,3.24,0.0,10.89,24.0,106,0.0
13333,2023-11-15,Greater Accra,Cassava,7.39,10144.21,1.12,28.9,353,11361.5152
13334,2023-11-15,Ashanti,Maize,8.79,0.0,2.72,32.8,252,0.0
13335,2023-11-15,Ashanti,Cocoa,0.0,219.76,14.57,24.4,316,3201.9031999999997
13336,2023-11-15,Northern,Maize,0.0,1003.71,2.62,30.8,387,2629.7202
13337,2023-11-15,Northern,Cassava,4.55,0.0,1.46,24.5,366,0.0
13338,2023-11-15,Northern,Cocoa,3.56,0.0,14.51,31.3,386,0.0
13339,2023-11-15,Western,Maize,0.51,0.0,2.34,32.5,335,0.0
13340,2023-11-15,Western,Cassava,0.0,0.0,1.41,25.3,367,0.0
13341,2023-11-15,Western,Cocoa,3.73,0.0,15.04,29.4,346,0.0
13342,2023-11-15,Eastern,Maize,0.0,0.0,2.64,33.1,140,0.0
13343,2023-11-15,Eastern,Cocoa,3.52,0.0,13.35,27.1,415,0.0
13344,2023-11-16,Greater Accra,Maize,2.07,0.0,2.82,25.3,149,0.0
13345,2023-11-16,Greater Accra,Cassava,2.51,0.0,1.22,24.8,152,0.0
13346,2023-11-16,Ashanti,Maize,8.02,0.0,2.28,25.6,266,0.0
13347,2023-11-16,Ashanti,Cassava,11.14,0.0,1.22,25.0,274,0.0
13348,2023-11-16,Ashanti,Cocoa,4.56,0.0,13.35,29.4,116,0.0
13349,2023-11-16,Northern,Maize,9.15,0.0,2.87,27.1,297,0.0
13350,2023-11-16,Northern,Cassava,0.0,0.0,1.21,30.6,163,0.0
13351,2023-11-16,Northern,Cocoa,0.52,167.94,12.83,27.1,84,2154.6702
13352,2023-11-16,Western,Maize,13.18,0.0,3.07,30.9,84,0.0
13353,2023-11-16,Western,Cassava,10.08,0.0,1.26,24.1,351,0.0
13354,2023-11-16,Western,Cocoa,4.53,0.0,11.34,30.4,291,0.0
13355,2023-11-16,Eastern,Cassava,0.7,0.0,1.33,26.8,315,0.0
13356,2023-11-16,Eastern,Cocoa,7.89,0.0,12.27,27.7,268,0.0
13357,2023-11-17,Greater Accra,Maize,5.37,0.0,2.58,32.1,242,0.0
13358,2023-11-17,Greater Accra,Cassava,0.28,0.0,1.3,27.9,290,0.0
13359,2023-11-17,Greater Accra,Cocoa,0.0,0.0,10.9,32.5,301,0.0
13360,2023-11-17,Ashanti,Maize,0.14,1389.48,3.0,29.9,489,4168.4400000000005
13361,2023-11-17,Ashanti,Cassava,0.0,6967.47,1.13,31.3,332,7873.241099999999
13362,2023-11-17,Ashanti,Cocoa,6.0,0.0,14.73,24.5,142,0.0
13363,2023-11-17,Northern,Maize,3.52,0.0,2.88,32.1,170,0.0
13364,2023-11-17,Northern,Cassava,3.95,8507.99,1.08,31.0,155,9188.629200000001
13365,2023-11-17,Northern,Cocoa,0.0,0.0,12.03,24.2,151,0.0
13366,2023-11-17,Western,Maize,5.16,0.0,2.89,27.1,493,0.0
13367,2023-11-17,Western,Cassava,5.38,7061.93,1.12,30.8,206,7909.361600000001
13368,2023-11-17,Western,Cocoa,12.95,0.0,15.11,29.0,194,0.0
13369,2023-11-17,Eastern,Maize,1.27,0.0,2.86,25.7,292,0.0
13370,2023-11-17,Eastern,Cassava,1.01,0.0,1.31,31.7,350,0.0
13371,2023-11-17,Eastern,Cocoa,4.17,303.75,10.56,24.0,164,3207.6000000000004
13372,2023-11-18,Greater Accra,Maize,0.88,0.0,2.28,25.5,145,0.0
13373,2023-11-18,Greater Accra,Cassava,1.92,0.0,1.02,32.4,461,0.0
13374,2023-11-18,Greater Accra,Cocoa,0.0,250.27,12.36,26.4,226,3093.3372
13375,2023-11-18,Ashanti,Maize,0.8,1339.49,2.21,31.6,469,2960.2729
13376,2023-11-18,Ashanti,Cassava,0.0,0.0,1.38,29.1,352,0.0
13377,2023-11-18,Northern,Maize,1.35,1338.06,3.01,32.9,234,4027.5605999999993
13378,2023-11-18,Northern,Cassava,0.0,0.0,1.17,28.9,184,0.0
13379,2023-11-18,Northern,Cocoa,1.47,0.0,14.41,31.6,102,0.0
13380,2023-11-18,Western,Maize,0.0,0.0,2.98,33.9,320,0.0
13381,2023-11-18,Western,Cassava,1.63,0.0,1.24,27.9,447,0.0
13382,2023-11-18,Western,Cocoa,4.68,351.93,13.06,30.4,90,4596.205800000001
13383,2023-11-18,Eastern,Maize,0.0,0.0,2.65,28.6,183,0.0
13384,2023-11-18,Eastern,Cocoa,5.03,0.0,14.75,29.5,332,0.0
13385,2023-11-19,Greater Accra,Cassava,1.99,0.0,1.08,31.2,85,0.0
13386,2023-11-19,Greater Accra,Cocoa,7.5,303.57,10.74,24.0,225,3260.3418
13387,2023-11-19,Ashanti,Maize,9.3,2154.82,2.87,29.0,411,6184.3334
13388,2023-11-19,Ashanti,Cassava,7.81,0.0,1.07,33.0,430,0.0
13389,2023-11-19,Ashanti,Cocoa,8.54,395.1,14.46,29.3,190,5713.146000000001
13390,2023-11-19,Northern,Maize,6.94,0.0,2.6,29.7,379,0.0
13391,2023-11-19,Northern,Cassava,2.15,0.0,1.14,33.3,62,0.0
13392,2023-11-19,Western,Maize,1.61,1618.48,2.8,25.4,345,4531.744
13393,2023-11-19,Western,Cassava,9.62,10237.68,1.26,24.5,166,12899.4768
13394,2023-11-19,Eastern,Cassava,1.39,0.0,1.37,26.8,59,0.0
13395,2023-11-20,Greater Accra,Maize,0.0,0.0,2.92,32.0,53,0.0
13396,2023-11-20,Greater Accra,Cassava,0.0,8602.64,1.24,28.6,330,10667.273599999999
13397,2023-11-20,Greater Accra,Cocoa,0.29,0.0,10.65,28.4,232,0.0
13398,2023-11-20,Ashanti,Maize,2.58,1197.02,2.97,30.2,407,3555.1494000000002
13399,2023-11-20,Ashanti,Cassava,4.0,0.0,1.15,26.7,171,0.0
13400,2023-11-20,Ashanti,Cocoa,8.28,0.0,14.27,25.4,168,0.0
13401,2023-11-20,Northern,Maize,9.35,0.0,3.07,33.8,488,0.0
13402,2023-11-20,Northern,Cassava,6.13,8601.15,1.24,30.1,389,10665.426
13403,2023-11-20,Northern,Cocoa,0.0,151.44,0.0,24.3,170,0.0
13404,2023-11-20,Western,Maize,15.56,2766.92,2.62,26.1,219,7249.330400000001
13405,2023-11-20,Western,Cassava,7.7,0.0,1.45,30.2,442,0.0
13406,2023-11-20,Western,Cocoa,2.59,0.0,12.16,28.7,236,0.0
13407,2023-11-20,Eastern,Maize,5.8,1890.29,2.82,25.6,306,5330.6178
13408,2023-11-20,Eastern,Cassava,4.03,8289.23,0.0,30.6,272,0.0
13409,2023-11-20,Eastern,Cocoa,4.67,247.53,11.95,27.6,124,2957.9835
13410,2023-11-21,Greater Accra,Maize,4.89,0.0,2.26,27.0,306,0.0
13411,2023-11-21,Greater Accra,Cassava,5.04,0.0,1.26,33.4,444,0.0
13412,2023-11-21,Greater Accra,Cocoa,0.0,223.76,14.41,33.5,314,3224.3815999999997
13413,2023-11-21,Ashanti,Cocoa,7.8,326.9,14.68,28.3,64,4798.892
13414,2023-11-21,Northern,Maize,1.33,0.0,2.11,26.2,105,0.0
13415,2023-11-21,Northern,Cassava,1.9,0.0,1.28,24.6,107,0.0
13416,2023-11-21,Northern,Cocoa,2.97,0.0,10.88,32.1,219,0.0
13417,2023-11-21,Western,Maize,1.26,1371.32,2.26,29.1,373,3099.1831999999995
13418,2023-11-21,Western,Cassava,9.15,0.0,1.42,29.9,223,0.0
13419,2023-11-21,Western,Cocoa,9.86,0.0,12.92,24.7,433,0.0
13420,2023-11-21,Eastern,Maize,11.63,0.0,0.0,25.5,111,0.0
13421,2023-11-21,Eastern,Cassava,1.63,0.0,1.2,25.9,359,0.0
13422,2023-11-21,Eastern,Cocoa,12.69,0.0,12.95,31.2,478,0.0
13423,2023-11-22,Greater Accra,Maize,3.61,1101.72,2.18,30.5,150,2401.7496
13424,2023-11-22,Greater Accra,Cassava,0.0,7630.2,1.26,29.6,351,9614.052
13425,2023-11-22,Greater Accra,Cocoa,0.0,0.0,14.08,27.0,177,0.0
13426,2023-11-22,Ashanti,Maize,2.16,0.0,2.46,30.5,268,0.0
13427,2023-11-22,Ashanti,Cassava,0.0,8467.19,1.27,28.7,230,10753.331300000002
13428,2023-11-22,Northern,Maize,3.97,1490.4,2.45,25.4,180,3651.4800000000005
13429,2023-11-22,Northern,Cassava,10.93,0.0,1.48,25.1,205,0.0
13430,2023-11-22,Northern,Cocoa,0.0,0.0,11.04,24.4,314,0.0
13431,2023-11-22,Western,Maize,6.93,0.0,3.0,26.9,347,0.0
13432,2023-11-22,Western,Cassava,11.38,0.0,1.06,28.2,340,0.0
13433,2023-11-22,Western,Cocoa,9.28,0.0,13.67,25.9,425,0.0
13434,2023-11-22,Eastern,Cassava,8.26,11106.66,1.28,25.3,309,14216.5248
13435,2023-11-22,Eastern,Cocoa,0.77,0.0,13.53,31.8,209,0.0
13436,2023-11-23,Greater Accra,Maize,0.0,1150.4,2.75,30.8,280,3163.6000000000004
13437,2023-11-23,Greater Accra,Cocoa,2.75,217.81,13.17,32.4,431,2868.5577
13438,2023-11-23,Ashanti,Maize,0.76,0.0,2.43,31.2,406,0.0
13439,2023-11-23,Ashanti,Cassava,4.55,0.0,1.48,32.5,395,0.0
13440,2023-11-23,Ashanti,Cocoa,10.36,0.0,15.12,32.0,234,0.0
13441,2023-11-23,Northern,Maize,0.02,762.64,2.8,31.6,388,2135.392
13442,2023-11-23,Northern,Cassava,0.06,0.0,1.47,28.0,423,0.0
13443,2023-11-23,Northern,Cocoa,7.07,287.73,14.87,32.0,116,4278.5451
13444,2023-11-23,Western,Maize,8.22,0.0,2.43,33.0,182,0.0
13445,2023-11-23,Western,Cassava,4.47,8957.51,1.4,29.0,221,12540.514
13446,2023-11-23,Western,Cocoa,1.59,0.0,14.7,28.2,263,0.0
13447,2023-11-23,Eastern,Cassava,6.14,9514.89,1.03,32.5,163,9800.3367
13448,2023-11-23,Eastern,Cocoa,7.21,0.0,12.66,28.1,71,0.0
13449,2023-11-24,Greater Accra,Maize,5.7,0.0,2.84,25.4,220,0.0
13450,2023-11-24,Greater Accra,Cassava,7.46,0.0,1.13,24.1,93,0.0
13451,2023-11-24,Greater Accra,Cocoa,2.83,242.84,11.78,28.3,102,2860.6551999999997
13452,2023-11-24,Ashanti,Maize,1.81,0.0,2.76,31.9,430,0.0
13453,2023-11-24,Ashanti,Cocoa,5.34,0.0,14.81,25.5,276,0.0
13454,2023-11-24,Northern,Maize,0.96,1040.26,2.4,33.8,456,2496.624
13455,2023-11-24,Northern,Cassava,5.7,6930.07,1.48,33.5,319,10256.5036
13456,2023-11-24,Northern,Cocoa,0.0,0.0,13.42,27.6,442,0.0
13457,2023-11-24,Western,Maize,1.84,0.0,2.48,32.4,82,0.0
13458,2023-11-24,Western,Cassava,1.59,0.0,1.17,26.8,317,0.0
13459,2023-11-24,Western,Cocoa,6.3,0.0,12.29,26.2,259,0.0
13460,2023-11-24,Eastern,Maize,4.16,0.0,2.72,25.9,95,0.0
13461,2023-11-24,Eastern,Cassava,0.0,7922.2,1.02,30.9,332,8080.644
13462,2023-11-25,Greater Accra,Maize,8.83,0.0,2.51,25.0,129,0.0
13463,2023-11-25,Greater Accra,Cassava,1.98,5881.9,1.45,29.2,353,8528.755
13464,2023-11-25,Greater Accra,Cocoa,1.18,0.0,13.68,26.5,313,0.0
13465,2023-11-25,Ashanti,Cassava,0.0,0.0,1.18,32.4,143,0.0
13466,2023-11-25,Ashanti,Cocoa,10.91,0.0,15.22,30.5,366,0.0
13467,2023-11-25,Northern,Maize,6.68,0.0,2.46,26.4,298,0.0
13468,2023-11-25,Northern,Cassava,0.0,0.0,0.0,30.7,192,0.0
13469,2023-11-25,Northern,Cocoa,3.62,0.0,15.33,30.9,469,0.0
13470,2023-11-25,Western,Maize,5.39,0.0,2.15,24.6,261,0.0
13471,2023-11-25,Western,Cassava,6.3,0.0,1.23,30.6,304,0.0
13472,2023-11-25,Western,Cocoa,7.78,0.0,10.89,33.7,253,0.0
13473,2023-11-25,Eastern,Maize,4.45,0.0,2.75,29.4,351,0.0
13474,2023-11-25,Eastern,Cassava,2.35,8403.48,1.38,27.0,194,11596.802399999999
13475,2023-11-25,Eastern,Cocoa,6.73,0.0,13.39,31.2,198,0.0
13476,2023-11-26,Greater Accra,Maize,7.94,1272.46,2.87,24.6,262,3651.9602000000004
13477,2023-11-26,Greater Accra,Cassava,7.13,0.0,1.22,30.6,429,0.0
13478,2023-11-26,Greater Accra,Cocoa,0.0,168.6,11.93,24.0,497,2011.398
13479,2023-11-26,Ashanti,Maize,6.49,0.0,2.13,29.0,259,0.0
13480,2023-11-26,Ashanti,Cassava,7.59,0.0,1.35,31.0,86,0.0
13481,2023-11-26,Ashanti,Cocoa,8.77,0.0,11.92,29.1,315,0.0
13482,2023-11-26,Northern,Cassava,6.11,6185.02,1.26,29.4,426,7793.1252
13483,2023-11-26,Northern,Cocoa,0.0,0.0,12.07,30.4,114,0.0
13484,2023-11-26,Western,Maize,4.19,0.0,2.18,26.3,386,0.0
13485,2023-11-26,Western,Cassava,6.98,0.0,1.25,25.4,439,0.0
13486,2023-11-26,Western,Cocoa,14.01,277.18,12.7,25.0,336,3520.1859999999997
13487,2023-11-26,Eastern,Maize,1.93,1346.04,2.88,32.3,330,3876.5951999999997
13488,2023-11-26,Eastern,Cassava,0.0,0.0,1.06,27.9,119,0.0
13489,2023-11-26,Eastern,Cocoa,6.31,0.0,10.83,28.9,359,0.0
13490,2023-11-27,Greater Accra,Maize,0.0,0.0,2.74,24.4,341,0.0
13491,2023-11-27,Greater Accra,Cassava,1.65,0.0,1.15,32.0,186,0.0
13492,2023-11-27,Greater Accra,Cocoa,0.0,0.0,13.59,28.1,232,0.0
13493,2023-11-27,Ashanti,Maize,6.96,1931.89,2.32,32.8,263,4481.9848
13494,2023-11-27,Ashanti,Cassava,8.43,0.0,0.0,30.4,53,0.0
13495,2023-11-27,Northern,Maize,8.26,0.0,2.2,31.1,165,0.0
13496,2023-11-27,Northern,Cassava,6.64,0.0,1.27,29.4,155,0.0
13497,2023-11-27,Western,Cassava,1.57,7421.95,1.1,26.5,178,8164.145
13498,2023-11-27,Western,Cocoa,9.56,0.0,15.17,25.1,326,0.0
13499,2023-11-27,Eastern,Maize,9.17,0.0,2.53,28.4,50,0.0
13500,2023-11-27,Eastern,Cassava,5.53,10908.11,1.47,31.8,333,16034.9217
13501,2023-11-27,Eastern,Cocoa,3.93,200.41,11.77,32.3,454,2358.8257
13502,2023-11-28,Greater Accra,Maize,10.6,0.0,2.86,27.8,90,0.0
13503,2023-11-28,Greater Accra,Cassava,3.67,0.0,1.38,29.6,487,0.0
13504,2023-11-28,Greater Accra,Cocoa,3.08,0.0,13.45,30.2,96,0.0
13505,2023-11-28,Ashanti,Maize,8.31,1431.86,3.05,32.3,211,4367.173
13506,2023-11-28,Ashanti,Cassava,2.75,0.0,1.28,26.3,85,0.0
13507,2023-11-28,Ashanti,Cocoa,3.93,0.0,15.27,31.1,127,0.0
13508,2023-11-28,Northern,Maize,1.55,1315.14,3.1,31.2,404,4076.9340000000007
13509,2023-11-28,Northern,Cassava,11.25,9410.27,1.2,27.8,145,11292.324
13510,2023-11-28,Western,Maize,0.0,0.0,2.3,33.1,437,0.0
13511,2023-11-28,Western,Cassava,0.54,0.0,1.38,33.0,99,0.0
13512,2023-11-28,Western,Cocoa,3.41,0.0,12.74,25.0,123,0.0
13513,2023-11-28,Eastern,Maize,0.0,0.0,3.07,31.6,255,0.0
13514,2023-11-28,Eastern,Cassava,0.0,6269.13,1.33,30.0,369,8337.9429
13515,2023-11-28,Eastern,Cocoa,4.97,267.57,11.64,30.5,422,3114.5148
13516,2023-11-29,Greater Accra,Cassava,0.0,6203.93,1.23,33.5,440,7630.8339000000005
13517,2023-11-29,Greater Accra,Cocoa,10.59,200.07,13.77,24.3,291,2754.9638999999997
13518,2023-11-29,Ashanti,Maize,9.75,0.0,2.72,26.0,92,0.0
13519,2023-11-29,Ashanti,Cassava,0.0,6217.33,1.29,33.6,491,8020.3557
13520,2023-11-29,Ashanti,Cocoa,8.07,0.0,0.0,24.8,425,0.0
13521,2023-11-29,Northern,Maize,1.85,0.0,2.93,25.9,441,0.0
13522,2023-11-29,Northern,Cassava,1.02,5875.33,1.14,29.1,243,6697.8762
13523,2023-11-29,Northern,Cocoa,6.97,0.0,10.81,33.7,287,0.0
13524,2023-11-29,Western,Maize,9.25,1731.45,2.57,30.4,422,4449.8265
13525,2023-11-29,Western,Cocoa,16.27,0.0,14.23,26.9,289,0.0
13526,2023-11-29,Eastern,Maize,2.85,0.0,3.03,31.1,172,0.0
13527,2023-11-29,Eastern,Cassava,0.0,0.0,1.32,29.6,288,0.0
13528,2023-11-29,Eastern,Cocoa,9.24,0.0,11.23,24.2,429,0.0
13529,2023-11-30,Greater Accra,Maize,9.74,1401.09,2.53,26.6,325,3544.7576999999997
13530,2023-11-30,Greater Accra,Cocoa,1.87,0.0,13.04,33.2,378,0.0
13531,2023-11-30,Ashanti,Maize,4.39,0.0,2.79,27.0,100,0.0
13532,2023-11-30,Ashanti,Cassava,4.61,0.0,1.09,24.3,181,0.0
13533,2023-11-30,Ashanti,Cocoa,5.85,0.0,11.11,28.9,96,0.0
13534,2023-11-30,Northern,Maize,8.8,1158.82,2.65,26.4,90,3070.8729999999996
13535,2023-11-30,Northern,Cassava,1.56,0.0,1.04,31.8,264,0.0
13536,2023-11-30,Northern,Cocoa,0.11,0.0,15.48,28.2,461,0.0
13537,2023-11-30,Western,Maize,3.92,0.0,2.14,31.8,353,0.0
13538,2023-11-30,Western,Cassava,0.9,0.0,1.07,25.6,436,0.0
13539,2023-11-30,Eastern,Maize,8.35,0.0,2.73,33.3,472,0.0
13540,2023-11-30,Eastern,Cassava,6.02,0.0,1.1,25.7,94,0.0
13541,2023-11-30,Eastern,Cocoa,3.56,0.0,11.49,26.6,330,0.0
13542,2023-12-01,Greater Accra,Maize,1.29,0.0,2.62,33.3,138,0.0
13543,2023-12-01,Greater Accra,Cassava,3.76,6293.05,1.08,26.3,335,6796.494000000001
13544,2023-12-01,Greater Accra,Cocoa,5.63,0.0,10.79,25.1,417,0.0
13545,2023-12-01,Ashanti,Maize,7.44,0.0,2.22,27.5,338,0.0
13546,2023-12-01,Ashanti,Cassava,1.02,0.0,1.39,30.6,152,0.0
13547,2023-12-01,Northern,Maize,1.94,0.0,0.0,26.3,283,0.0
13548,2023-12-01,Northern,Cassava,0.0,5942.71,1.4,28.3,169,8319.794
13549,2023-12-01,Northern,Cocoa,0.14,0.0,11.47,25.1,378,0.0
13550,2023-12-01,Western,Maize,7.28,2283.8,2.65,31.1,120,6052.070000000001
13551,2023-12-01,Western,Cassava,7.79,11688.5,1.48,33.9,304,17298.98
13552,2023-12-01,Western,Cocoa,1.99,0.0,11.74,24.8,320,0.0
13553,2023-12-01,Eastern,Maize,4.33,0.0,2.23,24.1,180,0.0
13554,2023-12-01,Eastern,Cassava,5.16,8282.58,1.16,31.0,129,9607.7928
13555,2023-12-01,Eastern,Cocoa,0.76,321.86,10.58,26.0,132,3405.2788
13556,2023-12-02,Greater Accra,Maize,0.84,0.0,2.56,33.7,89,0.0
13557,2023-12-02,Greater Accra,Cassava,2.8,0.0,1.07,30.0,457,0.0
13558,2023-12-02,Greater Accra,Cocoa,2.55,174.0,12.59,25.3,78,2190.66
13559,2023-12-02,Ashanti,Maize,10.93,0.0,2.14,30.0,226,0.0
13560,2023-12-02,Ashanti,Cocoa,5.46,0.0,12.12,24.3,181,0.0
13561,2023-12-02,Northern,Maize,0.1,0.0,2.39,29.8,462,0.0
13562,2023-12-02,Northern,Cassava,0.0,6472.71,1.35,28.9,279,8738.158500000001
13563,2023-12-02,Northern,Cocoa,0.61,184.6,12.29,24.4,474,2268.734
13564,2023-12-02,Western,Cassava,4.88,0.0,1.28,29.8,394,0.0
13565,2023-12-02,Western,Cocoa,1.03,0.0,11.75,33.0,332,0.0
13566,2023-12-02,Eastern,Maize,7.68,1940.76,2.29,26.9,198,4444.3404
13567,2023-12-02,Eastern,Cassava,1.82,7277.68,1.45,29.9,460,10552.636
13568,2023-12-02,Eastern,Cocoa,4.12,0.0,11.44,32.9,430,0.0
13569,2023-12-03,Greater Accra,Maize,1.95,0.0,2.4,31.9,368,0.0
13570,2023-12-03,Greater Accra,Cassava,4.04,5975.82,1.23,32.9,147,7350.258599999999
13571,2023-12-03,Ashanti,Maize,1.51,1033.85,2.24,28.1,118,2315.824
13572,2023-12-03,Ashanti,Cocoa,3.59,0.0,14.85,33.3,211,0.0
13573,2023-12-03,Northern,Maize,6.8,0.0,2.72,30.1,468,0.0
13574,2023-12-03,Northern,Cassava,2.16,0.0,1.18,29.9,371,0.0
13575,2023-12-03,Northern,Cocoa,2.98,0.0,11.5,26.9,294,0.0
13576,2023-12-03,Western,Maize,2.17,1750.65,2.28,25.4,139,3991.482
13577,2023-12-03,Western,Cassava,0.99,7584.25,1.09,27.1,371,8266.8325
13578,2023-12-03,Western,Cocoa,14.69,0.0,15.36,30.5,211,0.0
13579,2023-12-03,Eastern,Maize,1.66,0.0,3.08,29.2,466,0.0
13580,2023-12-03,Eastern,Cassava,13.91,10640.34,1.37,25.9,259,14577.265800000001
13581,2023-12-03,Eastern,Cocoa,6.97,0.0,14.56,33.9,187,0.0
13582,2023-12-04,Greater Accra,Maize,7.94,0.0,2.27,28.3,79,0.0
13583,2023-12-04,Greater Accra,Cassava,4.64,0.0,1.4,29.5,229,0.0
13584,2023-12-04,Greater Accra,Cocoa,8.39,0.0,12.5,30.8,287,0.0
13585,2023-12-04,Ashanti,Maize,7.81,0.0,2.28,33.2,148,0.0
13586,2023-12-04,Ashanti,Cassava,4.29,8406.62,1.26,24.1,262,10592.3412
13587,2023-12-04,Ashanti,Cocoa,4.17,0.0,12.01,28.8,459,0.0
13588,2023-12-04,Northern,Maize,8.87,0.0,2.68,25.1,317,0.0
13589,2023-12-04,Northern,Cocoa,0.43,0.0,13.42,33.1,189,0.0
13590,2023-12-04,Western,Maize,0.0,1542.18,2.96,29.8,61,4564.852800000001
13591,2023-12-04,Western,Cassava,0.0,0.0,1.28,25.1,133,0.0
13592,2023-12-04,Western,Cocoa,3.88,0.0,10.94,32.3,140,0.0
13593,2023-12-04,Eastern,Maize,1.94,0.0,2.5,24.6,379,0.0
13594,2023-12-04,Eastern,Cassava,8.62,0.0,1.08,33.0,363,0.0
13595,2023-12-04,Eastern,Cocoa,8.48,0.0,12.68,28.5,58,0.0
13596,2023-12-05,Greater Accra,Maize,0.0,0.0,2.81,33.0,326,0.0
13597,2023-12-05,Greater Accra,Cassava,5.34,8446.59,1.36,28.0,145,11487.362400000002
13598,2023-12-05,Greater Accra,Cocoa,0.0,0.0,12.09,25.3,201,0.0
13599,2023-12-05,Ashanti,Maize,5.25,0.0,2.3,31.3,163,0.0
13600,2023-12-05,Ashanti,Cocoa,7.71,0.0,10.58,31.8,107,0.0
13601,2023-12-05,Northern,Maize,3.12,1207.9,2.31,28.9,87,2790.2490000000003
13602,2023-12-05,Northern,Cassava,0.0,6378.13,1.18,29.3,317,7526.1934
13603,2023-12-05,Northern,Cocoa,8.02,0.0,14.83,27.4,301,0.0
13604,2023-12-05,Western,Maize,2.8,1369.21,2.46,29.6,96,3368.2566
13605,2023-12-05,Western,Cocoa,11.53,0.0,14.48,32.8,316,0.0
13606,2023-12-05,Eastern,Maize,0.0,0.0,2.82,31.2,77,0.0
13607,2023-12-05,Eastern,Cassava,0.0,0.0,1.42,26.5,210,0.0
13608,2023-12-05,Eastern,Cocoa,0.0,0.0,0.0,32.5,406,0.0
13609,2023-12-06,Greater Accra,Maize,1.4,0.0,2.23,27.7,387,0.0
13610,2023-12-06,Greater Accra,Cassava,1.77,0.0,1.02,30.0,151,0.0
13611,2023-12-06,Greater Accra,Cocoa,10.35,234.17,11.0,28.1,125,2575.87
13612,2023-12-06,Ashanti,Maize,0.01,0.0,2.62,28.7,151,0.0
13613,2023-12-06,Ashanti,Cocoa,3.36,0.0,13.07,26.6,68,0.0
13614,2023-12-06,Northern,Cassava,1.8,0.0,1.42,27.5,486,0.0
13615,2023-12-06,Northern,Cocoa,0.0,0.0,12.98,27.9,471,0.0
13616,2023-12-06,Western,Maize,9.98,0.0,3.05,28.7,190,0.0
13617,2023-12-06,Western,Cassava,11.77,0.0,1.21,33.1,350,0.0
13618,2023-12-06,Western,Cocoa,12.89,0.0,10.95,27.2,406,0.0
13619,2023-12-06,Eastern,Maize,4.3,0.0,2.26,28.3,248,0.0
13620,2023-12-06,Eastern,Cassava,5.87,9808.85,1.3,25.7,329,12751.505000000001
13621,2023-12-06,Eastern,Cocoa,12.49,293.71,13.7,29.0,113,4023.8269999999993
13622,2023-12-07,Greater Accra,Maize,6.96,0.0,2.14,33.0,143,0.0
13623,2023-12-07,Greater Accra,Cassava,0.0,0.0,1.08,29.9,392,0.0
13624,2023-12-07,Greater Accra,Cocoa,1.77,0.0,15.22,25.1,431,0.0
13625,2023-12-07,Ashanti,Maize,3.2,0.0,2.39,24.2,310,0.0
13626,2023-12-07,Ashanti,Cocoa,0.18,0.0,11.22,32.5,50,0.0
13627,2023-12-07,Northern,Maize,4.4,0.0,2.58,25.5,207,0.0
13628,2023-12-07,Northern,Cassava,4.4,0.0,1.32,26.7,70,0.0
13629,2023-12-07,Northern,Cocoa,6.03,0.0,11.93,32.0,214,0.0
13630,2023-12-07,Western,Maize,1.72,1198.99,2.56,32.9,138,3069.4144
13631,2023-12-07,Western,Cassava,11.03,8187.38,1.48,31.0,404,12117.322400000001
13632,2023-12-07,Western,Cocoa,2.7,0.0,10.85,32.6,301,0.0
13633,2023-12-07,Eastern,Maize,4.39,1679.1,2.73,28.2,396,4583.942999999999
13634,2023-12-07,Eastern,Cassava,0.33,0.0,1.33,28.4,189,0.0
13635,2023-12-07,Eastern,Cocoa,4.14,257.04,12.38,26.0,236,3182.1552000000006
13636,2023-12-08,Greater Accra,Maize,3.3,1499.52,2.97,29.1,459,4453.5744
13637,2023-12-08,Greater Accra,Cassava,5.08,9335.83,1.42,32.7,330,13256.8786
13638,2023-12-08,Greater Accra,Cocoa,1.78,0.0,10.98,25.4,411,0.0
13639,2023-12-08,Ashanti,Maize,3.93,1274.14,2.49,24.7,497,3172.6086000000005
13640,2023-12-08,Ashanti,Cassava,4.37,10019.48,1.18,25.4,134,11822.986399999998
13641,2023-12-08,Ashanti,Cocoa,0.0,0.0,13.93,27.5,497,0.0
13642,2023-12-08,Northern,Maize,2.92,0.0,2.34,28.6,92,0.0
13643,2023-12-08,Northern,Cassava,0.0,0.0,1.05,28.9,281,0.0
13644,2023-12-08,Western,Maize,9.01,0.0,2.87,29.7,302,0.0
13645,2023-12-08,Western,Cassava,9.18,0.0,1.34,29.7,443,0.0
13646,2023-12-08,Western,Cocoa,0.57,0.0,10.85,27.7,498,0.0
13647,2023-12-08,Eastern,Maize,8.71,0.0,2.66,31.0,193,0.0
13648,2023-12-08,Eastern,Cassava,0.0,7862.85,1.38,32.2,184,10850.733
13649,2023-12-08,Eastern,Cocoa,8.83,257.81,11.13,29.5,364,2869.4253000000003
13650,2023-12-09,Greater Accra,Maize,7.15,1836.96,2.11,31.7,404,3875.9856
13651,2023-12-09,Greater Accra,Cassava,0.7,0.0,1.44,30.8,187,0.0
13652,2023-12-09,Greater Accra,Cocoa,0.0,0.0,11.99,25.1,148,0.0
13653,2023-12-09,Ashanti,Maize,5.27,0.0,2.81,28.7,175,0.0
13654,2023-12-09,Ashanti,Cassava,6.92,0.0,1.16,25.4,425,0.0
13655,2023-12-09,Ashanti,Cocoa,6.15,0.0,12.49,32.3,475,0.0
13656,2023-12-09,Northern,Maize,0.0,0.0,3.06,25.7,100,0.0
13657,2023-12-09,Northern,Cassava,0.72,7789.13,0.0,31.4,94,0.0
13658,2023-12-09,Northern,Cocoa,1.43,0.0,13.56,25.4,62,0.0
13659,2023-12-09,Western,Maize,9.13,0.0,2.21,31.4,187,0.0
13660,2023-12-09,Western,Cassava,0.0,10803.89,1.28,26.8,148,13828.9792
13661,2023-12-09,Western,Cocoa,11.59,0.0,13.71,30.7,72,0.0
13662,2023-12-09,Eastern,Maize,5.31,1075.18,3.01,30.8,127,3236.2918
13663,2023-12-09,Eastern,Cassava,0.81,0.0,1.1,30.8,252,0.0
13664,2023-12-09,Eastern,Cocoa,5.49,224.81,11.97,31.1,259,2690.9757
13665,2023-12-10,Greater Accra,Cassava,1.43,0.0,1.36,25.6,210,0.0
13666,2023-12-10,Greater Accra,Cocoa,5.7,0.0,15.27,24.7,227,0.0
13667,2023-12-10,Ashanti,Maize,11.81,2405.77,2.26,27.4,179,5437.0401999999995
13668,2023-12-10,Ashanti,Cassava,7.67,0.0,1.29,28.0,184,0.0
13669,2023-12-10,Ashanti,Cocoa,7.51,0.0,15.17,29.5,51,0.0
13670,2023-12-10,Northern,Maize,5.5,0.0,2.27,30.8,206,0.0
13671,2023-12-10,Northern,Cassava,3.76,6178.28,1.48,25.8,187,9143.8544
13672,2023-12-10,Northern,Cocoa,4.49,0.0,15.48,25.7,454,0.0
13673,2023-12-10,Western,Maize,5.1,0.0,2.55,33.1,138,0.0
13674,2023-12-10,Western,Cassava,7.33,9907.47,1.25,32.4,148,12384.3375
13675,2023-12-10,Western,Cocoa,3.83,250.53,13.55,24.3,208,3394.6815
13676,2023-12-10,Eastern,Maize,5.28,0.0,3.09,25.7,232,0.0
13677,2023-12-10,Eastern,Cassava,8.66,7363.12,1.06,28.3,132,7804.907200000001
13678,2023-12-10,Eastern,Cocoa,4.16,263.27,14.11,30.3,127,3714.7396999999996
13679,2023-12-11,Greater Accra,Maize,0.0,0.0,2.55,26.8,472,0.0
13680,2023-12-11,Greater Accra,Cassava,4.59,0.0,1.2,24.9,434,0.0
13681,2023-12-11,Greater Accra,Cocoa,1.12,0.0,11.8,27.1,384,0.0
13682,2023-12-11,Ashanti,Maize,4.57,0.0,2.76,27.9,207,0.0
13683,2023-12-11,Ashanti,Cassava,10.38,9877.29,1.35,26.9,225,13334.341500000002
13684,2023-12-11,Northern,Cassava,1.57,0.0,1.38,32.2,327,0.0
13685,2023-12-11,Western,Maize,3.96,0.0,2.34,27.3,386,0.0
13686,2023-12-11,Western,Cassava,0.12,0.0,1.35,33.6,132,0.0
13687,2023-12-11,Western,Cocoa,11.61,0.0,12.55,25.9,494,0.0
13688,2023-12-11,Eastern,Maize,2.63,0.0,2.59,26.2,181,0.0
13689,2023-12-11,Eastern,Cassava,7.11,0.0,1.1,26.8,364,0.0
13690,2023-12-11,Eastern,Cocoa,9.77,327.28,11.32,24.9,229,3704.8095999999996
13691,2023-12-12,Greater Accra,Maize,3.51,0.0,2.45,26.1,221,0.0
13692,2023-12-12,Greater Accra,Cassava,2.84,0.0,1.45,33.1,312,0.0
13693,2023-12-12,Greater Accra,Cocoa,0.0,0.0,15.36,24.3,358,0.0
13694,2023-12-12,Ashanti,Maize,7.38,1595.45,2.9,32.5,247,4626.805
13695,2023-12-12,Ashanti,Cassava,0.0,0.0,1.33,27.0,470,0.0
13696,2023-12-12,Ashanti,Cocoa,7.91,337.32,13.49,32.5,65,4550.4468
13697,2023-12-12,Northern,Maize,4.06,0.0,2.63,26.9,331,0.0
13698,2023-12-12,Western,Maize,0.0,0.0,3.02,25.3,372,0.0
13699,2023-12-12,Western,Cassava,0.94,0.0,1.37,29.6,468,0.0
13700,2023-12-12,Western,Cocoa,11.96,0.0,14.99,31.9,300,0.0
13701,2023-12-12,Eastern,Maize,1.11,0.0,2.99,33.0,110,0.0
13702,2023-12-12,Eastern,Cocoa,5.32,0.0,11.48,25.8,322,0.0
13703,2023-12-13,Greater Accra,Maize,3.68,909.3,2.98,32.2,489,2709.714
13704,2023-12-13,Greater Accra,Cassava,0.0,0.0,1.47,30.9,176,0.0
13705,2023-12-13,Greater Accra,Cocoa,6.26,242.86,13.11,25.7,344,3183.8946
13706,2023-12-13,Ashanti,Maize,5.83,0.0,0.0,28.7,473,0.0
13707,2023-12-13,Ashanti,Cocoa,4.23,336.96,15.11,28.5,470,5091.4655999999995
13708,2023-12-13,Northern,Maize,8.93,0.0,2.95,26.0,340,0.0
13709,2023-12-13,Northern,Cassava,3.45,0.0,1.45,31.3,116,0.0
13710,2023-12-13,Western,Maize,6.69,0.0,2.56,24.0,392,0.0
13711,2023-12-13,Western,Cassava,5.56,0.0,1.34,24.7,177,0.0
13712,2023-12-13,Western,Cocoa,6.69,0.0,12.82,33.3,375,0.0
13713,2023-12-13,Eastern,Maize,0.0,0.0,2.59,25.4,144,0.0
13714,2023-12-13,Eastern,Cassava,2.59,0.0,1.07,24.5,234,0.0
13715,2023-12-13,Eastern,Cocoa,4.65,0.0,15.16,33.7,231,0.0
13716,2023-12-14,Greater Accra,Maize,5.26,0.0,2.62,26.5,132,0.0
13717,2023-12-14,Greater Accra,Cassava,0.0,0.0,1.18,33.1,222,0.0
13718,2023-12-14,Greater Accra,Cocoa,3.79,0.0,13.57,30.3,73,0.0
13719,2023-12-14,Ashanti,Maize,5.43,0.0,2.81,27.8,434,0.0
13720,2023-12-14,Ashanti,Cassava,5.72,0.0,1.28,28.6,83,0.0
13721,2023-12-14,Ashanti,Cocoa,8.13,403.87,13.27,29.7,487,5359.3549
13722,2023-12-14,Northern,Maize,8.46,0.0,2.31,30.7,152,0.0
13723,2023-12-14,Northern,Cassava,0.0,0.0,1.46,31.5,494,0.0
13724,2023-12-14,Northern,Cocoa,0.0,0.0,13.17,29.1,84,0.0
13725,2023-12-14,Western,Maize,8.7,0.0,2.97,28.7,440,0.0
13726,2023-12-14,Western,Cassava,7.14,0.0,1.31,24.8,129,0.0
13727,2023-12-14,Western,Cocoa,2.66,242.8,14.69,29.3,497,3566.732
13728,2023-12-14,Eastern,Maize,9.27,0.0,2.76,26.7,452,0.0
13729,2023-12-14,Eastern,Cassava,2.13,0.0,1.2,30.6,219,0.0
13730,2023-12-15,Greater Accra,Cassava,0.0,6897.62,1.11,29.3,241,7656.358200000001
13731,2023-12-15,Greater Accra,Cocoa,4.87,0.0,14.07,31.8,315,0.0
13732,2023-12-15,Ashanti,Maize,9.94,0.0,2.69,32.8,201,0.0
13733,2023-12-15,Ashanti,Cassava,2.73,9991.36,1.47,29.2,316,14687.299200000001
13734,2023-12-15,Ashanti,Cocoa,3.29,0.0,11.76,24.1,235,0.0
13735,2023-12-15,Northern,Maize,0.38,0.0,3.08,26.6,399,0.0
13736,2023-12-15,Northern,Cocoa,4.14,0.0,15.19,24.2,167,0.0
13737,2023-12-15,Western,Maize,11.46,0.0,2.89,26.4,350,0.0
13738,2023-12-15,Western,Cassava,0.35,0.0,1.18,24.8,252,0.0
13739,2023-12-15,Western,Cocoa,0.0,0.0,12.95,25.0,264,0.0
13740,2023-12-15,Eastern,Maize,4.97,1876.3,2.22,25.9,311,4165.386
13741,2023-12-15,Eastern,Cassava,1.43,7753.48,1.17,32.3,446,9071.5716
13742,2023-12-15,Eastern,Cocoa,0.0,0.0,14.52,24.3,375,0.0
13743,2023-12-16,Greater Accra,Cassava,0.0,0.0,1.42,33.0,494,0.0
13744,2023-12-16,Ashanti,Cassava,0.0,8473.1,1.26,30.1,125,10676.106
13745,2023-12-16,Ashanti,Cocoa,4.71,0.0,12.2,24.6,303,0.0
13746,2023-12-16,Northern,Maize,0.0,0.0,2.48,30.0,89,0.0
13747,2023-12-16,Northern,Cassava,3.52,0.0,1.32,30.3,130,0.0
13748,2023-12-16,Northern,Cocoa,0.63,0.0,10.97,30.4,85,0.0
13749,2023-12-16,Western,Maize,3.98,2098.53,2.93,33.8,285,6148.692900000001
13750,2023-12-16,Western,Cassava,4.06,0.0,1.04,31.7,207,0.0
13751,2023-12-16,Western,Cocoa,7.46,247.59,14.55,32.2,175,3602.4345000000003
13752,2023-12-16,Eastern,Maize,0.0,1536.46,2.34,29.3,458,3595.3163999999997
13753,2023-12-16,Eastern,Cassava,5.31,0.0,1.07,25.2,96,0.0
13754,2023-12-16,Eastern,Cocoa,2.58,231.44,13.85,25.8,399,3205.444
13755,2023-12-17,Greater Accra,Maize,11.73,2001.01,2.7,26.5,166,5402.727000000001
13756,2023-12-17,Greater Accra,Cassava,4.99,6435.31,1.11,25.2,445,7143.1941000000015
13757,2023-12-17,Greater Accra,Cocoa,0.21,0.0,13.76,28.7,114,0.0
13758,2023-12-17,Ashanti,Maize,1.01,0.0,2.39,27.7,428,0.0
13759,2023-12-17,Ashanti,Cassava,3.49,9723.18,1.12,30.2,271,10889.9616
13760,2023-12-17,Northern,Maize,4.05,0.0,2.98,25.2,439,0.0
13761,2023-12-17,Northern,Cassava,7.87,6113.89,1.18,26.3,130,7214.3902
13762,2023-12-17,Northern,Cocoa,7.5,300.51,14.87,29.6,341,4468.583699999999
13763,2023-12-17,Western,Maize,2.46,0.0,2.7,33.9,148,0.0
13764,2023-12-17,Western,Cocoa,11.54,0.0,13.58,28.7,411,0.0
13765,2023-12-17,Eastern,Maize,3.99,0.0,2.56,28.4,258,0.0
13766,2023-12-17,Eastern,Cocoa,10.94,0.0,11.36,25.0,192,0.0
13767,2023-12-18,Greater Accra,Maize,0.0,0.0,2.58,32.4,333,0.0
13768,2023-12-18,Greater Accra,Cassava,6.42,8154.14,1.37,25.6,167,11171.171800000002
13769,2023-12-18,Greater Accra,Cocoa,2.56,0.0,14.84,28.3,52,0.0
13770,2023-12-18,Ashanti,Maize,1.13,0.0,2.48,30.2,229,0.0
13771,2023-12-18,Ashanti,Cassava,0.0,0.0,1.13,24.1,137,0.0
13772,2023-12-18,Northern,Maize,0.0,1240.72,3.01,34.0,235,3734.5672
13773,2023-12-18,Northern,Cassava,2.7,6227.74,1.45,28.0,126,9030.223
13774,2023-12-18,Northern,Cocoa,3.67,0.0,13.76,24.4,415,0.0
13775,2023-12-18,Western,Maize,14.02,1777.62,2.31,31.5,338,4106.3022
13776,2023-12-18,Western,Cassava,11.39,0.0,1.16,24.6,286,0.0
13777,2023-12-18,Western,Cocoa,7.1,0.0,12.63,30.3,240,0.0
13778,2023-12-18,Eastern,Maize,8.88,0.0,2.18,29.9,485,0.0
13779,2023-12-18,Eastern,Cassava,6.78,0.0,1.03,30.1,266,0.0
13780,2023-12-19,Greater Accra,Maize,3.47,1561.6,3.02,24.9,454,4716.032
13781,2023-12-19,Greater Accra,Cassava,0.0,0.0,1.35,24.2,228,0.0
13782,2023-12-19,Greater Accra,Cocoa,4.17,0.0,11.73,25.1,297,0.0
13783,2023-12-19,Ashanti,Cassava,9.14,8482.35,1.3,26.7,379,11027.055
13784,2023-12-19,Ashanti,Cocoa,2.23,0.0,12.17,25.7,121,0.0
13785,2023-12-19,Northern,Maize,0.0,0.0,0.0,24.3,381,0.0
13786,2023-12-19,Northern,Cassava,1.89,0.0,1.37,33.3,142,0.0
13787,2023-12-19,Northern,Cocoa,0.0,0.0,11.82,25.7,126,0.0
13788,2023-12-19,Western,Maize,2.73,0.0,3.1,25.8,147,0.0
13789,2023-12-19,Western,Cassava,1.33,0.0,1.44,31.8,111,0.0
13790,2023-12-19,Western,Cocoa,1.72,0.0,15.23,29.0,230,0.0
13791,2023-12-19,Eastern,Maize,6.56,0.0,2.85,32.4,392,0.0
13792,2023-12-19,Eastern,Cassava,9.92,12120.7,1.2,30.7,103,14544.84
13793,2023-12-19,Eastern,Cocoa,3.02,0.0,10.98,27.5,199,0.0
13794,2023-12-20,Greater Accra,Maize,3.84,0.0,2.56,32.3,263,0.0
13795,2023-12-20,Greater Accra,Cassava,3.39,7006.71,1.1,28.4,334,7707.381
13796,2023-12-20,Greater Accra,Cocoa,4.65,0.0,10.86,24.8,139,0.0
13797,2023-12-20,Ashanti,Maize,5.27,0.0,2.49,30.5,298,0.0
13798,2023-12-20,Ashanti,Cassava,0.7,0.0,1.44,32.2,183,0.0
13799,2023-12-20,Ashanti,Cocoa,6.38,0.0,12.51,31.3,443,0.0
13800,2023-12-20,Northern,Maize,3.4,0.0,2.74,24.5,403,0.0
13801,2023-12-20,Northern,Cassava,8.04,7967.05,1.15,24.8,65,9162.1075
13802,2023-12-20,Northern,Cocoa,4.97,277.84,15.03,25.1,276,4175.9352
13803,2023-12-20,Western,Maize,1.86,0.0,2.29,29.2,226,0.0
13804,2023-12-20,Western,Cassava,0.0,6067.35,1.11,25.3,200,6734.758500000001
13805,2023-12-20,Western,Cocoa,2.65,291.39,11.84,25.9,333,3450.0575999999996
13806,2023-12-20,Eastern,Maize,4.75,1418.66,2.11,26.6,274,2993.3726
13807,2023-12-20,Eastern,Cassava,12.02,7546.39,1.29,33.8,467,9734.8431
13808,2023-12-20,Eastern,Cocoa,3.07,0.0,12.73,27.4,451,0.0
13809,2023-12-21,Greater Accra,Maize,8.08,0.0,2.65,25.3,54,0.0
13810,2023-12-21,Greater Accra,Cassava,0.0,0.0,1.07,29.0,152,0.0
13811,2023-12-21,Greater Accra,Cocoa,5.32,0.0,15.38,28.3,158,0.0
13812,2023-12-21,Ashanti,Maize,7.02,0.0,3.08,32.1,97,0.0
13813,2023-12-21,Ashanti,Cassava,10.3,0.0,1.37,24.1,172,0.0
13814,2023-12-21,Ashanti,Cocoa,0.7,0.0,12.09,29.3,483,0.0
13815,2023-12-21,Northern,Maize,2.57,0.0,2.76,27.5,303,0.0
13816,2023-12-21,Northern,Cassava,0.0,0.0,0.0,25.9,496,0.0
13817,2023-12-21,Northern,Cocoa,8.54,0.0,14.25,29.4,135,0.0
13818,2023-12-21,Western,Maize,5.85,0.0,2.95,24.5,408,0.0
13819,2023-12-21,Western,Cassava,6.71,0.0,1.18,24.4,416,0.0
13820,2023-12-21,Eastern,Maize,3.89,1256.49,2.42,33.9,474,3040.7057999999997
13821,2023-12-21,Eastern,Cassava,6.09,0.0,1.34,24.6,470,0.0
13822,2023-12-21,Eastern,Cocoa,0.0,0.0,10.61,31.4,55,0.0
13823,2023-12-22,Greater Accra,Maize,5.49,0.0,2.41,31.3,249,0.0
13824,2023-12-22,Ashanti,Maize,1.96,0.0,2.94,25.1,76,0.0
13825,2023-12-22,Ashanti,Cassava,8.57,0.0,1.17,25.2,353,0.0
13826,2023-12-22,Ashanti,Cocoa,5.74,0.0,12.76,33.0,307,0.0
13827,2023-12-22,Northern,Maize,5.48,0.0,2.43,25.2,192,0.0
13828,2023-12-22,Northern,Cassava,4.49,5840.94,1.35,33.4,152,7885.269
13829,2023-12-22,Northern,Cocoa,8.34,0.0,15.44,26.2,467,0.0
13830,2023-12-22,Western,Maize,8.06,1947.21,2.61,25.9,259,5082.2181
13831,2023-12-22,Western,Cassava,0.87,8243.95,0.0,33.1,479,0.0
13832,2023-12-22,Western,Cocoa,11.94,0.0,14.94,33.5,389,0.0
13833,2023-12-22,Eastern,Maize,1.44,0.0,2.24,32.5,129,0.0
13834,2023-12-22,Eastern,Cassava,9.28,10903.74,1.41,29.2,83,15374.273399999998
13835,2023-12-22,Eastern,Cocoa,2.97,0.0,12.83,28.2,496,0.0
13836,2023-12-23,Greater Accra,Maize,0.31,924.39,2.32,28.7,464,2144.5847999999996
13837,2023-12-23,Greater Accra,Cassava,6.18,0.0,1.45,31.3,396,0.0
13838,2023-12-23,Greater Accra,Cocoa,0.0,0.0,12.59,26.7,81,0.0
13839,2023-12-23,Ashanti,Maize,5.81,0.0,2.3,30.0,160,0.0
13840,2023-12-23,Ashanti,Cassava,5.78,0.0,1.4,28.5,185,0.0
13841,2023-12-23,Ashanti,Cocoa,6.72,0.0,0.0,33.4,140,0.0
13842,2023-12-23,Northern,Maize,1.93,0.0,2.33,24.9,181,0.0
13843,2023-12-23,Northern,Cassava,8.46,0.0,1.39,26.3,51,0.0
13844,2023-12-23,Northern,Cocoa,4.26,0.0,15.3,30.9,360,0.0
13845,2023-12-23,Western,Maize,3.1,0.0,2.63,25.4,120,0.0
13846,2023-12-23,Western,Cassava,14.04,0.0,1.16,29.8,384,0.0
13847,2023-12-23,Eastern,Cassava,7.57,0.0,1.05,28.0,442,0.0
13848,2023-12-23,Eastern,Cocoa,2.86,0.0,15.11,30.7,328,0.0
13849,2023-12-24,Greater Accra,Maize,0.78,0.0,2.12,25.9,67,0.0
13850,2023-12-24,Greater Accra,Cassava,6.15,0.0,1.07,27.5,477,0.0
13851,2023-12-24,Greater Accra,Cocoa,0.0,245.64,12.18,27.4,460,2991.8952
13852,2023-12-24,Ashanti,Cocoa,6.53,0.0,13.47,26.4,390,0.0
13853,2023-12-24,Northern,Maize,0.73,0.0,2.74,30.8,388,0.0
13854,2023-12-24,Northern,Cassava,0.2,0.0,1.48,27.1,215,0.0
13855,2023-12-24,Northern,Cocoa,2.31,0.0,13.62,33.2,86,0.0
13856,2023-12-24,Western,Maize,3.87,0.0,2.14,32.7,145,0.0
13857,2023-12-24,Western,Cassava,8.54,0.0,1.22,28.8,334,0.0
13858,2023-12-24,Western,Cocoa,0.0,0.0,11.21,30.5,116,0.0
13859,2023-12-24,Eastern,Maize,6.72,0.0,2.17,24.6,417,0.0
13860,2023-12-24,Eastern,Cocoa,0.0,278.25,13.37,29.3,409,3720.2025
13861,2023-12-25,Greater Accra,Maize,6.68,1735.65,2.4,27.0,71,4165.56
13862,2023-12-25,Greater Accra,Cassava,1.42,0.0,1.42,33.9,477,0.0
13863,2023-12-25,Greater Accra,Cocoa,0.0,0.0,15.3,24.1,218,0.0
13864,2023-12-25,Ashanti,Maize,9.23,0.0,2.73,32.6,202,0.0
13865,2023-12-25,Ashanti,Cassava,1.64,0.0,1.13,25.8,111,0.0
13866,2023-12-25,Ashanti,Cocoa,7.93,358.26,0.0,25.1,440,0.0
13867,2023-12-25,Northern,Maize,2.02,1236.5,2.38,26.5,63,2942.87
13868,2023-12-25,Northern,Cassava,2.62,0.0,1.48,33.8,202,0.0
13869,2023-12-25,Northern,Cocoa,2.25,0.0,14.83,26.5,249,0.0
13870,2023-12-25,Western,Maize,8.74,0.0,3.02,26.3,439,0.0
13871,2023-12-25,Western,Cocoa,5.67,0.0,11.54,24.8,216,0.0
13872,2023-12-25,Eastern,Maize,0.13,0.0,2.36,26.6,175,0.0
13873,2023-12-25,Eastern,Cassava,2.02,0.0,1.04,33.6,273,0.0
13874,2023-12-25,Eastern,Cocoa,5.31,282.86,14.55,27.7,104,4115.613
13875,2023-12-26,Greater Accra,Maize,0.0,0.0,2.65,32.1,245,0.0
13876,2023-12-26,Greater Accra,Cassava,1.95,0.0,1.46,28.7,284,0.0
13877,2023-12-26,Greater Accra,Cocoa,3.26,0.0,14.71,28.0,181,0.0
13878,2023-12-26,Ashanti,Maize,2.91,0.0,2.41,29.8,338,0.0
13879,2023-12-26,Ashanti,Cassava,7.12,0.0,1.39,25.1,164,0.0
13880,2023-12-26,Northern,Maize,3.45,0.0,2.36,31.2,188,0.0
13881,2023-12-26,Northern,Cassava,7.51,6106.62,1.38,29.3,361,8427.1356
13882,2023-12-26,Western,Maize,10.75,0.0,2.94,26.7,415,0.0
13883,2023-12-26,Western,Cassava,4.6,0.0,1.21,25.3,162,0.0
13884,2023-12-26,Western,Cocoa,3.57,313.28,12.41,31.3,123,3887.8048
13885,2023-12-26,Eastern,Maize,0.0,1136.74,2.47,31.1,237,2807.7478
13886,2023-12-26,Eastern,Cassava,4.84,9776.71,1.05,31.4,278,10265.5455
13887,2023-12-26,Eastern,Cocoa,0.0,0.0,11.97,29.2,453,0.0
13888,2023-12-27,Greater Accra,Maize,8.29,0.0,2.28,28.1,160,0.0
13889,2023-12-27,Greater Accra,Cassava,0.0,0.0,1.14,31.3,91,0.0
13890,2023-12-27,Greater Accra,Cocoa,8.11,0.0,14.3,29.5,77,0.0
13891,2023-12-27,Ashanti,Maize,9.08,1848.73,3.03,29.7,499,5601.6519
13892,2023-12-27,Ashanti,Cassava,13.37,0.0,1.06,27.5,441,0.0
13893,2023-12-27,Ashanti,Cocoa,4.06,0.0,15.19,32.4,475,0.0
13894,2023-12-27,Northern,Maize,2.16,0.0,2.61,24.4,135,0.0
13895,2023-12-27,Northern,Cassava,0.0,0.0,1.33,30.8,307,0.0
13896,2023-12-27,Western,Maize,6.56,1442.3,2.82,28.4,250,4067.2859999999996
13897,2023-12-27,Western,Cassava,14.6,0.0,1.09,24.9,451,0.0
13898,2023-12-27,Western,Cocoa,4.86,381.58,12.23,28.9,412,4666.7234
13899,2023-12-27,Eastern,Maize,1.35,0.0,2.65,26.3,169,0.0
13900,2023-12-27,Eastern,Cassava,1.25,0.0,1.08,28.3,324,0.0
13901,2023-12-27,Eastern,Cocoa,8.49,0.0,14.07,25.7,70,0.0
13902,2023-12-28,Greater Accra,Maize,4.45,1518.4,2.74,31.2,149,4160.416
13903,2023-12-28,Greater Accra,Cassava,0.0,0.0,1.08,29.9,394,0.0
13904,2023-12-28,Ashanti,Maize,3.64,0.0,2.63,27.5,161,0.0
13905,2023-12-28,Ashanti,Cassava,2.09,6801.2,1.35,33.7,146,9181.62
13906,2023-12-28,Ashanti,Cocoa,0.0,0.0,11.85,25.7,193,0.0
13907,2023-12-28,Northern,Maize,1.57,0.0,2.24,27.0,113,0.0
13908,2023-12-28,Northern,Cassava,0.0,0.0,1.24,30.5,463,0.0
13909,2023-12-28,Northern,Cocoa,0.0,0.0,0.0,24.2,411,0.0
13910,2023-12-28,Western,Maize,6.97,1919.27,3.08,32.7,185,5911.3516
13911,2023-12-28,Western,Cassava,10.77,0.0,1.44,30.3,229,0.0
13912,2023-12-28,Western,Cocoa,3.84,0.0,15.18,27.0,398,0.0
13913,2023-12-28,Eastern,Maize,0.0,1180.03,3.03,25.1,490,3575.4909
13914,2023-12-28,Eastern,Cassava,0.35,0.0,1.35,25.2,318,0.0
13915,2023-12-28,Eastern,Cocoa,2.54,221.07,13.91,28.4,317,3075.0837
13916,2023-12-29,Greater Accra,Maize,1.48,0.0,0.0,32.9,104,0.0
13917,2023-12-29,Greater Accra,Cassava,0.71,0.0,1.1,28.4,55,0.0
13918,2023-12-29,Greater Accra,Cocoa,0.0,0.0,11.24,27.1,300,0.0
13919,2023-12-29,Ashanti,Cassava,0.0,0.0,1.18,28.5,168,0.0
13920,2023-12-29,Ashanti,Cocoa,6.37,0.0,11.94,28.3,223,0.0
13921,2023-12-29,Northern,Maize,6.84,0.0,2.83,25.2,310,0.0
13922,2023-12-29,Northern,Cassava,3.5,0.0,1.16,25.5,126,0.0
13923,2023-12-29,Western,Cassava,17.19,0.0,1.03,27.2,366,0.0
13924,2023-12-29,Western,Cocoa,8.45,404.5,10.64,24.6,145,4303.88
13925,2023-12-29,Eastern,Maize,8.93,0.0,2.48,32.6,445,0.0
13926,2023-12-29,Eastern,Cassava,1.18,0.0,1.4,33.6,308,0.0
13927,2023-12-29,Eastern,Cocoa,5.55,0.0,13.07,32.3,492,0.0
13928,2023-12-30,Greater Accra,Maize,4.59,0.0,2.19,24.0,79,0.0
13929,2023-12-30,Greater Accra,Cassava,3.43,7263.96,1.39,32.4,218,10096.9044
13930,2023-12-30,Ashanti,Cassava,2.85,9696.2,1.47,32.6,443,14253.414
13931,2023-12-30,Ashanti,Cocoa,8.91,0.0,11.03,32.9,498,0.0
13932,2023-12-30,Northern,Maize,5.46,0.0,2.32,32.6,149,0.0
13933,2023-12-30,Northern,Cassava,0.79,0.0,1.12,25.9,333,0.0
13934,2023-12-30,Northern,Cocoa,12.03,0.0,12.04,31.1,353,0.0
13935,2023-12-30,Western,Maize,2.3,0.0,3.09,27.9,181,0.0
13936,2023-12-30,Western,Cassava,6.31,0.0,1.16,27.4,420,0.0
13937,2023-12-30,Western,Cocoa,9.38,0.0,13.42,24.0,53,0.0
13938,2023-12-30,Eastern,Maize,13.06,0.0,2.78,33.0,186,0.0
13939,2023-12-30,Eastern,Cassava,3.57,0.0,1.02,29.5,77,0.0
13940,2023-12-30,Eastern,Cocoa,0.0,0.0,14.33,31.8,107,0.0
13941,2023-12-31,Greater Accra,Maize,8.07,0.0,2.43,30.9,94,0.0
13942,2023-12-31,Greater Accra,Cassava,1.72,0.0,1.16,32.0,252,0.0
13943,2023-12-31,Greater Accra,Cocoa,6.31,0.0,10.55,28.3,339,0.0
13944,2023-12-31,Ashanti,Maize,0.0,1712.52,2.84,29.5,453,4863.556799999999
13945,2023-12-31,Ashanti,Cassava,13.96,0.0,1.23,28.4,117,0.0
13946,2023-12-31,Ashanti,Cocoa,0.72,0.0,14.55,31.4,336,0.0
13947,2023-12-31,Northern,Maize,3.12,0.0,2.91,26.2,86,0.0
13948,2023-12-31,Northern,Cassava,1.72,0.0,1.14,27.3,329,0.0
13949,2023-12-31,Northern,Cocoa,0.29,0.0,14.8,28.3,425,0.0
13950,2023-12-31,Western,Maize,5.03,0.0,2.95,30.0,212,0.0
13951,2023-12-31,Western,Cassava,3.02,9608.61,1.37,26.0,297,13163.795700000002
13952,2023-12-31,Western,Cocoa,8.38,0.0,14.34,31.8,174,0.0
13953,2023-12-31,Eastern,Maize,1.25,0.0,2.16,28.0,170,0.0
13954,2023-12-31,Eastern,Cassava,0.32,6288.0,1.33,26.0,423,8363.04
13955,2023-12-31,Eastern,Cocoa,4.24,0.0,14.7,30.9,152,0.0
